Название фильма,Hаименование на иностранном языке,tmdb_title,original_title,tmdb_id,year,country,genre,director,rating_tmdb,Вид Фильма,итоговая_длительность
 V Альманах художественных фильмов МЕКФ 2025 (Вся жизнь впереди; Исчезающий солдат; Эли Визель: Душа в Огне),,,,,,,,,, Художественный,280.0
 КЛЫК 2: ГОРОД ВОЛКОВ,MUZZLE: CITY OF WOLVES,Клык 2: Город волков,Muzzle: City of Wolves,1439112,2025,United States of America,"боевик, триллер, детектив",Джон Сталберг,6.638, Художественный,93.0
#Неизвестные герои,,Белгісіз батырлар,Белгісіз батырлар,1266084,2023,Kazakhstan,драма,Мерей Маханов,0.0,Документальный,64.0
(Не) искусственный интеллект,,(Не)искусственный интеллект,(Не)искусственный интеллект,1416699,2025,Russia,"приключения, комедия, семейный, фантастика",Алексей Чадов,7.5, Художественный,97.0
(Не)Бывшие,Out of Season,Out of Season,Out of Season,135126,1975,United Kingdom,"мелодрама, драма",Alan Bridges,5.538, Художественный,108.0
(Не)идеальные мужчины,Uomini da marciapiede,(Не)идеальные мужчины,Uomini da marciapiede,693342,2023,Italy,комедия,Francesco Albanese,6.1, Художественный,86.0
(Не)идеальные роботы,Robots,Роботы,Robots,9928,2005,United States of America,"мультфильм, комедия, семейный, фантастика",Крис Уэдж,6.485, Художественный,93.0
1/8 Земли: Визионеры России,,,,,,,,,,Научно-популярный,67.0
10 дней без мамы в Куршевеле,How To Survive Without Mum,10 дней без мамы в Куршевеле,10 jours encore sans maman,898994,2023,France,"комедия, семейный",Ludovic Bernard,5.337, Художественный,95.0
10 жизней,10 Lives,10 жизней,10 Lives,567811,2024,"Canada, United Kingdom, United States of America","мультфильм, комедия, семейный, фэнтези",Christopher Jenkins,7.6,Анимационный,87.0
100% тигр,The Lost Tiger,100% тигр,The Lost Tiger,1245562,2025,Australia,"приключения, мультфильм, комедия, семейный, фэнтези",Chantelle Murray,6.75,Анимационный,82.0
110,,110,110,1213773,2024,Russia,драма,Ilya Mikheev,3.7, Художественный,101.0
11:59,,11:59,11:59,28546,2005,United States of America,"детектив, триллер",Jamin Winans,5.375, Художественный,93.0
"13 ДНЕЙ, 13 НОЧЕЙ",13 JOURS 13 NUITS,"13 дней, 13 ночей","13 Jours, 13 Nuits",1254135,2025,"France, Belgium","военный, боевик, триллер",Martin Bourboulon,6.7, Художественный,111.0
13 изгнаний дьявола,13 Exorcisms,13 изгнаний дьявола,13 exorcismos,1026563,2022,Spain,"драма, ужасы",Jacobo Martínez,5.9, Художественный,104.0
13 пришествий дьявола,In The Fire,Огонь в небе,Fire in the Sky,15613,1993,United States of America,"фантастика, детектив, триллер, драма",Rob Lieberman,6.644, Художественный,87.0
13-я Клиническая. Начало (режиссерская версия),,,,,,,,,, Художественный,85.0
14+ Продолжение,,14+ Продолжение,14+ Продолжение,610338,2023,Russia,мелодрама,Андрей Зайцев,6.6, Художественный,133.0
1874: Рождение импрессионизма,"1874, The birth of impressionism","1874, la naissance de l'impressionnisme","1874, la naissance de l'impressionnisme",1264808,2024,France,"документальный, история","Julien Johan, Hugues Nancy",8.0, Художественный,95.0
1941. Крылья над Берлином,,1941. Крылья над Берлином,1941. Крылья над Берлином,895543,2022,Russia,"мелодрама, история",Konstantin Buslov,6.3, Художественный,100.0
1993,,1993,1993,1154332,2023,Russia,драма,Alexandr Veledinsky,5.0, Художественный,154.0
2+2,Doppia coppia,2+2,Doppia coppia,1193323,2023,Italy,комедия,Igor Biddau,0.0, Художественный,76.0
20/22,,20-22 OMEGA,20-22 OMEGA,562985,2018,Canada,"документальный, фантастика, документальный",Thierry Loa,0.0, Художественный,160.0
200% Волк,200% Wolf,200% Волк,200% Wolf,974663,2024,"Australia, France, Spain","мультфильм, приключения, фэнтези, семейный, боевик, комедия",Alexs Stadermann,6.537,Анимационный,94.0
2020,,엄마친구 2020,엄마친구 2020,713607,2020,South Korea,мелодрама,Kim Hwan,2.5, Художественный,108.0
2046,2046,2046,2046,844,2004,"Germany, Hong Kong, China, France, Italy","драма, фантастика, мелодрама",Вон Ка-Вай,7.2, Художественный,129.0
2050: ГОД БЕЗ МЯСА?,2050: A WORLD WITHOUT MEAT?,2050 - A World Without Meat?,2050 - A World Without Meat?,1051158,2022,,,,0.0,Научно-популярный,55.0
25 на чемоданах ,,,,,,,,,,Научно-популярный,75.0
26 Ияра. Молдавия,,,,,,,,,,Научно-популярный,65.0
28 дней ,NEGOTIATOR,Переговорщик,The Negotiator,9631,1998,"Germany, United States of America","боевик, криминал, драма, триллер",Ф. Гэри Грей,7.106, Художественный,109.0
30 ночей с бывшей,30 noches con mi ex,30 ночей с моей бывшей,30 noches con mi ex,882040,2022,Argentina,"комедия, мелодрама",Adrián Suar,5.279, Художественный,95.0
32,,Эпидемия: Вирус 32,Virus: 32,893370,2022,"Argentina, Uruguay, United States of America",ужасы,Gustavo Hernández,6.849,Научно-популярный,87.0
32 звука,32 Sounds,32 Sounds,32 Sounds,929310,2023,United States of America,документальный,Sam Green,6.0,Научно-популярный,95.0
35 страница,,35-я страница,35-я страница,1523426,2025,Russia,"драма, комедия",Филипп Ларс,10.0, Художественный,101.0
5 сантиметров в секунду,Byousoku 5 Centimeter,5 сантиметров в секунду,秒速5センチメートル,1359916,2025,Japan,"драма, мелодрама",奥山由之,7.9,Анимационный,63.0
55-ЫЙ ЭЛЕМЕНТ,"""CESIUM FALLOUT"" aka ""FAN SING""",,,,,,,,, Художественный,136.0
57 СЕКУНД,57 SECONDS,57 секунд,57 Seconds,937249,2023,"Czech Republic, United States of America","триллер, фантастика, боевик",Rusty Cundieff,6.134, Художественный,99.0
6+6=2,,6+6=2,6+6=2,1628653,2026,Russia,комедия,Александр Кисель,0.0, Художественный,93.0
"7 дней, 7 ночей",,"7 дней, 7 ночей","7 дней, 7 ночей",1214096,2024,Russia,комедия,Айк Кбеян,8.5, Художественный,98.0
70 лет России ЮНЕСКО,,,,,,,,,,Документальный,67.0
8 ДЕНЬ,,8 день,8 день,1034666,2022,,,Евгений Крылов,0.0,Документальный,105.0
8 мертвецов,8 Found Dead,8 мертвецов,8 Found Dead,1035705,2023,United States of America,"ужасы, триллер",Travis Greene,4.846, Художественный,83.0
80 ударов в минуту,,80 ударов в минуту,80 ударов в минуту,1545897,,Russia,"драма, мелодрама",Григорий Калинин,0.0, Художественный,93.0
823-й километр,,823-й километр,823-й километр,1256977,2024,Russia,драма,"Irek Khafizov, Амир Галиаскаров",0.0, Художественный,73.0
9 жизней,Nine Bullets,Девять жизней,9 Bullets,777831,2022,United States of America,"боевик, триллер",Gigi Gaston,5.257, Художественный,96.0
9 секунд,,9 секунд,9 секунд,1363141,2024,Russia,драма,Олег Штром,7.0, Художественный,91.0
90 футов от дома,90 Feet from Home,90 футов от дома,90 Feet from Home,640094,2019,United States of America,"криминал, триллер, драма",Brett Bentman,4.7, Художественный,126.0
999: Забытые девушки,999: The Forgotten Girls,999: The Forgotten Girls,999: The Forgotten Girls,1287413,2024,,документальный,"Beatriz Calleja, Heather Dune Macadam",7.5,Научно-популярный,87.0
A lumine motus / Меня приводит в движение свет,,Меня приводит в движение свет,Меня приводит в движение свет,1165146,2023,Russia,документальный,Svetlana Bychenko,0.0,Документальный,69.0
Aidan.doc (Айдан.док),,,,,,,,,,Документальный,105.0
BTOB. Будем Вместе!,"BTOB TIME: Be Together, the Movie",BTOB. Будем вместе!,비투비 타임 : 비투게더 더 무비,1135965,2023,South Korea,"музыка, документальный",Kim Jin-cheol,0.0,"Прочее (Учебный, Спектакль, …)",101.0
Best Erotic Shorts 3 (Бест Эротик Шортс 3),Best Erotic Shorts 3,,,,,,,,, Художественный,81.0
F20,,Ф20,F20,878023,2021,South Korea,"триллер, телевизионный фильм",Hong Eun-mi,3.5, Художественный,88.0
Fate/Grand Order - Священная земля Круглого стола: Камелот Paladin; Agateram,Fate/Grand Order The Movie Divine Realm of the Round Table: Camelot Paladin; Agateram,Судьба: Великий приказ. Камелот. Паладин,Fate/Grand Order -神聖円卓領域キャメロット-後編 Paladin; Agateram,637462,2021,Japan,"мультфильм, боевик, приключения, история, драма, фэнтези",Кадзуто Арай,6.225,Анимационный,96.0
Fate/Grand Order - Священная земля Круглого стола: Камелот Wandering; Agateram,Fate/Grand Order The Movie Divine Realm of the Round Table: Camelot Wandering; Agateram,Судьба/Великий приказ: Камелот — Странствие,Fate/Grand Order -神聖円卓領域キャメロット- 前編 Wandering; Agateram,637202,2020,Japan,"мультфильм, боевик, приключения, история, драма, фэнтези",Кэй Суэдзава,7.127,Анимационный,90.0
Generation П,,Generation П,Generation П,63375,2011,"Russia, United States of America","комедия, драма, фантастика",Виктор Гинзбург,6.4, Художественный,111.0
II Альманах художественных фильмов МЕКФ 2025 (фильмы: Город; Брат воспевает брата; Святость),,,,,,,,,, Художественный,190.0
III Альманах неигровых фильмов МЕКФ 2025 (фильмы: Мама-марафонец; Добро пожаловать в мир идиша; Чарльз Гродин: Бунтарь не без причины; Татуировка на всю жизнь),,,,,,,,,,Научно-популярный,297.0
"III Альманах художественных фильмов МЕКФ 2025 (фильмы: Польки, Собственность, Недвижимость) ",,,,,,,,,, Художественный,331.0
IV Альманах неигровых фильмов МЕКФ 2025 (Между своими; Лилиана; Последние евреи Гуантанамо; Взяв на себя; Колливиль),,,,,,,,,,Научно-популярный,319.0
IV Альманах художественных фильмов МЕКФ 2025 (Страстная неделя; Жизнь как сказка; От сумы до тюрьмы),,,,,,,,,, Художественный,316.0
Italian Best Shorts 7: Быть женщиной (Лучшие итальянские короткометражки – 7: Быть женщиной),,,,,,,,,, Художественный,76.0
Italian Best Shorts 8: Искусство быть вместе (Сборник лучших итальянских короткометражек – 8: Искусство быть вместе),,,,,,,,,, Художественный,98.0
Italian Best Shorts 9: Крутые повороты (Сборник лучших итальянских короткометражек - 9: Крутые повороты).,,,,,,,,,, Художественный,85.0
MONEYпуляторы,,,,,,,,,,Документальный,117.0
MONEYпуляторы. От звонка до звонка,,,,,,,,,,Документальный,181.0
MY SHINEE WORLD / Мой мир SHINee,My SHINee World,마이 샤이니 월드,마이 샤이니 월드,1148154,2023,South Korea,"музыка, документальный",Lee Hu-bin,7.5,"Прочее (Учебный, Спектакль, …)",112.0
Metallica: Сквозь невозможное,Metallica Through the Never,Metallica: Сквозь невозможное,Metallica: Through the Never,193613,2013,United States of America,музыка,Нимрод Антал,6.78, Художественный,92.0
ON и Она,,ON и Она,ON и Она,1285972,2025,Russia,"фантастика, мелодрама",Евгений Корчагин,7.0, Художественный,91.0
ON и Она (фестивальная версия),,,,,,,,,, Художественный,91.0
P.S. Верю в любовь,Surprised by Oxford,P.S. Верю в любовь,Surprised by Oxford,988452,2023,"United Kingdom, United States of America","мелодрама, драма",Райан Уитакер,6.141, Художественный,102.0
Revival 69: Возвращение легенды,Revival 69: The Concert That Rocked The World,Revival 69: Возвращение легенды,Revival69: The Concert That Rocked the World,860355,2023,"Canada, France","документальный, музыка",Ron Chapman,7.4,Документальный,98.0
Russian Best Shorts. Коротко о нас,,,,,,,,,, Художественный,94.0
S.O.S.: Остаться в живых,S.O.S. Survive or Sacrifice ,S.O.S.: Остаться в живых,S.O.S. Survive or Sacrifice,758545,2020,United States of America,"приключения, триллер",Roman Doronin,5.3, Художественный,86.0
Speed Star (Спид Стар),,,,,,,,,, Художественный,92.0
Supreme: Бунтарский рэп,Suprêmes,Supreme: Бунтарский рэп,Suprêmes,807867,2021,France,"музыка, драма",Audrey Estrougo,6.5, Художественный,112.0
The Beatles Get Back: Концерт на крыше,The Beatles: Get Back - The Rooftop Concert,The Beatles: Get Back — Концерт на крыше,The Beatles: Get Back - The Rooftop Concert,923403,2022,"New Zealand, United Kingdom","музыка, документальный",Питер Джексон,8.023,"Прочее (Учебный, Спектакль, …)",64.0
VНУК,,Vнук,Vнук,980626,2022,Russia,"драма, приключения, военный",Тимур Гарафутдинов,0.0, Художественный,79.0
Z ПРАВИЛА ЖИЗНИ В ЧЕЛОВЕЙНИКЕ ЗИНОВЬЕВ,,,,,,,,,,Документальный,78.0
Zillion. Клуб твоих грез,Zillion,Zillion.Клуб твоих грёз,Zillion,678870,2022,"Belgium, Netherlands","драма, криминал, триллер",Robin Pront,6.944, Художественный,138.0
[AMATORY]: остановить время,[AMATORY]: stop time,[Amatory]: Остановить время,[Amatory]: Остановить время,1455917,2025,Russia,"документальный, музыка","Алексей Киселёв, Максим Полтавченко",0.0,Научно-популярный,123.0
«Астроскоп. Смотрим на звезды» (Astroscope. Смотрим на звезды),Astroscope,Астроскоп: Смотрим на звёзды,스타게이저: 아스트로스코프,1032545,2022,South Korea,"музыка, документальный",Doha,10.0,"Прочее (Учебный, Спектакль, …)",119.0
"«Ах, зачем эта ночь..»",,"Ах, зачем эта ночь...","Ах, зачем эта ночь...",1143705,1997,"Russia, United States of America",драма,Борис Бланк,7.0, Художественный,98.0
"«Боевой киносборник № 12», новеллы: «Ванька», «Сын бойца»",,,,,,,,,, Художественный,59.0
"«Боевой киносборник № 2», новеллы: «Встреча», «Один из многих», «У старой няни», «Сто за одного», «Случай на телеграфе»",,,,,,,,,, Художественный,54.0
"«Боевой киносборник № 9», новелла «Маяк»",,,,,,,,,, Художественный,65.0
"«Волшебная кухня» (серии: «Фруктовый террин», «Клейнюр», «Сыр», «Знакомство», «Картофельное пюре», «Блинный торт», «Коврижка», «Овощные вафли», «Чай», «Мятная панна-кота», «Масло», «Паприкаш», «Ржаные лепешки», «Снежный десерт»)",,,,,,,,,,Анимационный,77.0
«Говорит Земля!» (фестивальная версия),,,,,,,,,, Художественный,114.0
"«За пределами» (серии: «Над водой», «Семьдесят первый», «Оставить след», «Снежные псы»)",,,,,,,,,,Научно-популярный,293.0
«Камбэк». Серии 01-07,,,,,,,,,, Художественный,314.0
"«Команда МАТЧ» (серии: «Свой путь», «Настоящий капитан», «Среди друзей», «Феномен рюкзака», «Гармония», «Музыкальная дорожка», «Зона ответственности», «Акробат», «Страйк», «Пикник», «Открытый урок», «Новый финт», «Выходной день», «Горячие новости» и др.",,,,,,,,,,Анимационный,155.0
«Мини-мишки» (серии 27-39),,,,,,,,,,Анимационный,72.0
"«Ник-изобретатель» (серии: «Робонавты», «Вечный двигатель», «Симметрия», «Лучше других», «Робот Леонардо», «Сердце для робота», «Генератор правильных решений», «Анти-Плато», «Подарок мечты», «День робо-веселья», «Утилизируй это!» и др.)",,,,,,,,,,Анимационный,79.0
«Первый номер» 1 и 2 серия,,,,,,,,,, Художественный,82.0
«Подслушано в Рыбинске» (Серии 1-2),,,,,,,,,, Художественный,92.0
«Противостояние» 1 серия,,,,,,,,,, Художественный,56.0
"«Тикабо» (серии: «Самое мягкое», «Единороги», «Машинки», «Круглое», «Паровозная коллекция», «Бумажное», «Шляпки», «Погудим!», «Музыкальные инструменты», «Зеленое», «Космос», «Динозавры», «Художники», «Деревянное», «Утренняя зарядка», «Веселый обед» и др.",,,,,,,,,,Анимационный,125.0
"«Тикабо» (серии: «Тикабо», «Зимние игры», «Звезда», «Порядочек», «Цветы», «Гигиена», «Синее», «Питомцы», «Театр», «Летучее», «Лето», «Квадратное», «Роботы», «Дождь», «Лес», «Цифры», «Доктора», «Рыцари», «Дружба», «Весёлая коллекция», «Попрыгунчики»)",,,,,,,,,,Анимационный,105.0
"«Умка» (серии: «Новогодний дождик», «Волчья ягода», «Голодное облако», «Снежные цветы», «Новый Умка», «Арктический мед», «Ледяной дождь», «Большая паутина», «Хранитель воспоминаний», «Зимние состязания», «Круглый друг», «Вестник бури», «Ходячий лес» и др.",,,,,,,,,,Анимационный,186.0
"«Черепашки» (серии: «На роликах», «Древние черепахи», «Юный барабанщик», «Ретро фестиваль», «Кто этот музыкант?», «Без спросу», «Общая игра», «Донни блогер», «Доктор», «Помириться», «Вместе веселее», «Притворщик», «Любимая каша», «Прятки»)",,,,,,,,,,Анимационный,77.0
«Эль Русо» 1 и 2 серии,,,,,,,,,, Художественный,77.0
Ёлки 10,,Ёлки 10,Ёлки 10,1174732,2023,Russia,комедия,"Александра Лупашко, Сергей Наумов",4.0, Художественный,90.0
Ёлки 11,,Ёлки 11,Ёлки 11,1372336,2024,Russia,комедия,"Александр Карпиловский, Александр Котт, Сергей Трофимов, Егор Чичканов, Юрий Коробейников",4.4, Художественный,96.0
Ёлки 12,,Ёлки 12,Ёлки 12,1419300,2025,Russia,"комедия, приключения","Ольга Долматовская, Андрей Силкин, Борис Дергачёв, Юрий Коробейников",2.3, Художественный,85.0
Ёлки-иголки,,Ёлки-иголки,Ёлки-иголки,1060031,2022,Russia,"комедия, приключения",Александра Баршак,6.0, Художественный,103.0
АВГУСТ,August: Osage County,Август,August: Osage County,152737,2013,United States of America,"комедия, драма",Джон Уэллс,6.86, Художественный,121.0
АГЕНТ НА УИКЕНД,Weekend in Taipei,Агент на уикенд,Weekend in Taipei,1167271,2024,"France, United States of America","боевик, приключения, триллер",George Huang,6.372, Художественный,100.0
АГЕНТСТВО АНТИТРОЛЛЬ,,Агентство «Антитролль»,Агентство «Антитролль»,1562271,2024,Russia,драма,Yelizaveta Trusevich,0.0, Художественный,93.0
АКИРА (дубляж Реанимедия),AKIRA,Акира,AKIRA,149,1988,Japan,"мультфильм, фантастика, боевик",Кацухиро Отомо,7.944,Анимационный,124.0
АКИРА (дубляж Студийная Банда),AKIRA,Акира,AKIRA,149,1988,Japan,"мультфильм, фантастика, боевик",Кацухиро Отомо,7.944,Анимационный,124.0
АКИРА (субтитровая версия),AKIRA,Акира,AKIRA,149,1988,Japan,"мультфильм, фантастика, боевик",Кацухиро Отомо,7.944,Анимационный,124.0
АЛЕКСАНДРА. Авторская редакция 2023 года,,,,,,,,,, Художественный,92.0
АЛЛЕНСВОРТ,ALLENSWORTH,Allensworth,Allensworth,1017387,2022,United States of America,документальный,James Benning,8.0,"Прочее (Учебный, Спектакль, …)",65.0
"АНГЕЛ МОЙ, БУДЬ СО МНОЙ",,,,,,,,,,Документальный,99.0
АНГЕЛЫ-ХРАНИТЕЛИ,,Наблюдатели,Watchers,33172,1988,"Canada, United States of America","ужасы, фантастика, триллер",Jon Hess,5.39,Документальный,65.0
АНОКСТЕРОН,,,,,,,,,, Художественный,108.0
АРТЕК. Сквозь Столетия,,Артек. Сквозь столетия,Артек. Сквозь столетия,1218377,2025,Russia,"приключения, фэнтези, семейный","Армен Ананикян, Карен Захаров",6.5, Художественный,110.0
АФЕРА МАСЛОМ,THE FRENCH JOB(aka REGLES DE L'ART(LES)),Афера маслом,Les Règles de l'art,1208695,2025,France,"драма, комедия, криминал",Dominique Baumard,5.9, Художественный,94.0
АФРИКА,,Африка,Африка,697299,2017,Russia,драма,Anastasiya Shakhvatova,0.0, Художественный,54.0
Абааhы (Племя падших),,Племя падших,Абааhы,1420372,2025,Russia,детектив,Эр Санаа Ох-хотор,0.0, Художественный,52.0
Абаасылаах хаус (Дом с привидением),,,,,,,,,, Художественный,70.0
Абонемент на расследование. Знакомые незнакомцы,,,,,,,,,, Художественный,178.0
Абсолютный хищник,The Bayou,Абсолютный хищник,The Bayou,1407861,2025,United Kingdom,"триллер, ужасы, боевик","Танели Мустонен, Брэд Уотсон",5.5, Художественный,87.0
Авантюристки,Burraco fatale,Авантюристки,Burraco fatale,705715,2020,"Italy, Morocco",комедия,Giuliana Gamba,3.7, Художественный,89.0
Авария,,Авария,The Crash,1662317,2026,United Kingdom,"документальный, криминал",Gareth Johnson,6.58, Художественный,96.0
Август,,Август. Восьмого,Август. Восьмого,96231,2012,Russia,"боевик, драма, фэнтези",Джаник Файзиев,6.0, Художественный,138.0
Август (финальная версия),,,,,,,,,, Художественный,157.0
Август. Восьмого,,Август. Восьмого,Август. Восьмого,96231,2012,Russia,"боевик, драма, фэнтези",Джаник Файзиев,6.0, Художественный,131.0
Авиатор,,Авиатор,The Aviator,2567,2004,"Germany, United States of America",драма,Мартин Скорсезе,7.215, Художественный,116.0
Авиатор,,Авиатор,The Aviator,2567,2004,"Germany, United States of America",драма,Мартин Скорсезе,7.215,Документальный,75.0
"Авось, Небось, да Как-Нибудь",,,,,,,,,, Художественный,94.0
Агент 044: Операция Гарни,,Գործակալ 044: Օպերացիա Գառնի,Գործակալ 044: Օպերացիա Գառնի,1202592,2023,Armenia,"комедия, приключения",Айк Кбеян,6.0, Художественный,102.0
Агент 9. Миссия: уничтожить,MR-9: Do or Die,Агент-9. Миссия: уничтожить,মাসুদ রানা: ধ্বংস পাহাড়,1016346,2023,"Bangladesh, United States of America","боевик, драма, триллер",Asif Akbar,6.4, Художественный,108.0
Агент Джи-Джи Бонд: Миссия Океан,,Агент Джи-Джи Бонд: Миссия Океан,GG Bond: Ocean Mission,1151863,2023,,,Zhong Yu,0.0,Анимационный,85.0
Агент времени. Глава Инду. Фильм,Link Click: Bridon Arc.The movie,,,,,,,,,Анимационный,102.0
Агент времени. Глава Инду. Фильм (субтитры),Link Click: Bridon Arc.The movie,,,,,,,,,Анимационный,102.0
Агния,,Агния,Агния,1253752,2025,Russia,драма,Pavla Stratulat,4.0, Художественный,97.0
Ад с принцессой,"Peklo s princeznou, Hell with Princess",Ад с принцессой,Peklo s princeznou,81701,2009,Czech Republic,"семейный, комедия",Miloslav Šmídmajer,5.5, Художественный,98.0
Ада,,Ада,Ада,772752,2024,Russia,драма,Станислав Светлов,6.0, Художественный,94.0
Адам и Ева,,Адам и Ева,Адам и Ева,1250567,2024,Russia,"комедия, мелодрама, фантастика",Илья Фарфель,5.5, Художественный,91.0
Адвокат дьявола,The Devil's Advocate,Адвокат дьявола,The Devil's Advocate,1813,1997,"Germany, United States of America","ужасы, драма, детектив",Taylor Hackford,7.471, Художественный,144.0
Адреналин,,Адреналин,Crank,1948,2006,United States of America,"боевик, триллер, криминал","Brian Taylor, Mark Neveldine",6.654, Художественный,116.0
Адская пасть Мохаве,TheOutwaters,Адская пасть Мохаве,The Outwaters,752867,2023,United States of America,"ужасы, фантастика, триллер",Robbie Banfitch,4.5, Художественный,110.0
Азбука,,Старая азбука,Старая азбука,783548,1987,Soviet Union,драма,Виктор Прохоров,4.5,Анимационный,128.0
Азбука вины,,,,,,,,,,Документальный,82.0
Азбука смерти,ABCs of Death,Азбука смерти,The ABCs of Death,87436,2013,"New Zealand, United States of America",ужасы,"Анджела Беттис, Hélène Cattet, Ernesto Díaz Espinoza, Jason Eisener, Bruno Forzani, Adrián García Bogliano, Xavier Gens, 井口昇, Thomas Cappelen Malling, Jorge Michel Grau, 西村喜廣, บรรจง ปิสัญธนะกูล, Simon Rumley, Марсель Сармьенто, Jon Schnepp, Srđan Spasojević, Тимо Тьяджанто, Andrew Traucki, Начо Вигалондо, Jake West, Тай Уэст, Ben Wheatley, Адам Вингард, 山口雄大, Lee Hardcastle, Kaare Andrews, Anders Morgenthaler",4.953, Художественный,129.0
Аида,,Аида,Аида,748047,2018,Macedonia,драма,Senad Abduli,0.0, Художественный,155.0
Ай да Пушкин!,,Ай да Пушкин!,Ай да Пушкин!,1464793,2025,Russia,мультфильм,Екатерина Гаврюшкина,0.0,Анимационный,59.0
Айта,,Айта,Айта,1052875,2023,Russia,драма,Степан Бурнашев,7.2, Художественный,86.0
Айтал уонна Аптаах Куус 2 (Айтал и Волшебная сила 2),,Айтал и Волшебная сила 2,Айтал уонна Аптаах Куус 2,1524496,2025,Russia,"фэнтези, мультфильм",Дарья Гольдерова,0.0,Анимационный,66.0
Айхал,,Айхал,Айхал,1548205,2025,Russia,"криминал, драма",Дьулусхан Андросов,0.0, Художественный,100.0
Академия Супергероев,The Hyperions,Академия супергероев,The Hyperions,568271,2022,United States of America,боевик,Jon McDonald,4.583, Художественный,90.0
Академия четвероногих,Gli addestratori,Академия четвероногих,Gli addestratori,1134789,2024,Italy,комедия,Andrea Jublin,6.409, Художественный,90.0
Аквариум,,Аквариум,Аквариум,772757,2024,Russia,драма,Ilya Shagalov,1.5, Художественный,93.0
Актриса,LIKE AN ACTRESS,Актриса,Comme une actrice,845084,2023,France,"драма, фэнтези",Sébastien Bailly,4.75, Художественный,96.0
Актёрище,,,,,,,,,, Художественный,74.0
Акула: Начало,Syakeu: Deo Bigining,Акула: Начало,샤크: 더 비기닝,801604,2021,South Korea,"боевик, драма",채여준,7.431, Художественный,108.0
Алания навсегда,,Алания навсегда,Алания навсегда,1679412,2022,Russia,документальный,Наталья Смирных,0.0,Документальный,87.0
Аларум,Alarum,Аларум,Alarum,1249289,2025,United States of America,"боевик, криминал, триллер",Michael Polish,5.632, Художественный,95.0
Алаш. Колесо судьбы,,,,,,,,,,Документальный,61.0
Алголь,Algol,Algol - Tragödie der Macht,Algol - Tragödie der Macht,175323,1920,Germany,"фантастика, драма",Hans Werckmeister,6.55, Художественный,87.0
Алдан,,Алдан,Алдан,1424966,2025,Russia,"драма, военный",Дмитрий Кольцов,0.0, Художественный,98.0
Александр 1,,,,,,,,,,Научно-популярный,101.0
Александр Невский,,Александр Невский,Александр Невский,10235,1938,Soviet Union,"драма, история, военный","Сергей Эйзенштейн, Дмитрий Васильев",7.0,Документальный,93.0
Алексей Балабанов. Послесловие,,Алексей Балабанов. Послесловие…,Алексей Балабанов. Послесловие…,1185986,2023,Russia,документальный,Konstantin Smilga,0.0,Документальный,74.0
Алексей Леонов. Заря. Кедр. Алмаз,,,,,,,,,,Научно-популярный,53.0
Алексей Леонов. Космос внутри,,,,,,,,,,Научно-популярный,75.0
Алексей Щусев. Архитектор трех эпох,,,,,,,,,,Документальный,58.0
Аленка,,Алёнка,Алёнка,132041,1962,Soviet Union,"комедия, драма, семейный",Борис Барнет,5.5, Художественный,89.0
Аленький цветочек,,Аленький цветочек,Аленький цветочек,14489,1978,Soviet Union,"семейный, фэнтези, телевизионный фильм",Ирина Поволоцкая,6.05, Художественный,66.0
Алеша Птицын вырабатывает характер,,Алеша Птицын вырабатывает характер,Алеша Птицын вырабатывает характер,69813,1953,Soviet Union,семейный,Анатолий Граник,5.0, Художественный,68.0
Алиса,,Алиса,Алиса,562244,2018,Russia,драма,Vasilisa Kuzmina,1.0, Художественный,66.0
Алиса в стране кошмаров,Alice in Terrorland,Алиса в стране кошмаров,Alice in Terrorland,1174618,2023,United Kingdom,"ужасы, триллер",Richard John Taylor,5.791, Художественный,77.0
Алиса в стране чудес,,Алиса в Стране Чудес,Алиса в Стране Чудес,1417539,2025,Russia,"фэнтези, приключения, музыка",Юрий Хмельницкий,3.813, Художественный,108.0
Аллея кошмаров,Nightmare Alley,Аллея кошмаров,Nightmare Alley,597208,2021,United States of America,"криминал, драма, триллер",Гильермо дель Торо,6.953, Художественный,150.0
Алфавит Манджаротти,Alfabeto Mangiarotti,Алфавит Манджаротти,Alfabeto Mangiarotti,1565888,2025,Italy,документальный,Davide Maffei,0.0,Научно-популярный,82.0
Алые паруса,Scarlet,Scarlet,Scarlet,1210363,2011,,триллер,Michael J. Mantsourani Jr.,0.0, Художественный,105.0
Альманах анимационных отечественных кинофильмов Фестиваля Кинопроба 2024 г.,,,,,,,,,,Анимационный,115.0
Альманах документальных фильмов Фестиваля Актуального Документального кино «ОЗА»,,,,,,,,,,Документальный,751.0
Альманах зарубежных анимационных кинофильмов Фестиваля Кинопроба 2024 г.,,,,,,,,,,Анимационный,148.0
Альманах зарубежных игровых кинофильмов Фестиваля Кинопроба 2024 г.,,,,,,,,,, Художественный,220.0
Альманах зарубежных неигровых кинофильмов Фестиваля Кинопроба 2024 г.,,,,,,,,,,Документальный,119.0
Альманах игровых отечественных кинофильмов Фестиваля Кинопроба 2024 г.,,,,,,,,,, Художественный,70.0
Альманах к 80-летию Победы в Великой Отечественной войне,,,,,,,,,, Художественный,500.0
Альманах неигровых отечественных кинофильмов Фестиваля Кинопроба 2024 г.,,,,,,,,,,Документальный,93.0
Альмандар,,Әлдермештән Әлмәндәр,Әлдермештән Әлмәндәр,1139609,2023,Russia,мультфильм,Sergei Kiatrov,0.0,Анимационный,68.0
Альпийские приключения,Schellen-Ursli,Альпийские приключения,Schellen-Ursli,338072,2015,Switzerland,"семейный, приключения",Xavier Koller,6.8, Художественный,100.0
Альрауне,Alraune,Alraune,Alraune,2967,1918,Hungary,"фантастика, ужасы","Edmund Fritz, Майкл Кёртиц",0.0, Художественный,108.0
Альтер,Altered,Альтер,Altered,1309012,2025,"Canada, Ireland, Germany, United States of America, Kazakhstan","фантастика, боевик",Тимо Вуоренсола,5.78, Художественный,85.0
"Альфред и Люси Дрейфус, целую, люблю","Alfred and Lucie Dreyfus, with kiss as deep as my love","Alfred et Lucie Dreyfus, je t’embrasse comme je t’aime","Alfred et Lucie Dreyfus, je t’embrasse comme je t’aime",1211965,2022,France,"документальный, история, телевизионный фильм",Delphine Morel,8.0,Научно-популярный,56.0
Амадей,Amadeus,Амадей,Amadeus,279,1984,United States of America,"история, музыка, драма",Милош Форман,8.024, Художественный,160.0
Амайа. Дитя вампира,All the Moons,Амайа. Дитя вампира,Ilargi guztiak,776670,2020,"Spain, France","драма, фэнтези, ужасы, военный",Игорь Легаррета,7.465, Художественный,97.0
Аманат,,Аманат,Аманат,579821,2022,Russia,"драма, история","Антон Сиверс, Рауф Кубаев",7.0, Художественный,124.0
Аманда,Amanda,Amanda,Amanda,388903,1996,United States of America,"приключения, семейный, телевизионный фильм",Bobby Roth,5.0, Художественный,93.0
Американский маньяк,The Huntsman,Белоснежка и охотник,Snow White and the Huntsman,58595,2012,United States of America,"приключения, фэнтези, драма",Руперт Сандерс,5.987, Художественный,103.0
Анаконда. Подъём с глубины,Shen hai she nan,Анаконда. Подъём с глубины,深海蛇难,1017794,2022,China,"боевик, приключения, фэнтези, триллер, ужасы",Wu Yang,6.844, Художественный,80.0
Анатолий Белкин. Высокая вода,,Анатолий Белкин. Высокая вода,Анатолий Белкин. Высокая вода,1488998,2025,Russia,документальный,Юлия Бобкова,0.0,Научно-популярный,89.0
Анатолий ЗНАК,,,,,,,,,,Документальный,60.0
Анатомия падения,Anatomy Of A Fall,Анатомия падения,Anatomie d'une chute,915935,2023,France,"триллер, детектив, криминал",Жюстин Трие,7.518, Художественный,151.0
Анатомия убийств,VANISHING,Исчезновение,The Vanishing,449459,2019,"United Kingdom, United States of America","триллер, детектив",Kristoffer Nyholm,5.773, Художественный,87.0
Ангел мести,Fatum,Ангел мести,Fatum,1053587,2023,"France, Spain","криминал, триллер, драма",Juan Galiñanes,6.225, Художественный,80.0
"Ангел мой, будь со мной",,,,,,,,,,Документальный,110.0
Ангел над Оптиной,,,,,,,,,,Документальный,63.0
Ангелы Ладоги,,Ангелы Ладоги,Ангелы Ладоги,1275255,2026,Russia,"драма, история",Александр Котт,0.0, Художественный,110.0
Ангелы Милы,,Ангелы Милы,Ангелы Милы,973665,2022,Russia,документальный,Anastasia Trofimova,0.0,Документальный,64.0
Ангелы Победы,,Ангелы Победы,Ангелы Победы,1649399,2025,Russia,документальный,Anna Rodionova,0.0,Документальный,58.0
Ангелы не жужжат,,Ангелы не жужжат,Ангелы не жужжат,1313567,2025,"Russia, Serbia","драма, комедия, триллер",Александр Селиверстов,0.0, Художественный,85.0
Андрей Рублев. Воспоминания о фильме,,,,,,,,,,Документальный,69.0
Андрей Тарковский. Кино как молитва (Andrey Tarkovsky. A cinema prayer),,Андрей Тарковский. Кино как молитва,Андрей Тарковский. Кино как молитва,618389,2019,"Italy, Russia, Sweden",документальный,Andrey A. Tarkovsky,6.7,Научно-популярный,97.0
Анжелюс,,Анжелюс,Анжелюс,1303097,2023,Russia,драма,Эдуард Жолнин,0.0, Художественный,80.0
"Анимационный 2 D фильм «Спина к спине» (серии: «Лайки», «Сладколандия», «Роборюкзак», «Компьютерная игра» и др.)",,,,,,,,,,Анимационный,183.0
Анна Каренина,Anna Karenina,Анна Каренина,Anna Karenina,50512,1997,"Russia, United Kingdom, United States of America","драма, мелодрама",Bernard Rose,6.1, Художественный,74.0
Анна и Вано. Ванна и вино,,Анна и Вано. Ванна и вино,Анна и Вано. Ванна и вино,580837,2017,"Georgia, Russia",драма,Алекс Некто,0.0, Художественный,93.0
Аномальная зона,,,,,,,,,, Художественный,91.0
Анонимная телега,,Анонимная телега,Анонимная телега,1181046,2023,Russia,документальный,Dmitry Bogdanov,0.0,Документальный,53.0
Анора,Anora,Анора,Anora,1064213,2024,United States of America,"драма, комедия, мелодрама",Шон Бэйкер,7.071, Художественный,139.0
Ансельм. Шум времени ,Anselm,Anselm Feuerbach,Anselm Feuerbach,1231039,1978,Germany,документальный,Manfred Schmelzer,0.0,Научно-популярный,93.0
Антиганг: Смена,Antigang: La Relève,Антиганг: Смена,Antigang : La Relève,1020394,2023,France,"боевик, триллер, криминал, драма",Benjamin Rocher,6.1, Художественный,93.0
Антихрист,Antichrist,Антихрист,Antichrist,17609,2009,"Denmark, France, Germany, Italy, Poland, Sweden","драма, ужасы, триллер",Ларс фон Триер,6.624, Художественный,107.0
Антология русской дачи,,,,,,,,,,Научно-популярный,199.0
Антонин Капустин - создатель русской Палестины,,,,,,,,,,Документальный,75.0
Анчартед: На картах не значится,Uncharted,Анчартед: На картах не значится,Uncharted,335787,2022,United States of America,"боевик, приключения",Рубен Фляйшер,6.886, Художественный,115.0
Апгрейд. Цифровой солдат,One More Shot,Еще один удар,One More Shot,1214314,2024,"United Kingdom, United States of America","боевик, триллер",James Nunn,6.509, Художественный,85.0
Апокалипсис,Apocalypto,Апокалипсис,Apocalypto,1579,2006,"United Kingdom, United States of America","боевик, драма, история",Мел Гибсон,7.622, Художественный,133.0
Апокалипсис Сегодня,Apocalypse Now,Апокалипсис сегодня,Apocalypse Now,28,1979,United States of America,"драма, военный",Фрэнсис Форд Коппола,8.3, Художественный,147.0
Аполлон 18,,Аполлон 18,Apollo 18,50357,2011,"Canada, Russia, United States of America","ужасы, фантастика, триллер",Gonzalo López-Gallego,5.316, Художественный,87.0
Арбенина,,Арбенина,Арбенина,1312115,2024,Russia,"документальный, музыка",Ангелина Ашман,4.8,Документальный,56.0
Арина,,Грозный Вавила и тётка Арина,Грозный Вавила и тётка Арина,287159,1928,Soviet Union,мультфильм,"Ольга Ходатаева, Николай Ходатаев",0.0, Художественный,193.0
Ариэтти из страны лилипутов,Karigurashi no Arietti,Ариэтти из страны лилипутов,借りぐらしのアリエッティ,51739,2010,"France, Japan, United States of America","фэнтези, мультфильм, семейный",Хиромаса Ёнэбаяси,7.666,Анимационный,94.0
Арлан. Решающий раунд,,Арлан. Решающий раунд,Арлан. Решающий раунд,1441270,2025,Kazakhstan,драма,Даулет Жумабаев,0.0, Художественный,103.0
Армада,Michiel de Ruyter,Адмирал,Michiel de Ruyter,277154,2015,"Belgium, Netherlands","приключения, драма, история",Роэль Рейн,6.5, Художественный,128.0
Арман,Armand,Арман,Armand,1144681,2024,"Germany, Netherlands, Norway, Sweden",драма,Halfdan Ullmann Tøndel,6.2, Художественный,117.0
Армения,Autonomous non-profit organization «Underwater Research Center of the Russian Geographical Society»,Армения Живые камни,Армения Живые камни,404618,2011,Armenia,документальный,Stepan Kocharyan,0.0,Документальный,75.0
Армия мертвых в Пусане,The Cursed: Dead Man' s Prey,Армия мёртвых в Пусане,방법: 재차의,724885,2021,South Korea,"триллер, детектив, ужасы",김용완,7.413, Художественный,109.0
Артек. Космические приключения,,Артек. Космические приключения,Артек. Космические приключения,1655910,2026,Russia,"приключения, семейный, фантастика","Дмитрий Белосохов, Руслан Римович, Диана Ихолайнен",0.0, Художественный,82.0
"Артур, ты король",ArthurtheKing,"Артур, ты король",Arthur the King,618588,2024,"Canada, United States of America","приключения, драма",Саймон Селлан Джонс,7.549, Художественный,107.0
Аругам Бей,Arugam Bay,ארוגם ביי,ארוגם ביי,1176280,2023,Israel,драма,Marco Carmel,8.0, Художественный,95.0
Архангельск - Северный креативный путь,,Архангельск – Северный креативный путь,Архангельск – Северный креативный путь,1140167,2023,Russia,документальный,Алексей Головков,0.0,Научно-популярный,67.0
Архив будущего,Archiv der Zukunft,Archiv der Zukunft,Archiv der Zukunft,1103267,2024,Austria,документальный,Joerg Burger,6.0,Научно-популярный,90.0
Архитектор. История Алексея Германа и его фильмов,,Архитектор. История Алексея Германа и его фильмов,Архитектор. История Алексея Германа и его фильмов,1173050,2023,Russia,документальный,"Алексей Герман-младший, Елена Окопная",0.0,Документальный,66.0
Асмарал,,Асмарал,Асмарал,988891,2022,Russia,документальный,Nikola Prorokov,0.0,Документальный,74.0
Ассасин: Смертельная битва,A Writer's Odyssey 2,Ассасин: Смертельная битва,刺杀小说家2,945801,2025,China,"боевик, фэнтези",路阳,5.3, Художественный,120.0
Астероид-77F,,Астероид-77F,Астероид-77F,1670513,,Russia,фантастика,Vlad Dikarev,0.0, Художественный,100.0
Астрал. 13 инкарнаций зла,Dark Nuns,Астрал: 13 инкарнаций зла,검은 수녀들,1224993,2025,South Korea,"ужасы, детектив, триллер, драма",권혁재,6.3, Художественный,114.0
Астрал. 13-й этаж,Blood flower,Super Flower Blood Moon Eclipse,Super Flower Blood Moon Eclipse,1404205,,United States of America,документальный,"Ben Cooper, Payton McCarty-Simas",0.0, Художественный,102.0
Астрал. Амулет зла,It Will Find You,Астрал. Амулет зла,It Will Find You,1545251,2026,Australia,ужасы,"Chris Broadbent, Enzo Tedeschi",0.0, Художественный,98.0
Астрал. Дом №13,Perjanjian setan,Астрал. Дом № 13,Perjanjian Setan,1325541,2024,Indonesia,ужасы,Farid Dermawan,3.0, Художественный,75.0
Астрал. Женщина в черном,From Black,Астрал. Женщина в чёрном,From Black,943788,2023,United States of America,ужасы,Thomas Marchese,5.228, Художественный,100.0
Астрал. Заклятие мёртвых,Siccin 7,Астрал. Заклятие мёртвых,Siccîn 7,1289004,2024,Turkey,ужасы,Alper Mestçi,3.346, Художественный,98.0
Астрал. Зеркала,Perewangan,Астрал. Зеркала,Perewangan,1280544,2024,Indonesia,"ужасы, детектив, триллер",Awi Suryadi,5.8, Художественный,109.0
Астрал. Игры призраков,Ghost Game,Астрал. Игры призраков,Ghost Game,1249385,2024,United States of America,"ужасы, триллер",Jill Gevargizian,4.0, Художественный,86.0
Астрал. Медиум,Oddity,Астрал. Медиум,Oddity,1216191,2024,"Ireland, United States of America","ужасы, детектив",Damian McCarthy,6.7, Художественный,98.0
Астрал. Мертвое сердце,Devils Stay,Заклятие. Последнее изгнание,사흘,660355,2024,South Korea,"ужасы, детектив",Hyun Moon-seop,6.129, Художественный,95.0
Астрал. Могильный ритуал,Sengkolo: Malam satu suro,Астрал. Могильный ритуал,Sengkolo: Malam Satu Suro,1264397,2024,Indonesia,ужасы,Hanny R. Saputra,3.0, Художественный,100.0
Астрал. Новые души,Kalian pantas mati,Астрал. Новые души,Kalian Pantas Mati,1018518,2022,Indonesia,ужасы,Ginanti Rona Tembang Asri,4.6, Художественный,107.0
Астрал. Ночной кошмар,Malam Pencabut Nyawa,Астрал. Ночной кошмар,Malam Pencabut Nyawa,1239506,2024,"Indonesia, South Korea","ужасы, фэнтези, триллер",Sidharta Tata,6.1, Художественный,112.0
Астрал. Ночь в могиле,Siksa Kubur,Астрал. Ночь в могиле,Siksa Kubur,1119527,2024,Indonesia,ужасы,Хоко Анвар,6.592, Художественный,117.0
Астрал. Остров проклятых,Pulau Hantu,Астрал. Остров проклятых,Pulau Hantu,1260004,2024,Indonesia,"приключения, ужасы",Ferry Pei Irawan,7.5, Художественный,95.0
Астрал. Поместье ужаса,Let's play in the Woods,Астрал. Поместье ужаса,Jugaremos en el bosque,1249013,2024,Mexico,ужасы,"Alejandra Cárdenas, Guillermo Granillo",7.0, Художественный,95.0
Астрал. Проклятие Лилит,Perempuan Bergaun Merah,Красное платье,Perempuan Bergaun Merah,733057,2022,Indonesia,"ужасы, триллер",William Chandra,5.6, Художественный,90.0
Астрал. Проклятие ведьм,Two Witches,Астрал. Проклятие ведьм,Two Witches,785759,2023,United States of America,ужасы,Pierre Tsigaridis,5.967, Художественный,98.0
Астрал. Проклятие мёртвых,Pemandi Jenazah,Астрал. Проклятие мёртвых,Pemandi Jenazah,1223799,2024,Indonesia,"ужасы, драма, триллер",Hadrah Daeng Ratu,6.6, Художественный,107.0
Астрал. Проклятие экзорциста,The Rae: The Exorcist,ท่าแร่,ท่าแร่,1410193,2025,Thailand,"ужасы, боевик",Taweewat Wantha,6.7, Художественный,118.0
Астрал. Реинкарнация,The Entity,Существо,The Entity,24740,1982,United States of America,"ужасы, детектив, триллер",Сидни Дж. Фьюри,6.768, Художественный,115.0
Астрал. Ритуал Малум,Malum,Астрал. Ритуал Малум,Malum,1094403,2023,United States of America,ужасы,Anthony DiBlasi,5.537, Художественный,93.0
Астрал. Свеча ведьмы,Are You There?,There You Are,There You Are,636191,2019,,,Lisa Donato,0.0, Художественный,89.0
Астрал. Семейный обряд,Family Dinner,Астрал: Семейный обряд,Family Dinner,964825,2023,Austria,"ужасы, триллер, детектив, драма",Peter Hengl,5.738, Художественный,97.0
Астрал. Сомния,Harbinger,Harbinger,Harbinger,804858,2017,Canada,"фэнтези, триллер",Жан-Жак Хавьер,0.0, Художественный,86.0
Астрал. Спуск к дьяволу,The Painted,Разрисованная вуаль,The Painted Veil,14202,2006,"Canada, United States of America","мелодрама, драма",Джон Кёрран,7.3, Художественный,85.0
Астрал. Стереоскоп демона,Stereoscope,Астрал. Стереоскоп демона,Stereoscope,1169791,2024,United States of America,ужасы,Lena Tsodykovskaya,4.8, Художественный,101.0
Астрал. Шепот призрака,The Dark Whispers,Шепоты в ночи,Whispers in the Dark,88174,1992,United States of America,"детектив, триллер, ужасы",Christopher Crowe,4.906, Художественный,80.0
Астрал. Школа кошмаров,The Tutor,Репетитор,The Tutor,995012,2023,United States of America,"детектив, триллер, боевик",Jordan Ross,6.081, Художественный,108.0
Астрал. Шёпот мертвых,Death Whisper,Астрал. Шепот мертвых,Sunyi,584134,2019,"Indonesia, South Korea",ужасы,Awi Suryadi,6.6, Художественный,91.0
Астрал. Шёпот мёртвых 2,Whispering corridors: the humming,Астрал. Шёпот мёртвых 2,여고괴담 여섯번째 이야기: 모교,602288,2021,South Korea,"ужасы, детектив",Lee Mi-young,6.7, Художественный,108.0
Астрал: Долг крови,,Астрал: Долг крови,Hutang Nyawa,1380643,2024,Indonesia,ужасы,Billy Christian,4.2, Художественный,100.0
Астрал: Потомство,Leave,Прощание,Leave,135678,2011,United States of America,"триллер, детектив",Robert Celestino,6.3, Художественный,106.0
Астраханцев. Портрет Эпохи,,,,,,,,,,Документальный,76.0
Астронавт,The Astronaut,Астронавт,The Astronaut,1086260,2025,United States of America,"ужасы, фантастика, триллер",Jess Varley,6.168, Художественный,90.0
Асфальтовые джунгли,Asphalt City,Асфальтовые джунгли,Asphalt City,628922,2023,"United Kingdom, United States of America","триллер, драма",Jean-Stéphane Sauvaire,6.153, Художественный,118.0
Атака Титанов: Последняя атака (версия с субтитрами),Attack On Titan Movie: THE LAST ATTACK,Атака титанов: Последняя атака,劇場版「進撃の巨人」完結編 THE LAST ATTACK,1333100,2024,Japan,"мультфильм, боевик, приключения, драма",Юитиро Хаяси,8.705,Анимационный,144.0
Атака Титанов: Последняя атака (дубляж ДЭЕП),Attack On Titan Movie: THE LAST ATTACK,Атака титанов: Последняя атака,劇場版「進撃の巨人」完結編 THE LAST ATTACK,1333100,2024,Japan,"мультфильм, боевик, приключения, драма",Юитиро Хаяси,8.705,Анимационный,144.0
Атака Титанов: Последняя атака (дубляж Студийная Банда),Attack On Titan Movie: THE LAST ATTACK,Атака титанов: Последняя атака,劇場版「進撃の巨人」完結編 THE LAST ATTACK,1333100,2024,Japan,"мультфильм, боевик, приключения, драма",Юитиро Хаяси,8.705,Анимационный,144.0
Атель-Матель,,Атель-Матель,Атель-Матель,1405249,2025,Russia,комедия,Igor Bagaturiya,6.0, Художественный,95.0
Атлантида,Atlantide,Атлантида,Atlantide,854317,2022,"France, Italy, United States of America","драма, документальный",Yuri Ancarani,7.3, Художественный,102.0
Атом,,Меченый атом,Меченый атом,64395,1972,Soviet Union,"приключения, криминал, триллер",Игорь Гостев,5.7, Художественный,363.0
Атомные энтузиасты,,,,,,,,,,Научно-популярный,61.0
Атомный прорыв,,,,,,,,,,Документальный,52.0
Аутсорс,,Работа по найму,Outsource,942047,2022,United Arab Emirates,"боевик, комедия",John Stephen Baltazar,5.636, Художественный,124.0
Афера,,Идеальная афера,Wildcat,1448560,2025,United Kingdom,"боевик, триллер",James Nunn,6.185, Художественный,122.0
Афера по-неаполитански,Benvenuti in casa Esposito,Афера по-неаполитански,Benvenuti in casa Esposito,785652,2021,Italy,комедия,Gianluca Ansanelli,5.8, Художественный,98.0
Афера по-русски,,Афёра по-русски,Афёра по-русски,1524006,2026,Russia,комедия,Максим Зыков,10.0, Художественный,80.0
Афиша,L'affiche,L'Affiche,L'Affiche,535836,1925,France,драма,Jean Epstein,7.0, Художественный,91.0
Африканское сафари,African safari,Африканское сафари,African Safari,225570,2013,"Italy, Belgium, France",документальный,Бен Стассен,6.8, Художественный,82.0
Аэропорт,,Аэропорт,Airport,10671,1970,United States of America,"боевик, драма, триллер",George Seaton,6.5, Художественный,93.0
Аэрофобы,Volare,Volere volare,Volere volare,58656,1991,Italy,"комедия, фэнтези","Guido Manuli, Маурицио Никетти",6.35, Художественный,100.0
Б,,Ч/Б,Ч/Б,335819,2015,Russia,"фантастика, комедия, криминал",Евгений Шелякин,5.2,Документальный,62.0
Б,,Ч/Б,Ч/Б,335819,2015,Russia,"фантастика, комедия, криминал",Евгений Шелякин,5.2, Художественный,90.0
БАБУШКИН РЕЦЕПТ,A GREYHOUND OF A GIRL,Бабушкин рецепт,Mary e lo spirito di mezzanotte,588564,2023,"Estonia, Germany, Ireland, Italy, Latvia, Luxembourg, United Kingdom","мультфильм, драма, семейный, фэнтези",Enzo D'Alò,6.7,Анимационный,89.0
БАТЁК,,Батёк,Батёк,1229356,2023,Russia,документальный,Светлана Стасенко,0.0,Документальный,80.0
БЕГЛЕЦЫ,,Беглецы,Беглецы,574021,2017,"Latvia, Russia",комедия,Ара Оганесян,6.0,Документальный,60.0
БЕЗ УМА ОТ КИНО,I LIKE MOVIES,Без ума от кино,I Like Movies,980996,2023,Canada,"комедия, драма",Chandler Levack,7.12, Художественный,98.0
БЕЗУМНЫЕ СЪЕМКИ,MAKING OF,Making of 殺殺,Making of 殺殺,933160,1999,Japan,документальный,Tamakichi Anaru,10.0, Художественный,113.0
БЕККИ В ЯРОСТИ,BECKY 2: THE WRATH OF BECKY,Бекки в ярости,The Wrath of Becky,986070,2023,United States of America,"боевик, ужасы, триллер","Suzanne Coote, Matt Angel",6.335, Художественный,83.0
БЕЛГРАД,,Отель «Белград»,Отель «Белград»,592717,2020,Russia,"комедия, мелодрама",Константин Статский,6.6,Документальный,59.0
БЕЛДХЭМ. ПРОКЛЯТИЕ ВЕДЬМЫ,The Beldham,Белдхэм. Проклятие ведьмы,The Beldham,1090983,2025,United States of America,ужасы,Angela Gulner,5.756, Художественный,85.0
БЕЛЕК,,Белек,Белек,1328937,2023,Kyrgyz Republic,драма,Dalmira Tilepbergen,0.0, Художественный,89.0
БЕМБИ. ИСТОРИЯ ЖИЗНИ В ЛЕСУ,"Bambi, l'histoire d'une vie dans les bois",Бемби. История жизни в лесу,"Bambi, l'histoire d'une vie dans les bois",1094473,2024,France,"документальный, семейный, приключения",Michel Fessler,6.4, Художественный,77.0
БЕССТРАШНЫЕ ЛЕТУНЫ,NORTHERN COMFORT,Бесстрашные летуны,Northern Comfort,986843,2023,"France, Germany, Iceland, United Kingdom",комедия,Hafsteinn Gunnar Sigurðsson,5.441, Художественный,95.0
БЕШЕНСТВО,,Бешенство,Бешенство,650036,2023,Russia,"триллер, драма",Дмитрий Дьяченко,5.674, Художественный,100.0
БИТВА В ПРОЛИВЕ НОРЯН,Noryang,노량대첩,노량대첩,745991,2020,South Korea,"драма, комедия",Kim So-hyun,6.0, Художественный,153.0
БИТВА ПАП,,Битва пап,Битва пап,1387390,2024,Russia,комедия,Иван Архипов,10.0, Художественный,78.0
БИТВА У ОСТРОВА ХАНСАН,Hansan: yongui chulhyeon,Битва у острова Хансан,한산: 용의 출현,588108,2022,South Korea,"военный, боевик, драма, история",김한민,6.5, Художественный,130.0
БЛОНДИНКА,,Блондинка,Блондинка,1117680,2023,Russia,"комедия, драма",Павел Мирзоев,0.0, Художественный,98.0
БОБ ТРЕВИНО ПОСТАВИЛ ЛАЙК,BOB TREVINO LIKES IT,Боб Тревино поставил лайк,Bob Trevino Likes It,1169789,2025,United States of America,"комедия, драма",Трейси Лэймон,7.407, Художественный,101.0
БОЙ СО ЗВЕРЕМ,BEAST,Бой со зверем,Beast,1292415,2026,"United States of America, Australia","боевик, драма",Tyler Atkins,6.307, Художественный,114.0
БОЛЬШАЯ ЗЕМЛЯ,,Большая земля,Большая земля,280859,1944,Soviet Union,"военный, драма",Сергей Герасимов,6.5, Художественный,93.0
БОЛЬШОЕ МАЛЕНЬКОЕ ПРИКЛЮЧЕНИЕ,THE INSEPARABLES,Большое маленькое приключение,The Inseparables,1059264,2023,"Belgium, France, Spain","мультфильм, приключения, комедия, семейный",Jérémie Degruson,6.5,Анимационный,87.0
БРАТ ВО ВСЁМ,,Брат во всëм,Брат во всëм,619165,2022,Russia,драма,Александр Золотухин,6.3, Художественный,80.0
БУЛГАКОВ. ТАЙНА МАСТЕРА,,Булгаков. Тайна мастера,Булгаков. Тайна мастера,1655904,2026,Russia,документальный,"Артём Михалков, Дмитрий Беспалый",0.0,Документальный,52.0
БУЛГАКОВ. ЭТОТ МИР - МОЙ!,,Булгаков. Этот мир – мой!,Булгаков. Этот мир – мой!,1141401,2023,Russia,"документальный, история",Svetlana Astretsova,0.0,Документальный,65.0
БУНИНЪ,,Бунинъ,Бунинъ,1387872,2024,Russia,документальный,Andrey Sudilovsky,0.0,Документальный,81.0
БЫТЬ ЛУЧШЕ: ИСТОРИЯ РОББИ УИЛЬЯМСА,BETTER MAN,Быть лучше: История Робби Уильямса,Better Man,799766,2024,"Australia, United Kingdom, United States of America, China, Cyprus","музыка, драма",Майкл Грейси,7.626, Художественный,133.0
БЮРО,,Бюро 749,749局,1033462,2024,China,"боевик, приключения, фантастика",陆川,6.267,Документальный,75.0
Баба Мороз и тайна Нового года,,Баба Мороз и тайна Нового года,Баба Мороз и тайна Нового года,1213003,2023,Russia,"комедия, семейный",Андрей Богатырев,4.6, Художественный,97.0
Баба Мороз и тайна Нового года (16+),,,,,,,,,, Художественный,100.0
Баба Мороз и тайна Нового года (6+),,,,,,,,,, Художественный,97.0
Баба Яга. Спасает Новый год,,Баба Яга спасает Новый год,Баба Яга спасает Новый год,1372317,2024,Russia,"приключения, комедия, семейный, фэнтези","Карен Захаров, Армен Ананикян",5.3, Художественный,99.0
Баба Яга. Спасает мир,,Баба Яга спасает мир,Баба Яга спасает мир,1127580,2023,Russia,"комедия, семейный, приключения",Карен Захаров,6.7, Художественный,90.0
Бабий Яр. Контекст,Babi Yar. Context,Бабий Яр. Контекст,Бабий Яр. Контекст,605546,2021,"Netherlands, Ukraine","документальный, история",Сергей Лозница,6.2,Документальный,121.0
Бабий край,,Бабий край,Бабий край,821151,2021,Russia,документальный,Елена Жигаева,0.0,Научно-популярный,56.0
Бабушка,3 JOURS MAX,"Superкопы: Миссия ""Бабушка""",3 jours max,967582,2023,France,комедия,Тарек Будали,5.4, Художественный,89.0
Бабушка,La abuela,Бабушка,La abuela,661791,2022,"France, Spain","драма, ужасы",Paco Plaza,5.877, Художественный,100.0
Бабушка на миллион,How to make millions before grandmother dies,Бабушка на миллион,หลานม่า,1103621,2024,Thailand,драма,พัฒน์ บุญนิธิพัฒน์,8.107, Художественный,126.0
Баг Бой - супергерой джунглей,Extinction,Закат цивилизации,Extinction,429415,2018,United States of America,"боевик, драма, фантастика, триллер",Ben Young,6.035,Анимационный,81.0
Багровая отмель,Fear Below,Багровая отмель,Fear Below,1232933,2025,Australia,"ужасы, боевик, приключения, триллер",Matthew Holmes,6.135, Художественный,85.0
Багровый рассвет,Sunrise,Перед рассветом,Before Sunrise,76,1995,"Austria, United States of America","драма, мелодрама",Ричард Линклейтер,7.973, Художественный,94.0
Бажов. Одолженное время,,,,,,,,,, Художественный,91.0
Байки на Хэллоуин,Satanic Hispanics,Байки на Хэллоуин,Satanic Hispanics,1015080,2022,"Mexico, United States of America","ужасы, триллер, комедия, фэнтези","Mike Mendez, Демиан Рунья, Эдуардо Санчес, Gigi Saul Guerrero, Алехандро Бругес",5.872, Художественный,112.0
Бал сумасшедших,Captives,Бал сумасшедших,Captives,712022,2024,France,"драма, история, триллер",Arnaud des Pallières,5.7, Художественный,111.0
Балабанов. Колокольня. Реквием,,Балабанов. Колокольня. Реквием,Балабанов. Колокольня. Реквием,964364,2022,Russia,документальный,Любовь Аркус,8.0,Документальный,116.0
Балалайка 2.0,,Балалайка 2.0,Балалайка 2.0,1140174,2023,Russia,документальный,"Ruslan Makhmud-Akhunov, Vladimir Buchinsky",0.0,Научно-популярный,65.0
Балерина,Ballerina,Балерина,Ballerina,541671,2025,United States of America,"боевик, триллер, криминал",Лен Уайзман,7.234, Художественный,125.0
Баломания: секретная субкультура фавел ,Balomania,Баломания: Секретная субкультура фавел,Balomania,1230770,2024,"Denmark, Spain",документальный,Sissel Dargis Morell,9.0,Научно-популярный,94.0
Балтийский мотор Российской империи,,,,,,,,,,Документальный,52.0
Банда аутсайдеров,Bande a part,Банда аутсайдеров,Bande à part,8073,1964,France,"криминал, драма, комедия",Жан-Люк Годар,7.5, Художественный,96.0
Бандит,Bandit,Бандит,Bandit,842942,2022,"Canada, United States of America","криминал, драма, триллер",Аллан Ангар,6.324, Художественный,125.0
Банды Парижа,Apache: Gang of Paris,Банды Парижа,Apaches,949903,2023,France,"драма, триллер",Romain Quirot,6.0, Художественный,93.0
Банк Дэйва,Bank of Dave,Банк Дэйва,Bank of Dave,937220,2023,United Kingdom,"комедия, драма",Chris Foggin,6.8, Художественный,107.0
Бансу,,Бансу,Бансу,732665,,Russia,"приключения, драма, военный",Павел Костомаров,0.0, Художественный,121.0
Бар МоскваЧики,,Бар «МоскваЧики»,Бар «МоскваЧики»,1283845,2024,Russia,комедия,Анарио Мамедов,8.0, Художественный,94.0
Барабаниада,,Барабаниада,Барабаниада,409734,1993,"France, Russia",драма,Сергей Овчаров,5.833, Художественный,97.0
Барбоскины (серии 268-286),,,,,,,,,,Анимационный,90.0
Барбоскины ТЕАМ,,,,,,,,,,Анимационный,85.0
Барракуда,The Enforcer,Барракуда,The Enforcer,846433,2022,United States of America,"боевик, криминал, драма",Richard Hughes,7.033, Художественный,92.0
Бассейн,La piscine,Бассейн,La Piscine,4946,1969,"France, Italy","драма, триллер",Jacques Deray,7.0, Художественный,124.0
Батя 2. Дед,,Батя 2: Дед,Батя 2: Дед,1327683,2025,Russia,"комедия, драма",Илья Учитель,6.4, Художественный,88.0
Бах! Бам! Рой Лихтенштейн и искусство присвоения,Whaam! Blam! Roy Lichtenstein and the Art of Appropriation,Whaam! Blam! Roy Lichtenstein and the Art of Appropriation,Whaam! Blam! Roy Lichtenstein and the Art of Appropriation,1109587,2022,United States of America,документальный,James L. Hussey,0.0,Документальный,79.0
Беги,,Беги,Беги,1448036,2025,Russia,"комедия, криминал",Роман Артемьев,3.0, Художественный,87.0
Беглец,Kandahar,Беглец,Kandahar,717930,2023,"United States of America, Saudi Arabia","боевик, триллер, военный",Рик Роман Во,6.772, Художественный,119.0
Беглец,The Fugitive,Беглец,The Fugitive,5503,1993,United States of America,"боевик, триллер, драма",Andrew Davis,7.478, Художественный,101.0
Бегущие за волной ,Bosch & Rockit,Бегущие за волной,Bosch & Rockit,863814,2022,Australia,драма,Tyler Atkins,5.857, Художественный,106.0
Бегущий по лезвию 2049,Blade Runner 2049,Бегущий по лезвию 2049,Blade Runner 2049,335984,2017,"Canada, United Kingdom, United States of America","фантастика, драма",Дени Вильнёв,7.594, Художественный,164.0
Бегущий по песку,Running on Sand,לרוץ על החול,לרוץ על החול,1029617,2023,Israel,"комедия, драма",Adar Shafran,9.0, Художественный,104.0
Без границ,,Без границ,Без границ,364594,2015,"Georgia, Russia","комедия, мелодрама","Карен Оганесян, Роман Прыгунов, Резо Гигинеишвили",5.4,Документальный,76.0
Без лица,The Ugly,Голая правда,The Ugly Truth,20943,2009,United States of America,"комедия, мелодрама",Robert Luketic,6.506, Художественный,103.0
Без права на славу,,,,,,,,,,Документальный,52.0
Без правил,Salvable,Спасаемый,Salvable,1242686,2025,United Kingdom,"криминал, драма","Johnny Marchetta, Björn Franklin",6.238, Художественный,100.0
Без рецепта,Receta no Incluida,Receta no incluída,Receta no incluída,934609,2022,"Puerto Rico, Spain",драма,Juliana Maité Irizarry,5.0, Художественный,83.0
Без ума от Тиффани,Crazy About Tiffany's,Crazy About Tiffany's,Crazy About Tiffany's,383267,2016,United States of America,документальный,Matthew Miele,6.9,Научно-популярный,84.0
Без фильтров,Uncropped,Без фильтров,Uncropped,1202330,2024,United States of America,документальный,D.W. Young,8.333,Научно-популярный,112.0
Без фильтров,Follow her,Без фильтров,Follow Her,943919,2022,United States of America,"триллер, ужасы, детектив, драма",Sylvia Caminer,4.9, Художественный,92.0
Безвременье. Фрески...,,Безвременье. Фрески,Безвременье. Фрески,1250270,2022,Russia,документальный,Vladimir Eisner,0.0,Документальный,78.0
Безземельные,Chao,ChaO,ChaO,1419053,2025,Japan,"мультфильм, фэнтези, мелодрама",青木康浩,8.2,Научно-популярный,99.0
Безмолвное братство,TheOrder,Order of the Dragon,Order of the Dragon,1530062,2026,"Croatia, Germany, United States of America","боевик, приключения",Vjekoslav Katušin,0.0, Художественный,116.0
"Безос. Человек, создавший Amazon",Bezos: The Beginning,"Безос. Человек, создавший Amazon",Bezos,982104,2023,United States of America,драма,Khoa Le,5.842, Художественный,99.0
Безумная дорога,Wyrmwood: Apocalypse,Безумная дорога,Wyrmwood: Apocalypse,879957,2022,Australia,"боевик, ужасы",Kiah Roache-Turner,5.79, Художественный,88.0
Безумное свидание,Madly,Madly,Madly,390329,2016,"Argentina, Australia, India, Japan, United Kingdom, United States of America, Chile",драма,"Гаэль Гарсиа Берналь, Миа Васиковска, Себастьян Сильва, Анураг Кашьяп, 園子温, Natasha Khan",4.9, Художественный,96.0
Безумный Ангел Пиноккио,,Безумный ангел Пиноккио,Безумный ангел Пиноккио,938990,2024,Russia,"музыка, драма",Борис Юхананов,0.0, Художественный,258.0
Безумный Пьеро,Pierrot le fou,Безумный Пьеро,Pierrot le fou,2786,1965,"France, Italy","драма, мелодрама, криминал",Жан-Люк Годар,7.3, Художественный,110.0
Безысходное положение,,,,,,,,,, Художественный,95.0
Бей первой!,,Бей первой!,Бей первой!,1150409,2023,Russia,документальный,Konstantin Raykh,0.0,Документальный,52.0
Бекки Шарп,Becky Sharp,Бекки Шарп,Becky Sharp,43888,1935,United States of America,"драма, мелодрама",Rouben Mamoulian,5.769, Художественный,72.0
Белая лента,The White Ribbon,白丝带,白丝带,828055,2004,,документальный,"胡杰, Ai Xiaoming",0.0, Художественный,143.0
Белая птица. Новое чудо,White Bird,Белая птица: Новое чудо,White Bird,779816,2023,United States of America,"драма, военный",Марк Форстер,7.81, Художественный,121.0
Белл-Лейк. Озеро демонов,The Bell Keeper,Белл-Лейк. Озеро демонов,The Bell Keeper,938669,2023,United States of America,"ужасы, боевик",Colton Tran,3.9, Художественный,90.0
Белль и Себастьян: Новое поколение,Belle et Sébastien: Nouvelle Génération,Белль и Себастьян: Новое поколение,Belle et Sébastien - Nouvelle génération,893364,2022,France,"приключения, семейный, драма",Pierre Coré,5.9, Художественный,96.0
Беловежская пуща,,Беловежская пуща. Зубр Бублик и большой побег,Беловежская пуща. Зубр Бублик и большой побег,1426265,2025,Belarus,"мультфильм, приключения",Сергей Кадров,0.0,Анимационный,55.0
Белое пластиковое небо,Müanyag égbolt / White Plastic Sky,Белое пластиковое небо,Műanyag égbolt,587384,2023,"Hungary, Slovakia","приключения, мультфильм, драма, фантастика","Sarolta Szabó, Tibor Bánóczki",6.758,Анимационный,111.0
Белой дороги!,,Белой дороги!,Белой дороги!,656592,2023,"Belgium, France, Mongolia, Russia",драма,Ella Manzheeva,0.0, Художественный,126.0
Белфаст,Balfest,Белфаст,Belfast,777270,2021,"United Kingdom, Northern Ireland","драма, история",Кеннет Брана,7.037, Художественный,98.0
Белые ночи,,Белые ночи,Белые ночи,530501,1960,Soviet Union,"драма, мелодрама",Иван Пырьев,7.7, Художественный,80.0
Белый ангел тундры,,Белый ангел тундры,Белый ангел тундры,1026106,2022,,драма,Александр Лукин,0.0, Художественный,73.0
Белый пароход,,Белый пароход,Белый пароход,263830,1976,Soviet Union,драма,Болотбек Шамшиев,5.4, Художественный,97.0
Белый пароход,,Белый пароход,Белый пароход,263830,1976,Soviet Union,драма,Болотбек Шамшиев,5.4, Художественный,90.0
Белый слон,White Elephant,Белый слон,White Elephant,843633,2022,United States of America,"боевик, криминал, триллер",Джесси Джонсон,5.837, Художественный,91.0
Белый список,,Белый список,Белый список,820095,2023,Russia,"драма, детектив, криминал",Алиса Хазанова,9.0, Художественный,122.0
Беляковы в отпуске,,Беляковы в отпуске,Беляковы в отпуске,1353496,2024,Russia,комедия,Александр Назаров,8.0, Художественный,93.0
Бемби,,Бемби,Bambi,3170,1942,United States of America,"мультфильм, драма, семейный",Дэвид Хэнд,7.01,"Прочее (Учебный, Спектакль, …)",72.0
Берген,Bergen,Берген,Bergen,776654,2022,Turkey,"драма, музыка","Caner Alper, Mehmet Binay",5.978, Художественный,145.0
Беренче йола («Первый обряд»),,,,,,,,,,Документальный,55.0
Бери да помни,,Бери да помни,Бери да помни,1152854,2023,Russia,"комедия, мелодрама",Байбулат Батулла,4.0, Художественный,83.0
Берлинский герой,Der Held vom Bahnhof,Берлинский герой,Der Held vom Bahnhof Friedrichstraße,1248217,2025,"Germany, Russia",комедия,Wolfgang Becker,6.6, Художественный,113.0
Бернард: миссия Марс,Backkom Bear: Mars Mission,Бернард: Миссия Марс,贝肯熊：火星任务,1174698,2023,China,"мультфильм, приключения, комедия, фантастика",Chao Wang,4.5,Анимационный,95.0
Бес попутал,,Бес попутал,Бес попутал,1450380,2025,Russia,"комедия, фэнтези, детектив",Дмитрий Фикс,5.5, Художественный,83.0
Беседы с Дрейденом,,,,,,,,,,Документальный,121.0
Бескомпромиссный Клиффорд Стилл,Lifeline: Clyfford Still,Lifeline: Clyfford Still,Lifeline: Clyfford Still,702543,2019,"Canada, United States of America",документальный,Dennis Scholl,8.0,Научно-популярный,77.0
Бесконечные дни,,Бесконечные дни,Бесконечные дни,1534351,2025,Russia,документальный,Софья Горленко,0.0,Документальный,81.0
Бесконечный апрель,,Бесконечный апрель,Бесконечный апрель,1260871,2025,Russia,драма,Антон Бутаков,0.0, Художественный,90.0
"Беспечность вечной любви, или восьмая проблема Гильберта",,,,,,,,,, Художественный,103.0
Беспредельные путешествия во времени,The Time addicts,Беспредельные путешествия во времени,Time Addicts,1020094,2023,Australia,"фантастика, криминал, триллер",Sam Odlum,6.185, Художественный,88.0
Беспредельщики,The Bezonians,Беспредельщики,The Bezonians,893508,2022,United Kingdom,"криминал, драма, триллер",Savvas D. Michael,4.8, Художественный,98.0
Беспринципные в деревне,,Беспринципные в деревне,Беспринципные в деревне,1057635,2023,Russia,комедия,Роман Прыгунов,6.4, Художественный,90.0
Бессмертные,,Бессмертные,Бессмертные,931527,2022,Russia,драма,Тигран Кеосаян,5.4, Художественный,104.0
Бессмертный полк,,,,,,,,,,Научно-популярный,105.0
Бессонная ночь,,Бессонная ночь,Бессонная ночь,530211,1960,Soviet Union,драма,Исидор Анненский,8.0, Художественный,87.0
Бест Хоррор Шортс. 3-е издание,Best Horror Shorts. 3d Edition,,,,,,,,, Художественный,93.0
Бизнес по-русски,,Бизнес по-русски,Бизнес по-русски,1126480,2023,Russia,комедия,Александр Цыренов,0.0, Художественный,76.0
Билет в балет,,,,,,,,,,Документальный,69.0
Биомеханика Мейерхольда,,Биомеханика Мейерхольда,Биомеханика Мейерхольда,610364,,Russia,"драма, история, триллер",Konstantin Fam,0.0, Художественный,117.0
Биохакинг,Biohacking. The person edited,,,,,,,,,Документальный,52.0
Битва за Родину,,Битва за Родину,Қара Қыз,1163391,2024,"Kazakhstan, Russia","драма, военный",Талгат Теменов,6.4, Художественный,105.0
Битва на озере,The Battle at Lake Changjin,Битва на озере 2,长津湖之水门桥,928123,2022,"China, Hong Kong","военный, история, боевик","Сюй Кэ, 陈凯歌, 林超賢",6.367, Художественный,177.0
Битва на озере 2,The Battle at Lake Changjin II,Битва на озере 2,长津湖之水门桥,928123,2022,"China, Hong Kong","военный, история, боевик","Сюй Кэ, 陈凯歌, 林超賢",6.367, Художественный,148.0
Битва шефов,La Vida Padre,Битва шефов,La vida padre,855810,2022,Spain,комедия,Joaquín Mazón,6.082, Художественный,92.0
Благословите Андрея!,,Благословите Андрея!,Благословите Андрея!,1327955,2024,Russia,документальный,Nikolay Bem,8.0,Документальный,64.0
"Блаженны чистые сердцем, ибо они Бога узрят",,,,,,,,,,Научно-популярный,2160.0
Блейз,Blaze,Блэйз,Blaze,489928,2018,United States of America,"драма, музыка, история",Итан Хоук,6.288, Художественный,101.0
Близнец,The Twin,Близнец,The Twin,477462,2022,Finland,"ужасы, детектив",Танели Мустонен,5.8, Художественный,108.0
Блиндаж,,Блиндаж,Блиндаж,1211903,2024,Russia,"военный, фантастика",Марк Горобец,7.8, Художественный,114.0
Блокадные судьбы,,Блокадные судьбы,Блокадные судьбы,1623606,2026,Russia,"мультфильм, драма, история, военный","Konstantin Biryukov, Mikhail Safronov, Andrey Bakhurin, Ирина Евтеева",0.0,Анимационный,79.0
Блокадный зоопарк,,Блокадный зоопарк,Блокадный зоопарк,1631532,2026,Russia,"документальный, военный, история",Андрей Егоров,0.0,Документальный,52.0
Блуждающая Земля 2,THE WANDERING EARTH 2,Как создавалась «Блуждающая Земля 2»,流浪地球2：再次冒险,1328632,2024,China,документальный,Го Сы Вэнь,7.0, Художественный,173.0
Бог из машины,,Бог из машины,Бог из машины,1038418,2022,Russia,документальный,Родион Чепель,0.0,Документальный,87.0
Богатыри,,Богатыри,Богатыри,1494142,2026,Russia,"комедия, фэнтези, семейный",Павел Воронин,0.0, Художественный,91.0
Бодибилдер,,Бодибилдер,Bodybuilder,270920,2014,France,"драма, комедия",Roschdy Zem,5.8, Художественный,91.0
Боевой киносборник № 4,,Боевой киносборник № 4,Боевой киносборник № 4,1698304,1941,Soviet Union,"военный, комедия","Grigoriy Aleksandrov, Василий Пронин, Ефим Арон",0.0, Художественный,59.0
Боевой киносборник № 6,,Боевой киносборник № 6,Боевой киносборник №6,984498,1941,Soviet Union,военный,"Francis Searle, Михаил Доллер, Всеволод Пудовкин, Владимир Юренев",6.5, Художественный,60.0
Боец: Король ринга,Prizefighter: The Life of Jem Belcher,Боец: король ринга,Prizefighter: The Life of Jem Belcher,943822,2022,"United Kingdom, United States of America","история, драма",Daniel Graham,6.16, Художественный,107.0
Боже! Чувствую приближение Твое!... Андрей Тарковский,,,,,,,,,,Документальный,59.0
Боже! Чувствую приближение твоё!,,Боже! Чувствую приближение твоё!,Боже! Чувствую приближение твоё!,1437169,2023,Russia,документальный,"Николай Бурляев, Дмитрий Чернецов",0.0,Документальный,52.0
Божественная. Сара Бернар,"Sarah Bernhardt, la divine/ The Divine Sarah Bernhardt",Божественная. Сара Бернар,"Sarah Bernhardt, La Divine",1228322,2024,"Belgium, France","драма, мелодрама",Guillaume Nicloux,6.0, Художественный,97.0
Божий Дар,,Дар божий,Дар божий,1294836,1998,Russia,драма,Николай Литус,0.0, Художественный,58.0
Божий Дар-2. Испытание немощью,,,,,,,,,, Художественный,99.0
Бой с тенью,,Бой с тенью,Бой с Тенью,56372,2005,Russia,"боевик, драма",Алексей Сидоров,5.431, Художественный,83.0
Бойся темноты,Ogre,Огрэ – чудовище,Ogre,18044,2009,"Canada, United States of America","ужасы, фантастика, телевизионный фильм",Стивен Р. Монро,5.3, Художественный,102.0
Бойся тишины,Sound of Silence,Sound of Silence,Sound of Silence,350043,2013,,драма,Frida Kempff,4.0, Художественный,92.0
Бойтесь своих желаний,The Friendship Game,Бойтесь своих желаний,The Friendship Game,844396,2022,"Canada, United States of America","ужасы, фантастика, детектив",Scooter Corkle,4.689, Художественный,87.0
Бойцы на всю голову,The Fight Machine,Бойцы на всю голову,The Fight Machine,722328,2022,Canada,"драма, боевик",Andrew Thomas Hunt,3.8, Художественный,104.0
Боксер,,Боксер,Боксер,1162937,2021,Kazakhstan,драма,Акан Сатаев,0.0, Художественный,101.0
"Более странно, чем в раю",Stranger Than Paradise,"Более странно, чем в раю",Stranger Than Paradise,469,1984,"United States of America, Germany","комедия, драма",Джим Джармуш,7.153, Художественный,89.0
Болеро. Душа Парижа,Bolero,Болеро,Bolero,5896,1984,United States of America,"драма, мелодрама",Джон Дерек,3.505, Художественный,121.0
Большая гонка. Ауди против Лянчи,2 Win,Для победы нужны двое,Two for the Win,775617,2021,"Canada, United States of America","мелодрама, телевизионный фильм",Jerry Ciccoritti,6.5, Художественный,108.0
Большая или маленькая ложь,Shriver,American Idealist: The Story of Sargent Shriver,American Idealist: The Story of Sargent Shriver,1625326,,,,Bruce Orenstein,0.0, Художественный,96.0
Большая коллекция,,,,,,,,,, Художественный,81.0
Большая семья,,Большая семья,Большая семья,199248,1954,Soviet Union,драма,Иосиф Хейфиц,5.9, Художественный,184.0
Больше огня: история Аниты Палленберг,Catching Fire: The Story of Anita Pallenberg,Catching Fire: The Story of Anita Pallenberg,Catching Fire: The Story of Anita Pallenberg,1122602,2024,United States of America,документальный,"Alexis Bloom, Svetlana Zill",7.182,Научно-популярный,108.0
Больше чем музей,More than a museum ,More Than a Museum,More Than a Museum,1284398,2024,"Spain, Norway",документальный,Morrosko Vila-San-Juan,0.0,Научно-популярный,55.0
Больше чем никогда,More Than Ever,Today More Than Ever,Today More Than Ever,983845,,,,Joey Smack,7.0, Художественный,123.0
Больше чем футбол,,Больше чем футбол,Больше чем футбол,1470408,2025,Russia,"драма, комедия",Виктор Демент,10.0, Художественный,106.0
"Больше, чем люди",SIMULANT (F/K/A HELLO STRANGER),"Больше, чем люди",Simulant,942199,2023,Canada,"фантастика, триллер",April Mullen,5.855, Художественный,95.0
Большие надежды,Great Expectations,Большие надежды,Great Expectations,9410,1998,United States of America,"комедия, драма, мелодрама",Альфонсо Куарон,6.6, Художественный,107.0
Большое космическое путешествие,,Большое космическое путешествие,Большое космическое путешествие,163843,1975,Soviet Union,"семейный, приключения, фантастика, мелодрама",Валентин Селиванов,5.389, Художественный,62.0
Большое путешествие. Вокруг света,,Большое путешествие. Вокруг света,Большое путешествие. Вокруг света,1239870,2024,Russia,"мультфильм, комедия, приключения, боевик, семейный",Василий Ровенский,8.6,Анимационный,87.0
Большое путешествие. Специальная доставка,,Большое путешествие. Специальная доставка,Большое путешествие. Специальная доставка,599019,2022,"Russia, Hungary","мультфильм, семейный, приключения, комедия",Василий Ровенский,6.4,Анимационный,90.0
Большой золотой слиток,BigGoldBrick,Большой золотой слиток,Big Gold Brick,624798,2022,"Canada, United States of America","комедия, драма, фэнтези",Brian Petsos,4.9, Художественный,133.0
Большой пернатый побег,Out of the Nest,All the Birds Crawl Out of their Nests,All the Birds Crawl Out of their Nests,1495033,2025,,,Tommy Aashildrød,0.0,Анимационный,85.0
Большой. Сезон,,Большой. Сезон,Большой. Сезон,1060442,2022,"Germany, Russia",документальный,Анастасия Попова,0.0,Документальный,98.0
Бомбардир. Время Боброва,,Бомбардир. Время Боброва,Бомбардир. Время Боброва,1649807,2024,Russia,документальный,"Сергей Головецкий, Егор Сальников, Kateryna Shevchenko",0.0,Документальный,76.0
Бонни,Bonnie,Бонни,Bonnie,880921,2022,United States of America,документальный,Simon Wallon,5.3,"Прочее (Учебный, Спектакль, …)",83.0
"Бонхёффер: Пастор, шпион, убийца",Bonhoeffer: Pastor. Spy. Assasin,"Бонхёффер: Пастор, шпион, убийца",Bonhoeffer: Pastor. Spy. Assassin,1079244,2024,"Belgium, Ireland","история, драма, военный",Тодд Комарницки,6.766, Художественный,127.0
Бордерлендс,Borderlands,Бордерлендс,Borderlands,365177,2024,"United States of America, Luxembourg","боевик, фантастика, комедия",Елай Рот,5.586, Художественный,101.0
Борец. Кажымукан – чемпион мира,,Борец. Кажымукан – чемпион мира,Qajymuqan,1291638,2024,Kazakhstan,драма,Kanagat Mustafin,0.0, Художественный,86.0
Борзенко: ринг за колючей проволокой,,Борзенко: Ринг за колючей проволокой,Борзенко: Ринг за колючей проволокой,1006781,2022,Russia,документальный,"Elena Moshal-Geladze, Alexey Degtyarev",0.0,Документальный,54.0
Борис Любимов. 10 встреч,,,,,,,,,,Научно-популярный,81.0
Борис Тищенко Непримиримый Темы с вариациями,,,,,,,,,,Документальный,52.0
Босс,Sicilian Letters ,Босс,Iddu - L'ultimo padrino,1148663,2024,"Italy, France","криминал, драма, история","Fabio Grassadonia, Antonio Piazza",6.174, Художественный,136.0
Босх: Сад сновидений,El Bosco. El jardin de los suenos/ Bosch: The Garden of Dreams,El Bosco: el jardín de los sueños,El Bosco: el jardín de los sueños,402042,2016,"France, Spain",документальный,José Luis López-Linares,7.1,"Прочее (Учебный, Спектакль, …)",84.0
Ботан и Супербаба,,Ботан и супербаба,Ботан и супербаба,741093,2022,Russia,"комедия, фантастика",Dmitry Menyaylo,6.1, Художественный,81.0
Ботеро,Botero,Botero,Botero,590353,2019,,документальный,Don Millar,6.3,"Прочее (Учебный, Спектакль, …)",82.0
Боцман и монах,,Боцман и монах,Боцман и монах,1649809,2025,Russia,документальный,Vladimir Parshikov,0.0,Документальный,62.0
Брак по-итальянски,Matrimonio all'italiana,Брак по-итальянски,Matrimonio all'italiana,49687,1964,"Italy, France","драма, мелодрама, комедия",Витторио Де Сика,7.69, Художественный,102.0
Брат 3,,Брат 3,Брат 3,633819,2024,Russia,"криминал, драма, боевик, комедия",Валерий Переверзев,4.6, Художественный,117.0
Брат и Сестра,Frere et Soeur,Брат и сестра,Frère et Sœur,836202,2022,France,драма,Arnaud Desplechin,4.933, Художественный,110.0
Брат навсегда,,Брат навсегда,Брат навсегда,1530654,2025,Russia,документальный,"Анна Сельянова, Григорий Сельянов",0.0,Документальный,69.0
Братцы Кролики: Пасхальный переполох,Rabbit Academy - Mission Eggpossible,Братцы Кролики: Пасхальный переполох,Die Häschenschule 2 – Der große Eierklau,888322,2022,"Austria, Germany","мультфильм, приключения, комедия",Ute von Münchow-Pohl,5.941,Анимационный,76.0
Братья,Frères,Frères,Frères,274420,2011,France,,Virginie Sauveur,0.0, Художественный,107.0
Братья,,Братья под огнём,Brothers Under Fire,1414413,2026,United States of America,"боевик, триллер, детектив, драма",Джастин Чадвик,6.0, Художественный,103.0
Братья,,Братья под огнём,Brothers Under Fire,1414413,2026,United States of America,"боевик, триллер, детектив, драма",Джастин Чадвик,6.0, Художественный,101.0
Братья Мэнсон против зомби,The Manson Brothers Midnight Zombie Massacre,Братья Мэнсон против зомби,The Manson Brothers: Midnight Zombie Massacre,714995,2021,United States of America,"ужасы, боевик, комедия",Макс Мартини,4.444, Художественный,93.0
Братья по нотам,Marching Band,Marching Band,Marching Band,249807,2009,France,документальный,Claude Miller,0.0, Художественный,103.0
"Брахмастра, часть 1: Шива",Brahmastra Part One: Shiva,Брахмастра. Часть 1 Шива,ब्रह्मास्त्र पहला भाग: शिवा,496331,2022,India,"боевик, приключения, фэнтези",Ayan Mukerji,6.321, Художественный,167.0
Бременские музыканты,,Бременские музыканты,Бременские музыканты,1179316,2024,Russia,"приключения, семейный, музыка",Алексей Нужный,5.3, Художественный,116.0
Бригада: Добро пожаловать в пустыню,Welcome to Gobi,Бригада: Добро пожаловать в пустыню,Gebi jie chu,1119156,2021,China,"драма, комедия",,0.0, Художественный,90.0
Бродский. Суд,,,,,,,,,,Научно-популярный,52.0
Бугимен. Начало легенды,Boogeyman: The origin of the myth,Бугимен. Начало легенды,El hombre del saco,1145851,2023,"Spain, Uruguay","ужасы, приключения",Ángel Gómez Hernández,6.2, Художественный,91.0
Бугимен. Царство мёртвых,The Closet,The Closet,The Closet,1397669,,,триллер,"Brian McGreevy, Matthew James Thomas",0.0, Художественный,98.0
Бугун былыр 2 (Сегодня прошлое 2),,,,,,,,,, Художественный,84.0
Бугун-былыр (Сегодня-прошлое),,,,,,,,,, Художественный,88.0
Будет жить!,,Виктóр будет жить,Виктóр будет жить,1648208,,Russia,комедия,Алексей Демченко,0.0,Документальный,90.0
Будика - королева воинов,Boudica,Будика: Королева воинов,Boudica,975902,2023,United Kingdom,"боевик, военный",Джесси Джонсон,5.8, Художественный,101.0
Будущее,,Назад в будущее,Back to the Future,105,1985,United States of America,"приключения, комедия, фантастика",Роберт Земекис,8.326,Документальный,57.0
Будущие,,Будущие звёзды,Futures vedettes,194880,1955,France,"комедия, драма",Marc Allégret,5.031,Научно-популярный,72.0
Будь моим парнем,,Будь моим парнем,Будь моим парнем,1468682,2025,Russia,мелодрама,Сергей Наумов,0.0, Художественный,77.0
Будь моим продюсером,,,,,,,,,, Художественный,84.0
Будь моими глазами,See for me,Будь моими глазами,See for Me,825808,2022,Canada,"криминал, ужасы, триллер",Randall Okita,6.002, Художественный,93.0
Будь по-моему!,,,,,,,,,, Художественный,90.0
Булки,,Булки,Булки,768749,2022,Russia,комедия,Олег Асадулин,6.8, Художественный,102.0
Бультерьер,,Бультерьер,Бультерьер,599021,2022,Russia,драма,Василий Быстров,6.0, Художественный,96.0
Буратино,,Буратино,Буратино,1248723,2026,Russia,"семейный, драма, приключения, фэнтези",Игорь Волошин,7.481, Художественный,102.0
Бурят в европейском кино,,Бурят в европейском кино,Бурят в европейском кино,1256696,2024,Russia,документальный,"Artem Burlov, Никита Давидян",0.0,Научно-популярный,61.0
Бурятский час,,Бурятский час,Бурятский час,1015185,2022,Russia,комедия,Chimit Zhamyanov,0.0, Художественный,80.0
Бурятский час с лишним,,Бурятский час с лишним,Бурятский час с лишним,1601777,2025,Russia,"комедия, драма",Chimit Zhamyanov,0.0, Художественный,104.0
Бутырская тюрьма,,,,,,,,,,Документальный,117.0
Буу!,Boo,Boo,Boo,589142,2019,United States of America,"ужасы, триллер",Rakefet Abergel,6.5, Художественный,90.0
Бухта Бэррона,Barron's Cove,Бухта Бэррона,Barron's Cove,1128546,2025,United States of America,"криминал, триллер, драма",Evan Ari Kelman,6.865, Художественный,117.0
Бывшие. Happy end,,Бывшие. Happy End,Бывшие. Happy End,1043432,2022,Russia,"мелодрама, драма",Антон Мегердичев,7.1, Художественный,109.0
Бывший в помощь,,Бывший в помощь,Бывший в помощь,1284539,2024,Russia,"комедия, мелодрама","Георгий Малков, Максим Максимов",0.0, Художественный,88.0
Был у мамы дедушка,,Был у мамы дедушка,Был у мамы дедушка,1550095,2024,Russia,документальный,Александр Гринёв,0.0,Документальный,70.0
Быстрее ветра,Rapide,Быстрее ветра,Rapide,1261504,2025,France,"боевик, мелодрама, драма",Morgan S. Dalibert,6.0, Художественный,98.0
Быстрый словарик любви,A Quick Alphabet Of Love,Быстрый словарик любви,A E I O U – Das schnelle Alphabet der Liebe,928709,2022,"France, Germany","мелодрама, драма, комедия",Nicolette Krebitz,4.882, Художественный,103.0
Быть,,Быть,Быть,1069543,2023,Russia,"фантастика, комедия",Александр Ковтунец,4.0, Художественный,115.0
Быть Сальвадором Дали,Dali Land,Край безвестной дали,Край безвестной дали,879071,2021,Russia,документальный,Ayaal Adamov,0.0, Художественный,104.0
Бэби Фэйс,,,,,,,,,, Художественный,93.0
Бэмби. Лесной кошмар,Bambi: The Reckoning,Бэмби. Лесной кошмар,Bambi: The Reckoning,1049942,2025,United Kingdom,"ужасы, триллер",Dan Allen,5.519, Художественный,80.0
Бэтмен,The Batman,Бэтмен,The Batman,414906,2022,United States of America,"криминал, детектив, триллер",Мэтт Ривз,7.661, Художественный,176.0
Бюро магических услуг,The Portable Door,Бюро магических услуг,The Portable Door,830896,2023,"Australia, United States of America","фэнтези, приключения, комедия",Джеффри Уолкер,6.5, Художественный,116.0
В Арктику,,В Арктику,В Арктику,1226471,2024,Russia,документальный,Leonid Kruglov,7.0,Научно-популярный,109.0
В ПОГОНЕ ЗА МЕЧТОЙ,,В погоне за мечтой,The Slaughter Rule,21801,2002,United States of America,драма,"Andrew J. Smith, Alex Smith",5.633,Документальный,54.0
В ПОТЕРЯННЫХ ЗЕМЛЯХ,IN THE LOST LANDS,В потерянных землях,In the Lost Lands,324544,2025,"Germany, Switzerland","боевик, фэнтези, вестерн",Пол У. С. Андерсон,6.36, Художественный,100.0
В активном поиске страданий,,В активном поиске страданий,В активном поиске страданий,1523519,2025,Russia,документальный,"Анна Бондарь, Олеся Епишина, Наталья Саврас, Анастасия Иванова",0.0,Документальный,84.0
В баню!,,В баню!,В баню!,1383261,2024,Russia,"комедия, семейный",Данил Иванов,7.0, Художественный,106.0
В джазе только девушки,Some Like It Hot,В джазе только девушки,Some Like It Hot,239,1959,United States of America,"комедия, мелодрама, криминал",Билли Уайлдер,8.079, Художественный,121.0
В краю печорских былин,,В краю печорских былин,В краю печорских былин,1464119,2025,Russia,документальный,Татьяна Киселева,0.0,Документальный,70.0
В ловушке,Escape,План побега,Escape Plan,107846,2013,"United Kingdom, United States of America","боевик, триллер",Микаэль Хофстрём,6.722, Художественный,93.0
В ловушке,Locked In,Запертая,Locked In,1064024,2023,"United Kingdom, France",триллер,Nour Wazzi,5.285, Художественный,86.0
В ловушке,Prisonniere/ Trapped,В ловушке,Prisonnière,1472940,2025,France,"телевизионный фильм, триллер",Valentin Vincent,5.9, Художественный,81.0
В мастерской Ренцо Пиано,Inside Renzo Piano Building Workshop,Inside Renzo Piano Building Workshop,Inside Renzo Piano Building Workshop,1130204,2023,Italy,документальный,"Claudia Adragna, Davide Fois",0.0,Научно-популярный,53.0
В ожидании Дали,Waiting for Dali,В ожидании Дали,Esperando a Dalí,1091044,2023,Spain,"комедия, мелодрама",David Pujol,6.813, Художественный,119.0
В паутине,Cobweb,В паутине страха,Cobweb,709631,2023,United States of America,ужасы,Samuel Bodin,6.431, Художественный,132.0
В паутине обмана,Unwinding,В паутине обмана,Unwinding,1187129,2026,United States of America,триллер,Reza Ghassemi,0.0, Художественный,105.0
В плену огня,,В плену огня,On Fire,900409,2023,United States of America,"драма, триллер, боевик, приключения","Nick Lyon, Питер Фачинелли",6.109, Художественный,80.0
В плену стихии,Lost on a Mountain,В плену стихии,Lost on a Mountain in Maine,1197619,2024,United States of America,"приключения, драма, семейный",Andrew Kightlinger,6.89, Художественный,98.0
В погоне за камнем,,В погоне за камнем,В погоне за камнем,1228099,2023,Russia,"криминал, боевик, триллер",Ibrahim Ursanov,0.0, Художественный,93.0
В погоне за мечтой,The Slaughter Rule,В погоне за мечтой,The Slaughter Rule,21801,2002,United States of America,драма,"Andrew J. Smith, Alex Smith",5.633, Художественный,117.0
В поисках Адама,Adam the first,В поисках Адама,Adam the First,810658,2024,United States of America,драма,Irving Franco,6.2, Художественный,101.0
В поисках смысла,,,,,,,,,,Документальный,60.0
В поисках снежного барса,La panthère des neiges / The Velvet Queen,La Panthère des neiges,La Panthère des neiges,842356,2021,France,документальный,"Marie Amiguet, Vincent Munier",7.9,Документальный,92.0
В постели с незнакомцем,The Stranger in Our Bed,В постели с незнакомцем,The Stranger in Our Bed,993621,2022,United Kingdom,"триллер, детектив",Giles Alderson,5.703, Художественный,86.0
В потоке трех стихий,,В потоке трех стихий,В потоке трех стихий,1322087,2024,Russia,"драма, детектив",Ирина Гобозашвили,0.0, Художественный,85.0
В раю мест нет,,,,,,,,,, Художественный,104.0
В списках не значился,,В списках не значился,В списках не значился,1273674,2025,Russia,"драма, военный",Сергей Коротаев,5.2, Художественный,116.0
В теле убийцы,Akmadeul / Devils,В теле убийцы,악마들,952476,2023,South Korea,"триллер, криминал, фэнтези",Kim Jae-hoon,5.953, Художественный,105.0
В тумане,Talchul: peurojekteu sailleonseu / SILENCE,В тумане,В тумане,103742,2012,"Belarus, Germany, Latvia, Netherlands, Russia","драма, военный, история",Сергей Лозница,6.186, Художественный,96.0
В чем смысл Рождества?,,,,,,,,,, Художественный,83.0
В школе философов,A l'ecole des philosophes,À l'école des Philosophes,À l'école des Philosophes,520722,2018,Switzerland,документальный,Fernand Melgar,6.9,Научно-популярный,97.0
В эфире,On the Line,В эфире,On the Line,979924,2022,"France, United States of America","триллер, драма",Romuald Boulanger,6.069, Художественный,104.0
ВАЙЛЕТ В СТРАНЕ ЧУДЕС,Wonderwell,Вайлет в стране чудес,Wonderwell,456483,2023,"Italy, United States of America","фэнтези, семейный",Vlad Marsavin,5.5, Художественный,90.0
ВЕЛГА,,Велга,Велга,713177,2022,Russia,драма,Anastasiya Nechaeva,0.0, Художественный,83.0
ВЕЛИКАЯ ИРОНИЯ,COUP DE CHANCE,Великая ирония,Coup de chance,859235,2023,"France, United Kingdom, United States of America",драма,Вуди Аллен,6.19, Художественный,96.0
ВЕЛИКОЛЕПНАЯ ПЯТЕРКА,,Великолепная пятерка,Великолепная пятерка,1112357,2023,Russia,"мультфильм, приключения, семейный",Василий Ровенский,5.7,Анимационный,75.0
ВЕНСАН ДОЛЖЕН УМЕРЕТЬ,Vincent doit mourir,Венсан должен умереть,Vincent doit mourir,965890,2023,"France, Belgium","драма, фэнтези, триллер, ужасы",Stéphan Castang,6.243, Художественный,108.0
ВЕРНИ ЕЁ ИЗ МЁРТВЫХ,BRING HER BACK,Верни её из мёртвых,Bring Her Back,1151031,2025,"Australia, United States of America",ужасы,"Майкл Филиппу, Дэнни Филиппу",7.343, Художественный,104.0
ВЕРНЫЙ ДРУГ,THE FRIEND,Верный друг,The Friend,1186563,2025,United States of America,"комедия, драма","David Siegel, Scott McGehee",6.658, Художественный,119.0
ВЕЧНОСТЬ,ETERNITY,Вечность,Eternity,1259102,2025,United States of America,"мелодрама, комедия, драма",David Freyne,7.066, Художественный,113.0
ВЗЛОМ НА МИЛЛИОН,WARDRIVER,Взлом на миллион,Wardriver,938150,2026,United States of America,"триллер, криминал",Ребекка Томас,6.487, Художественный,94.0
ВИТИМ-НАВИГАТОР,,,,,,,,,,Документальный,102.0
ВОЗВРАЩЕНИЕ,,Возвращение,Возвращение,11190,2003,Russia,"драма, детектив",Андрей Звягинцев,7.3,Документальный,92.0
ВОЗВРАЩЕНИЕ В САЙЛЕНТ ХИЛЛ,RETURN TO SILENT HILL,Возвращение в Сайлент Хилл,Return to Silent Hill,680493,2026,"France, Japan, United States of America, United Kingdom, Germany","детектив, драма, ужасы",Кристоф Ган,5.347, Художественный,105.0
ВОИНЫ СУМЕРЕК: ОСАДА КОУЛУНА,TWILIGHT OF THE WARRIORS: WALLED IN,Воины сумерек: Осада Коулуна,九龍城寨之圍城,923667,2024,"China, Hong Kong","боевик, криминал, триллер",Чин Поу-Сой,7.002, Художественный,120.0
ВОЛОК. СНЫ О ДОРОГЕ,,Волок. Сны о дороге,Волок. Сны о дороге,1007585,2023,Russia,документальный,Сергей Карандашов,0.0,Документальный,95.0
ВОЛШЕБНАЯ РЫБКА ЗЕБРАДАНИО,,,,,,,,,,Документальный,55.0
ВОЛЯ ТВОЯ,,Воля твоя,Воля твоя,1478386,2025,Russia,документальный,Екатерина Аркалова,0.0,Документальный,98.0
ВОРОН,THE CROW,Ворон,The Crow,957452,2024,"France, Germany, United Kingdom, United States of America","боевик, фэнтези, ужасы",Руперт Сандерс,5.79, Художественный,110.0
ВОСПОМИНАНИЯ О ГОРОДЕ М,,,,,,,,,,Документальный,67.0
ВОТ ЭТО ДРАМА! (дубляж),THE DRAMA,Вот это драма!,The Drama,1325734,2026,United States of America,"мелодрама, комедия, драма",Кристоффер Боргли,6.9, Художественный,106.0
ВОТ ЭТО ДРАМА! (субтитры),THE DRAMA,Вот это драма!,The Drama,1325734,2026,United States of America,"мелодрама, комедия, драма",Кристоффер Боргли,6.9, Художественный,106.0
ВОУ-НОУ,,,,,,,,,,Документальный,53.0
ВРЕМЯ ЖИТЬ,WE LIVE IN TIME,Время жить,We Live in Time,1100099,2024,United Kingdom,"мелодрама, драма",Джон Краули,7.222, Художественный,107.0
ВСЕ ОТТЕНКИ КРАСНОГО,Red Flags,Red Flags,Red Flags,1556776,,"United Kingdom, Portugal","триллер, детектив",Bradley Porter,0.0, Художественный,90.0
ВСЕВЕДУЩИЙ ЧИТАТЕЛЬ,OMNISCIENT READER: THE PROPHECY,Всеведущий читатель,전지적 독자 시점,1131759,2025,South Korea,"боевик, приключения, фэнтези",김병우,6.886, Художественный,117.0
ВУНДЕРКИНД,WOLFGANG,Вундеркинд,Wolfgang (Extraordinari),1306284,2025,Spain,"семейный, драма, музыка",Javier Ruiz Caldera,6.6, Художественный,97.0
ВЫБОР,,Выбор,The Choice,330483,2016,United States of America,"драма, мелодрама",Ross Katz,7.193,Документальный,53.0
Вадим Абдрашитов. Разговор со временем.,,,,,,,,,,Документальный,52.0
Вака - заколдованный воин,Mini Shijie Zhi Juexing,Mini Shijie Zhi Juexing,Mini Shijie Zhi Juexing,1228973,2022,,мультфильм,Xuhui Xing,7.0,Анимационный,99.0
Валентина,Valentina,Valentina,Valentina,80135,1982,Spain,драма,Antonio José Betancor,6.053,Анимационный,66.0
Валешка,,Валешка,Валешка,1650230,2025,Russia,документальный,Yuliya Korneva,0.0,Документальный,62.0
Вальдо,Last Looks,Вальдо,Last Looks,557946,2022,"United States of America, United Kingdom","боевик, криминал, триллер",Tim Kirkby,5.761, Художественный,111.0
Вальс со смертью,,Вальс со смертью,Вальс со смертью,1638139,2025,Russia,"драма, военный",Andrei Kirillov,0.0, Художественный,102.0
Вампирша-гуманистка ищет отчаянного добровольца,Humanist Vampire Seeking Consenting Suicidal Person,Вампирша-гуманистка ищет отчаянного добровольца,Vampire humaniste cherche suicidaire consentant,988402,2023,Canada,"мелодрама, комедия, фэнтези, ужасы",Ariane Louis-Seize,7.405, Художественный,91.0
Вампиры лёгкого поведения,The Radleys,Вампиры лёгкого поведения,The Radleys,1139713,2024,United Kingdom,"комедия, ужасы, триллер",Эрос Лин,5.1, Художественный,108.0
"Вампиры средней полосы (3 сезон, серия 10 из 10)",,,,,,,,,, Художественный,64.0
Вампиры-зомби... из космоса!,Vampire Zombies... From Space!,Вампиры-зомби... из космоса!,Vampire Zombies...from Space!,1174240,2026,Canada,"комедия, ужасы, фантастика",Michael Stasko,6.375, Художественный,98.0
Ван Эйк: Искусство реальности,Van Eyck: The Temptation of Reality,,,,,,,,,Научно-популярный,67.0
ВаняДаня,,,,,,,,,,Документальный,52.0
Варда навсегда,Viva Varda!,Viva Varda!,Viva Varda!,1087657,2023,France,документальный,Pierre-Henri Gibert,8.1, Художественный,67.0
Варшава'21,,,,,,,,,, Художественный,557.0
Васек Трубачёв и его товарищи,,Васек Трубачев и его товарищи,Васек Трубачев и его товарищи,65729,1955,Soviet Union,семейный,Илья Фрэз,6.111, Художественный,82.0
Василий,,Василий,Василий,732707,2025,Russia,комедия,Дмитрий Литвиненко,7.2, Художественный,108.0
Василий Суриков,,Василий Суриков,Василий Суриков,388629,1959,Soviet Union,"документальный, драма",Анатолий Рыбаков,8.0, Художественный,93.0
Василиса и хранители времени,,Василиса и хранители времени,Василиса и хранители времени,634109,2024,Russia,"приключения, семейный, драма",Павел Лунгин,7.0, Художественный,98.0
Вася не в себе,,Вася не в себе,Вася не в себе,1186005,2023,Russia,"комедия, фантастика",Гарик Петросян,8.7, Художественный,96.0
"Ваш ход, Королева!",,,,,,,,,,Документальный,59.0
Вверх по волшебному дереву,The Magic Faraway Tree,Вверх по волшебному дереву,The Magic Faraway Tree,1140521,2026,"United Kingdom, United States of America","семейный, фэнтези, приключения",Ben Gregor,6.297, Художественный,110.0
Вдова пастора,Prästänkan,Вдова пастора,Prästänkan,62982,1920,Sweden,"комедия, драма, история",Карл Теодор Дрейер,7.3, Художественный,71.0
"Вдоль таежной, озерной и степной",,,,,,,,,, Художественный,91.0
Вдохновение,,Вдохновение,Вдохновение,1324377,2024,Russia,триллер,Константин Еронин,4.5, Художественный,87.0
Вдохновители,,Вдохновители,Вдохновители,1274491,2022,Russia,документальный,Svetlana Osipova,0.0,Научно-популярный,90.0
Ведьма. Деревня проклятых,Impetigore,Ведьма. Деревня проклятых,Perempuan Tanah Jahanam,572468,2019,"Indonesia, South Korea, United States of America","ужасы, детектив",Хоко Анвар,6.7, Художественный,107.0
Ведьма: Реинкарнация,Mal de ojo,Ведьма: Реинкарнация,Mal de ojo,943221,2022,Mexico,ужасы,Isaac Ezban,6.685, Художественный,99.0
Ведьмина доска,Witchboard,Ведьмина доска,Witchboard,1107325,2025,United States of America,ужасы,Чак Рассел,5.877, Художественный,113.0
Ведьмина служба доставки,Majo no takkyûbin,Служба доставки Кики (фильм),魔女の宅急便,252391,2014,"Hong Kong, Japan","фэнтези, приключения, комедия",Такаси Симидзу,6.025,Анимационный,103.0
Везунчики,Good Fortune,Везунчики,Good Fortune,1114967,2025,United States of America,"комедия, фэнтези",Азиз Ансари,6.886, Художественный,98.0
Век другими глазами,,,,,,,,,,Документальный,65.0
Вековой футбол,,,,,,,,,,Документальный,61.0
Великая,Lee,Мумия,Lee Cronin's The Mummy,1304313,2026,"United States of America, Ireland","ужасы, детектив",Ли Кронин,8.0, Художественный,118.0
Великая Лилиан Холл,The Great Lillian Hall,Великая Лиллиан Холл,The Great Lillian Hall,800513,2024,United States of America,"драма, приключения, детектив, история",Майкл Кристофер,7.0, Художественный,110.0
Великая война. Оттенки памяти,,,,,,,,,,Документальный,96.0
Великая магия,Il sol dell'avvenire,Il sol dell'avvenire,Il sol dell'avvenire,209223,2008,Italy,документальный,"Gianfranco Pannone, Giovanni Fasanella",6.2, Художественный,96.0
Великий Будда+,The Great Buddha+,大佛,大佛,382536,2014,Taiwan,"детектив, криминал, драма",黃信堯,5.9, Художественный,103.0
Великий Будда+,The Great Buddha+,大佛,大佛,382536,2014,Taiwan,"детектив, криминал, драма",黃信堯,5.9, Художественный,96.0
Великий перелет,,,,,,,,,,Документальный,57.0
Великий перелом (1945г. реставрация 2023),,,,,,,,,, Художественный,95.0
Величайший детектив-паук,Inspector Sun and the Curse of the Black Widow,Величайший детектив-паук,Inspector Sun y la maldición de la viuda negra,987750,2022,Spain,"мультфильм, семейный, комедия, детектив",Хулио Сото Гурпиде,6.7,Анимационный,88.0
Вендетта. Банды Атланты,Vendetta,Вендетта. Банды Атланты,Vendetta,894169,2022,United States of America,"боевик, криминал",Jared Cohn,6.063, Художественный,96.0
Венецианские тайны,Lasciami andare,Lasciami Andare,Lasciami Andare,910939,,,драма,Roberto Carta,0.0, Художественный,98.0
Венецияфрения,Veneciafrenia,Венецияфрения,Veneciafrenia,756681,2022,"Spain, United States of America, Italy",ужасы,Алекс де ла Иглесиа,6.018, Художественный,99.0
Вера,,Вера,Вера,1226748,1986,Soviet Union,"драма, история",Игорь Мусатов,9.0, Художественный,115.0
Вера,,Вера,Вера,1226748,1986,Soviet Union,"драма, история",Игорь Мусатов,9.0, Художественный,165.0
Верблюжья дуга,,Верблюжья дуга,Верблюжья дуга,1010410,2022,Russia,драма,Vitaly Suslin,0.0, Художественный,84.0
Веретёнца: Глубинки Татарстана,,,,,,,,,,Документальный,58.0
Верни меня из мертвых ,The grieving,Верни меня из мёртвых,The Grieving,1528625,2026,Italy,"ужасы, триллер","Alessandro Antonaci, Daniel Lascar, Stefano Mandalà",4.5, Художественный,95.0
Верные,,Верные друзья,Верные друзья,142770,1954,Soviet Union,"мелодрама, комедия",Михаил Калатозов,7.1,Документальный,70.0
Версаче ,The Genius of Gianni Versace Alive,Версаче,The Genius of Gianni Versace Alive,1092347,2023,,документальный,Salvatore Zannino,3.5,"Прочее (Учебный, Спектакль, …)",65.0
Верховье,,,,,,,,,, Художественный,66.0
Вершина страха,Summit Fever,Вершина страха,Summit Fever,994441,2022,United Kingdom,триллер,Julian Gilbey,5.481, Художественный,115.0
"Верьте мне, люди",,"Верьте мне, люди","Верьте мне, люди",142775,1964,Soviet Union,драма,"Илья Гурин, Vladimir Berenstein, Леонид Луков",5.1, Художественный,111.0
Вес победы,The Cut,Вес победы,The Cut,1215798,2025,"United Kingdom, United States of America","триллер, драма",Sean Ellis,5.96, Художественный,96.0
"Весна, лето, осень, зима...и снова весна","Spring, Summer, Fall, Winter...and Spring","Зима, весна, лето, осень… и снова зима","Зима, весна, лето, осень… и снова зима",1525498,2025,Russia,драма,Ильдар Шангараев,6.0, Художественный,103.0
Ветер,,Ветер,Ветер,481938,1959,Soviet Union,"военный, драма","Владимир Наумов, Александр Алов",7.5, Художественный,129.0
Ветер,The Wind,Унесённые ветром,Gone with the Wind,770,1939,United States of America,"драма, военный, мелодрама",Виктор Флеминг,7.9, Художественный,79.0
Ветер крепчает,The Wind Rises,Клинки хранителей,镖人：风起大漠,1305781,2026,China,"боевик, драма, история",袁和平,7.028, Художественный,126.0
Ветер крепчает,Kaze tachinu,風立ちぬ,風立ちぬ,1698462,1954,Japan,драма,島耕二,0.0,Анимационный,126.0
Вечеринка на вылет,Murder Party,Вечеринка на вылет,Murder Party,862734,2022,France,"комедия, криминал, драма, детектив",Nicolas Pleskof,5.275, Художественный,103.0
Вечеринка на краю света,Gasoline rainbow,Gasoline Rainbow,Gasoline Rainbow,1156110,2024,United States of America,"драма, приключения","Bill Ross, Turner Ross",5.9,Научно-популярный,111.0
Вечная зима,,Вечная зима,Вечная зима,1158986,2024,Russia,драма,Николай Ларионов,5.0, Художественный,70.0
Вечно живой,,Вечно живой,Вечно живой,1365006,2024,Russia,документальный,Aleksey Hanyutin,0.0,Документальный,105.0
Вечное новое,,Вечное новое,Вечное новое,1030175,2022,"Belarus, Russia","драма, фэнтези, триллер",Андрей Лескин,0.0, Художественный,87.0
Вечное сияние чистого разума,Eternal Sunshine of the Spotless Mind,Вечное сияние чистого разума,Eternal Sunshine of the Spotless Mind,38,2004,United States of America,"фантастика, драма, мелодрама",Michel Gondry,8.1, Художественный,108.0
Вечный ты,Eternal you,Eternal You,Eternal You,1214502,2024,"Germany, Netherlands, United States of America",документальный,"Moritz Riesewick, Hans Block",6.4,Научно-популярный,87.0
Взаперти,Shut In,Взаперти,Shut In,329981,2016,"Canada, France, United States of America","драма, триллер",Farren Blackburn,5.283, Художественный,89.0
Взвести курки,Guns Up,Взвести курки,Guns Up,1181540,2025,United States of America,"боевик, комедия, криминал",Эдвард Дрейк,6.48, Художественный,92.0
Вздох,Breath,Дыхание шторма,Last Breath,972533,2025,"United Kingdom, United States of America","триллер, драма",Alex Parkinson,6.881, Художественный,81.0
Взломай код,Break the codes,,,,,,,,,Научно-популярный,52.0
Взломщик,The Locksmith,Взломщик,The Locksmith,1075519,2023,United States of America,"триллер, детектив, боевик, криминал, драма",Nicolas Harvard,5.9, Художественный,92.0
Взрослый сын,,Взрослый сын,Взрослый сын,638201,1980,Soviet Union,мелодрама,Александр Панкратов-Чёрный,9.0, Художественный,80.0
Взрывная игра,Hot Seat,Взрывная игра,Hot Seat,888195,2022,"United Kingdom, United States of America","триллер, боевик",James Cullen Bressack,5.13, Художественный,98.0
Вий,,Вий,Вий,208763,2014,"United Kingdom, Germany, Russia, Ukraine, Czech Republic","триллер, приключения, детектив, фэнтези, ужасы, фантастика",Олег Степченко,5.928, Художественный,111.0
Винни-Пух: Кровь и мёд,Winnie-the-Pooh:Blood and Honey,Винни-Пух: Кровь и мёд 3,Winnie the Pooh: Blood and Honey 3,1268053,,"United Kingdom, United States of America","ужасы, триллер, фантастика",Scott Chambers,0.0, Художественный,85.0
Винни-Пух: Кровь и мёд 2,Winnie-the-Pooh: Blood and Honey 2,Винни-Пух: Кровь и мёд 2,Winnie-the-Pooh: Blood and Honey 2,1079485,2024,United Kingdom,"ужасы, триллер",Rhys Frake-Waterfield,5.769, Художественный,93.0
Виновата любовь,Young Werther,Виновата любовь,Young Werther,1168294,2024,Canada,"мелодрама, комедия, драма",José Lourenço,4.7, Художественный,101.0
Винокурня семьи Комада (версия с субтитрами),Komada Jouryuusho e Youkoso,Винокурня семьи Комада,駒田蒸留所へようこそ,1119211,2023,Japan,"мультфильм, драма, семейный",Масаюки Йошихара,6.8,Анимационный,91.0
Винокурня семьи Комада (озвучка АниЛибрия),Komada Jouryuusho e Youkoso,Винокурня семьи Комада,駒田蒸留所へようこそ,1119211,2023,Japan,"мультфильм, драма, семейный",Масаюки Йошихара,6.8,Анимационный,91.0
Винокурня семьи Комада (озвучка Флероу Филмс),Komada Jouryuusho e Youkoso,Винокурня семьи Комада,駒田蒸留所へようこそ,1119211,2023,Japan,"мультфильм, драма, семейный",Масаюки Йошихара,6.8,Анимационный,91.0
Винсент Ван Гог - Новый взгляд,Vincent van Gpgh - A New Way of Seeing,,,,,,,,,"Прочее (Учебный, Спектакль, …)",92.0
Виридиана ,Viridiana,Виридиана,Viridiana,4497,1962,"Spain, Mexico",драма,Luis Buñuel,7.658, Художественный,87.0
Вирус лжи,Blame,Вина,Blame,422128,2018,United States of America,драма,Quinn Shephard,6.612,Научно-популярный,123.0
Виселица. Жертва призрака,Dark House,Dark House,Dark House,45729,2009,United States of America,"ужасы, триллер",Darin Scott,5.431, Художественный,80.0
Вихрь,Vortex,Gorgeous Vortex,Gorgeous Vortex,1374127,2015,United States of America,ужасы,Todd Lincoln,4.0, Художественный,142.0
Вкус любви,The Tasting,"Tasting Victory, the Life and Wines of the World's Favourite Sommelier","Tasting Victory, the Life and Wines of the World's Favourite Sommelier",1259158,2024,United Kingdom,,Kiki Glover,0.0, Художественный,88.0
Вкус страха,Tastes of Horror,Вкус страха,괴담만찬,1168166,2023,South Korea,ужасы,"Ahn Sang-hoon, Lim Dae-wung, 김용균, 윤은경, 채여준",5.4, Художественный,118.0
Вкусовщина,,,,,,,,,,Документальный,52.0
Владимир Крикунов. Мужик,,,,,,,,,,Документальный,57.0
Владимир Спиваков. Иные измерения,,,,,,,,,,Научно-популярный,60.0
Влюблен без памяти,Loving Memories,In Loving Memories,In Loving Memories,1342419,2024,,,John Eaton,0.0, Художественный,88.0
Влюбленные в небо,Blue Thermal,Влюблённые в небо,ブルーサーマル,865767,2022,Japan,"мультфильм, драма, мелодрама, комедия",Масаки Татибана,6.7,Анимационный,104.0
Вместе Веселее,,Вместе веселее,Вместе веселее,1015263,2022,Russia,"комедия, мелодрама",Anastasiya Vasilyeva,0.0, Художественный,119.0
Вне закона,Down By Law,Вне закона,Down by Law,1554,1986,"United States of America, Germany","криминал, драма, комедия",Джим Джармуш,7.344, Художественный,107.0
Вне фокуса,Out of Focus,Out of Focus,Out of Focus,259672,2012,United States of America,ужасы,Remi Vaughn,6.0,"Прочее (Учебный, Спектакль, …)",52.0
Внебрачные связи,Deception,Список контактов,Deception,13018,2008,"Spain, United States of America","триллер, детектив",Marcel Langenegger,5.952, Художественный,105.0
Вниз,,Сверху вниз,Highest 2 Lowest,1242434,2025,"United States of America, Japan","триллер, криминал, драма",Спайк Ли,5.503, Художественный,91.0
Во тьме,,Во тьме,Во тьме,1103557,2022,,"боевик, триллер",,0.0, Художественный,97.0
Водитель-олигарх,,Водитель-олигарх,Водитель-олигарх,1212231,2024,Russia,комедия,Алексей Пиманов,5.4, Художественный,90.0
Военкоры,,Военкоры,Военкоры,1236930,2022,Russia,документальный,Артём Сомов,0.0,Документальный,70.0
Вождь орков,Warchief,Вождь орков,Warchief,1067341,2024,United Kingdom,"фэнтези, приключения, боевик",Stuart Brennan,5.737, Художественный,93.0
Возвращение,,Возвращение,Возвращение,11190,2003,Russia,"драма, детектив",Андрей Звягинцев,7.3, Художественный,75.0
Возвращение Вертова,,Возвращение Вертова,Возвращение Вертова,1273862,2024,Russia,документальный,Николай Изволов,5.0,Документальный,78.0
Возвращение Набокова,,,,,,,,,,Документальный,60.0
Возвращение Одиссея,The Return,Властелин колец: возвращение короля,The Lord of the Rings: The Return of the King,122,2003,"New Zealand, United States of America","приключения, фэнтези, боевик",Питер Джексон,8.498, Художественный,116.0
Возвращение Робинзона,,Возвращение Робинзона,Возвращение Робинзона,1619451,,Russia,комедия,Григорий Константинопольский,0.0, Художественный,91.0
Возвращение в Сеул,Retour a Seoul,Возвращение в Сеул,Retour à Séoul,952701,2022,"Belgium, Cambodia, France, Germany, Romania, South Korea",драма,Davy Chou,6.258, Художественный,118.0
Возвращение гремлинов,,Возвращение гремлинов,The Creeps,798580,2025,Finland,"ужасы, комедия, боевик",Marko Mäkilaakso,4.368, Художественный,93.0
Возвращение домой,Wan li gui tu,Возвращение домой,Возвращение домой,543872,2014,Russia,драма,Yuliya Slysh,3.0, Художественный,137.0
Возвращение кота,The Cat Returns,"Batman Returns: The Bat, the Cat, and the Penguin","Batman Returns: The Bat, the Cat, and the Penguin",348909,1992,United States of America,"документальный, телевизионный фильм",Michael Meadows,6.5,Анимационный,75.0
Возвращение попугая Кеши,,Возвращение попугая Кеши,Возвращение попугая Кеши,1361270,2024,Russia,"комедия, семейный",Олег Асадулин,5.5, Художественный,92.0
Возвращения Робинзона (телеверсия),,,,,,,,,, Художественный,86.0
Воздух,,Воздух,Воздух,598997,2024,Russia,"военный, драма, история",Алексей Герман-младший,7.2, Художественный,151.0
Возраст стилю не помеха,Advanced Style,Возраст стилю не помеха,Advanced Style,258358,2014,United States of America,документальный,Lina Plioplyte,6.8,Научно-популярный,72.0
Возрожденные ,Resurrected,Возрождённые,Resurrected,584004,2023,"France, Russia, United States of America","фантастика, триллер, ужасы",Егор Баранов,6.32, Художественный,97.0
Возрожденные усадьбы России. Часть 2,,,,,,,,,,Документальный,78.0
Воины Южной Сибири,,,,,,,,,,Документальный,83.0
Воины будущего,Mutant Ghost Wargirl,Боевая мутантка,变种人：幽灵战姬,1028725,2022,China,"фантастика, боевик",Liu Binjie,5.404, Художественный,72.0
Война Раи Синициной,Milchamta shel Raya Sinitsina,Война Раи Синициной,מלחמתה של רעיה סיניצינה,803158,2022,Israel,документальный,Efim Graboy,0.0,Научно-популярный,89.0
Война и музыка,,Война и музыка,Война и музыка,1265307,2025,Russia,"драма, военный, история",Сарик Андреасян,8.5, Художественный,126.0
Война миров: Вторжение,War Of The Worlds: The Attack,Война миров: Вторжение,War of the Worlds: The Attack,1103825,2023,United Kingdom,"фантастика, детектив, триллер",Junaid Syed,4.99, Художественный,87.0
Война. Женский род,,Война. Женский род,Война. Женский род,1237125,2023,Russia,документальный,Ekaterina Toldonova,0.0,Документальный,60.0
Волк,Wolf,Dire Wolf,Dire Wolf,138858,2009,,ужасы,Fred Olen Ray,5.2, Художественный,99.0
Волк и лев,Le loup et le lion,Волк и лев,Le Loup et le Lion,780382,2021,"Canada, France","семейный, приключения, драма",Gilles de Maistre,7.5, Художественный,109.0
Волки,,Одинокие волки,Wolfs,877817,2024,United States of America,"криминал, комедия",Джон Уоттс,6.528, Художественный,114.0
Волнами,,Волнами,Волнами,1042005,2022,Russia,драма,Сергей Кальварский,0.0, Художественный,55.0
Волны,,Волны,Волны,610333,2023,Russia,драма,Михаил Брашинский,0.0, Художественный,101.0
Волчок,,Волчок,Волчок,1260854,2025,Russia,"комедия, приключения",Константин Смирнов,6.8, Художественный,123.0
Волчьи дети Амэ и Юки,Wolf Children,Children’s Game #11: Wolf and Lamb,Children’s Game #11: Wolf and Lamb,1099789,2011,Afghanistan,документальный,Francis Alÿs,0.0,Анимационный,117.0
Волшебная лавка Есении. Выпуск 1,,,,,,,,,,Анимационный,56.0
Волшебная сказка на Рождество,Sagan om Karl-Bertil Jonssons julafton,Волшебная сказка на Рождество,Sagan om Karl-Bertil Jonssons julafton,779775,2021,Sweden,"семейный, драма, комедия",Hannes Holm,6.525, Художественный,104.0
Волшебная флейта,The Magic Flute,The Magic Flute,The Magic Flute,397390,1994,,"фэнтези, мультфильм, приключения, телевизионный фильм","Marlene Robinson May, Ron Myrick",6.6, Художественный,104.0
Волшебник Изумрудного города. Дорога из жёлтого кирпича,,Волшебник Изумрудного города. Дорога из жёлтого кирпича,Волшебник Изумрудного города. Дорога из жёлтого кирпича,658224,2025,Russia,"фэнтези, семейный, приключения",Игорь Волошин,7.285, Художественный,104.0
Волшебники,,Volshebniki,Волшебники,1035573,2022,Russia,"семейный, фэнтези",Renat Davletyarov,7.3, Художественный,96.0
Волшебное приключение Да Винчи,The Inventor,Волшебное приключение Да Винчи,The Inventor,676727,2023,"France, Ireland, United States of America, United Kingdom","мультфильм, драма, семейный, история","Pierre-Luc Granjon, Jim Capobianco",6.346,Анимационный,99.0
Волшебное яблоко,Carovne jablko,Волшебное яблоко,Čarovné jablko,1406146,2025,"Slovakia, Czech Republic","семейный, фэнтези",Jakub Machala,0.0, Художественный,92.0
Волшебные часы и заклинатель времени,O GATO GALACTICO,Волшебные часы и заклинатель времени,Gato Galáctico e o Feitiço do Tempo,1209095,2024,Brazil,приключения,Rodrigo Zanforlin,7.3, Художественный,85.0
Волшебный единорог,Tale of the Forest Unicorn,Волшебный единорог,Tale of the Forest Unicorn,1304500,2025,United Kingdom,"семейный, фэнтези",Sophie Osbourne,5.0, Художественный,82.0
Воображаемый друг,Imaginary,Воображаемый друг,Imaginary,1125311,2024,United States of America,"ужасы, детектив",Джефф Уодлоу,5.892, Художественный,103.0
Воплощение,,Воплощение,Воплощение,1340342,2024,Russia,"драма, триллер",Михаил Шевчук,0.0, Художественный,132.0
Вопль,THE WAILING,Goksung (The Wailing),Goksung (The Wailing),1413713,2016,"Chile, Spain",,Pablo Álvarez,8.0, Художественный,105.0
Вопреки,,Смерти вопреки,Hard to Kill,9569,1990,"United States of America, Spain","боевик, драма, криминал, триллер",Bruce Malmuth,5.993, Художественный,57.0
Вопреки войне,,Вопреки войне,Вопреки войне,1644372,2024,Russia,документальный,Konstantin Alexandrov,0.0,Документальный,93.0
Воровка,,Воровка,Воровка,621121,1994,Russia,"комедия, криминал","Валерий Усков, Владимир Краснопольский",10.0, Художественный,88.0
Ворон. Возвращение,,Ворон. Возвращение,Ворон. Возвращение,1460990,2024,Russia,"драма, фэнтези",Елена Бронникова,0.0, Художественный,107.0
Воронья лощина,Raven's Hollow,Воронья лощина,Raven's Hollow,996581,2022,United Kingdom,"детектив, триллер, ужасы",Christopher Hatton,5.4, Художественный,99.0
Восемь с половиной,8 e mezzo,8 с половиной женщин,8 ½ Women,11332,1999,"Germany, United Kingdom, Luxembourg, Netherlands","драма, комедия",Peter Greenaway,5.486, Художественный,138.0
Воскресение,,Воскресение,Воскресение,439081,1960,Soviet Union,"мелодрама, драма",Михаил Швейцер,6.556, Художественный,148.0
Воскрешение,Kuang ye shi dai,Воскрешение,狂野时代,878608,2025,"China, France","фантастика, драма",Би Гань,7.194, Художественный,159.0
Воспоминание о Нови Саде,Novi Sad Remembrance,Novosadsko sećanje,Novosadsko sećanje,1304180,2024,Serbia,документальный,Aleksandar Reljić,0.0,Научно-популярный,78.0
Воспоминания о Марни,Omoide no Mani,Воспоминания о Марни,思い出のマーニー,242828,2014,Japan,"мультфильм, драма, семейный",Хиромаса Ёнэбаяси,7.935,Анимационный,102.0
Восставшая из ада,The Accursed,Восставшая из ада,The Accursed,852252,2022,United States of America,ужасы,Kevin Lewis,5.243, Художественный,96.0
Вот такие наши мечты,,Вот такие наши мечты,Вот такие наши мечты,1016962,2022,Russia,документальный,Ekaterina Golovnya,0.0,Документальный,52.0
Вперед!,,Дамы вперед,Ladies First,1368881,2026,United States of America,"комедия, фэнтези",Теа Шэррок,5.754, Художественный,94.0
Врата ада,The Gates,Ворота,The Gates,1366906,2026,United States of America,триллер,Джон Барр,6.3, Художественный,111.0
Врач на краю света,,,,,,,,,,Документальный,60.0
Врач от Бога. Святитель Лука Крымский,,,,,,,,,,Научно-популярный,99.0
Врачи Победы,,,,,,,,,,Документальный,54.0
Вредная привычка,,Вредная привычка,Вредная привычка,1161391,2023,Russia,комедия,Митрий Семенов-Алейников,7.0, Художественный,98.0
Времена года,,Времена года,Времена года,210861,1969,Soviet Union,"мелодрама, мультфильм","Иван Иванов-Вано, Юрий Норштейн",6.02, Художественный,100.0
Временные ограничения,,Временные ограничения,Временные ограничения,1033313,2022,Russia,документальный,Ksenia Gapchenko,0.0,Документальный,80.0
Время Дождя,,,,,,,,,, Художественный,93.0
Время брутализма,Concrete time,Время брутализма,Време на бетон,1288335,2024,Macedonia,документальный,Игор Иванов Изи,0.0,Научно-популярный,56.0
Время вернуться,,Время вернуться,Время вернуться,1364135,2024,Belarus,"военный, драма, история",Иван Павлов,0.0, Художественный,110.0
Время года зима,,Время года зима,Время года зима,772727,2022,Russia,драма,Светлана Устинова,3.2, Художественный,82.0
Время есть!,,Время есть!,Время есть!,1410995,,,мелодрама,,0.0, Художественный,75.0
Время между нами,Press Play,Время между нами,Press Play,668047,2022,"South Korea, United States of America","музыка, мелодрама, фантастика",Greg Björkman,6.5, Художественный,85.0
Время надежды,,,,,,,,,, Художественный,181.0
Время патриотов,Time of Heroes,英雄时代,英雄时代,1132930,2023,China,"криминал, драма",Bai Haotian,2.0, Художественный,101.0
Время путешествия,Tempo di viaggio,Время путешествия,Tempo di viaggio,47011,1990,"Italy, Soviet Union","документальный, телевизионный фильм","Андрей Тарковский, Tonino Guerra",6.8,Научно-популярный,63.0
Время расплаты ,Confidential Informant,Время расплаты,Confidential Informant,1070802,2023,United States of America,"триллер, боевик, детектив, криминал",Michael Oblowitz,5.633, Художественный,88.0
Время счастливых (серии 1-2 из 8),,,,,,,,,, Художественный,95.0
Все время на свете,,Все время на свете,Все время на свете,1252806,2023,Russia,"драма, мелодрама",Наталия Кончаловская,0.0, Художественный,62.0
Все дело в брате,,,,,,,,,, Художественный,72.0
Все мои друзья мертвы,All my friends are dead,All My Friends Are Dead,All My Friends Are Dead,781032,2021,,"ужасы, комедия, драма",Brandon Guiles,2.2, Художественный,88.0
Все ненавидят Йохана,Everybody Hates Johan,Все ненавидят Йохана,Alle hater Johan,750498,2022,Norway,комедия,Hallvar Witzø,5.9, Художественный,92.0
Все страхи Бо,Beau Is Afraid,Все страхи Бо,Beau Is Afraid,798286,2023,"United States of America, Finland","комедия, приключения, фэнтези",Ари Астер,6.709, Художественный,179.0
"Все, что нам кажется светом",All We Imagine as Light,"Все, что нам кажется светом",പ്രഭയായ് നിനച്ചതെല്ലാം,927547,2024,"India, France, Luxembourg, Netherlands, Italy","драма, мелодрама",Payal Kapadia,6.843, Художественный,118.0
"Все, что после",,,,,,,,,, Художественный,86.0
Вселенная Стивена Кинга,King on Screen,Вселенная Стивена Кинга,King on Screen,1013651,2023,"Belgium, France",документальный,Daphné Baiwir,7.0,Документальный,105.0
Всемирный потоп,The End We start From,Всемирный потоп,The End We Start From,973778,2023,"United Kingdom, United States of America","драма, детектив, триллер",Mahalia Belo,5.784, Художественный,101.0
Вскрытие демона,The Mortuary Assistant,Вскрытие демона,The Mortuary Assistant,1470130,2026,"United States of America, United Kingdom","ужасы, детектив",Jeremiah Kipp,5.524, Художественный,91.0
Встретимся вчера,,Встретимся вчера,Встретимся вчера,1265313,2024,Russia,драма,Александр Богуславский,9.0, Художественный,82.0
Встречные,,Встречные,Встречные,1523436,2025,Russia,драма,Камила Рамазанова,0.0, Художественный,89.0
Вся наша жизнь,,Вся наша жизнь — игра,Вся наша жизнь — игра,1256159,2019,Russia,документальный,Тофик Шахвердиев,0.0,Документальный,52.0
Всё будет хорошо 2,,Всё будет хорошо 2,Всё будет хорошо 2,1270730,,"Belarus, Russia",драма,Дмитрий Астрахан,0.0, Художественный,108.0
Всё везде и сразу,EVERYTHING EVERYWHERE ALL AT ONCE,Всё везде и сразу,Everything Everywhere All at Once,545611,2022,United States of America,"боевик, приключения, фантастика","Daniel Scheinert, Daniel Kwan",7.719, Художественный,139.0
Всё и сразу,,Всё везде и сразу,Everything Everywhere All at Once,545611,2022,United States of America,"боевик, приключения, фантастика","Daniel Scheinert, Daniel Kwan",7.719, Художественный,96.0
Всё о Левковичах,All about the Levkoviches,Lefkovicsék gyászolnak,Lefkovicsék gyászolnak,1016695,2024,Hungary,"драма, комедия",Ádám Breier,7.6, Художественный,85.0
"Всё, что тебя касается",,"Всё, что тебя касается","Всё, что тебя касается",1422750,2025,Russia,"драма, комедия",Александр Войтинский,8.3, Художественный,91.0
Вторая жизнь Гарольда Фрая,The Unlikely Pilgrimage of Harold Fry,Вторая жизнь Гарольда Фрая,The Unlikely Pilgrimage of Harold Fry,844409,2023,United Kingdom,драма,Hettie Macdonald,6.6, Художественный,108.0
Вторая семья,,,,,,,,,, Художественный,608.0
Второй акт,The Second Act,The Second Act of Elliott Murphy,The Second Act of Elliott Murphy,403256,2015,"United States of America, Spain, France",документальный,Jorge Arenillas,9.0, Художественный,76.0
Второй раз в Крыму,,Второй раз в Крыму,Второй раз в Крыму,638163,1985,Soviet Union,драма,Павел Любимов,5.5, Художественный,77.0
Втроём,,Втроём,Втроём,1324379,2024,Russia,"комедия, мелодрама",Александра Сарана,7.5, Художественный,90.0
Втроём,The Three of Us,Just the Three of Us,Just the Three of Us,750909,2014,,"комедия, драма",Angela Tucker,0.0,Научно-популярный,80.0
Втроём (16+),,,,,,,,,, Художественный,90.0
Вуду. Шёпот тьмы,Stopmotion,Вуду. Шёпот тьмы,Stopmotion,840889,2024,United Kingdom,ужасы,Robert Morgan,6.2, Художественный,93.0
Вурдалак,Le Vourdalak/The Vourdalak,Вурдалак,Le Vourdalak,1047223,2023,France,"фэнтези, ужасы, драма",Adrien Beau,6.394, Художественный,91.0
"Вчера, сегодня, завтра","leri, oggi, domani","Вчера, сегодня, завтра","Вчера, сегодня, завтра",1211787,1996,Ukraine,драма,"Sergei Rakhmanin, Сергей Четвертков",0.0, Художественный,120.0
Вы меня видели?,,Вы меня видели?,Вы меня видели?,1262686,2024,Russia,драма,Ekaterina Volkova,6.5, Художественный,80.0
Выбери меня,,Выбери меня,Выбери меня,1322332,2024,Russia,"комедия, мелодрама","Денис Куклин, Кирилл Клепалов",10.0, Художественный,87.0
Выбор,,Выбор,The Choice,330483,2016,United States of America,"драма, мелодрама",Ross Katz,7.193, Художественный,77.0
Выгорание,Burning Out,"Burning Out, dans le ventre de l'hôpital","Burning Out, dans le ventre de l'hôpital",473366,2016,"Switzerland, France, Belgium","документальный, драма",Jérôme Le Maire,6.7,Научно-популярный,84.0
Выготский,,Выготский,Выготский,1561949,2026,Russia,драма,Антон Бильжо,0.0, Художественный,105.0
Выживут только любовники,Only Lovers Left Alive,Выживут только любовники,Only Lovers Left Alive,152603,2013,"United Kingdom, Germany, France, Greece","драма, мелодрама, фэнтези",Джим Джармуш,7.2, Художественный,123.0
Выжившая,Dangerous Waters,Выжившая,Dangerous Waters,980285,2023,Dominican Republic,триллер,John Barr,5.56, Художественный,101.0
Выжившие. DOC,,,,,,,,,,Документальный,52.0
Выжившие. Бетонная утопия,Konkeuriteu yutopia,Выжившие. Бетонная утопия,콘크리트 유토피아,729854,2023,South Korea,"триллер, боевик",Ом Тхэ Хва,6.903, Художественный,130.0
Выживший,Not Without Hope,Выживший,Not Without Hope,339849,2025,United States of America,"триллер, драма",Джо Карнахан,6.149, Художественный,120.0
Выжить в Калахари,Kalahari,Kalahari,Kalahari,805073,2000,,,Dante Laudati,3.7, Художественный,86.0
Вызов,,Вызов,Вызов,745987,2023,Russia,драма,Клим Шипенко,6.929, Художественный,164.0
Выиграть или победить,,Выиграть или победить,Выиграть или победить,1263227,2022,,"семейный, драма","Alexander Basaev, Александр Басаев",0.0, Художественный,95.0
Выпусти меня,,Выпусти меня,Выпусти меня,1327457,2024,,триллер,Михаил Константинов,0.0, Художественный,78.0
Высокий сезон (1-2 серии),,,,,,,,,, Художественный,113.0
Высокое напряжение,,Высокое напряжение,危机航线,949709,2024,China,"боевик, криминал",彭順,6.192, Художественный,120.0
Высота,,Высота,Высота,142797,1957,Soviet Union,"драма, мелодрама",Александр Зархи,6.6,Документальный,58.0
Высоцкий. Неизвестные страницы...,,Высоцкий. Неизвестные страницы…,Высоцкий. Неизвестные страницы…,1618987,2026,,документальный,Анатолий Бальчев,0.0,Документальный,122.0
Выход 8,Exit 8,Выход 8,８番出口,1408208,2025,Japan,"ужасы, детектив",Гэнки Кавамура,6.719, Художественный,95.0
Вычитание,Subtraction,Get Going! Godzilland: Subtraction,Get Going! Godzilland: Subtraction,1121763,1996,Japan,"мультфильм, комедия, семейный, фэнтези",Koichi Takada,0.0, Художественный,108.0
Выше неба,,Выше неба,Выше неба,562964,2019,Russia,"драма, мелодрама",Oksana Karas,4.2,Документальный,52.0
Вышка,The Fall,Каскадёры,The Fall Guy,746036,2024,"United States of America, Australia","боевик, комедия, мелодрама",Дэвид Литч,6.96, Художественный,107.0
ГАТЧИНА. Молчание Сильвии,,Гатчина. Молчание Сильвии,Гатчина. Молчание Сильвии,1461005,2024,,,Maxim Bespaly,0.0,Документальный,60.0
"ГДР (серии 1,2)",,,,,,,,,, Художественный,104.0
ГИРОКАСТРА,,Гирокастра,Гирокастра,820002,2024,"Albania, Russia",драма,Юрий Арабов,0.0, Художественный,155.0
ГЛАЗАМИ ПСА,GOOD BOY,На цепи,Good Boy,1381027,2026,"United Kingdom, Poland","триллер, драма, детектив",Ян Комаса,7.346, Художественный,73.0
ГЛУБОКИЙ ТЫЛ Пермский край в Великой Отечественной войне,,,,,,,,,,Документальный,82.0
ГОЛОДНЫЕ ИГРЫ: БАЛЛАДА О ЗМЕЯХ И ПЕВЧИХ ПТИЦАХ,THE HUNGER GAMES: THE BALLAD OF SONGBIRDS & SNAKES,Голодные игры: Баллада о змеях и певчих птицах,The Hunger Games: The Ballad of Songbirds & Snakes,695721,2023,"Germany, United States of America","фантастика, боевик",Фрэнсис Лоуренс,7.0, Художественный,157.0
ГОЛОСА,,Голоса,The Voices,244458,2014,"Germany, United States of America","комедия, криминал, ужасы, фэнтези",Marjane Satrapi,6.255,Документальный,52.0
"ГОЛОСА ЛЕНИНГРАДА: ГОРОД, КОТОРЫЙ ВЫСТОЯЛ",,,,,,,,,,Анимационный,88.0
ГОРА ЯЗЫКОВ,,Гора языков,Гора языков,1621903,2025,Russia,документальный,Родион Исмаилов,0.0,Документальный,99.0
ГОРНИЧНАЯ,THE HOUSEMAID,Горничная,The Housemaid,1368166,2025,United States of America,"детектив, триллер",Пол Фиг,7.252, Художественный,132.0
ГОРОД БОГА,Cidade de Deus,Город бога,Cidade de Deus,598,2002,"Brazil, France, Germany","драма, криминал",Фернанду Мейреллиш,8.43, Художественный,124.0
ГОРОД СТРАХА,Berlin Nobody,Город страха,A Sacrifice,931628,2024,"France, Germany, United Kingdom, United States of America","триллер, ужасы",Jordan Scott,5.633, Художественный,93.0
ГОУ. ГОУ. ГОУ (Go. Go. Go),,ЛСД гоу-гоу,LSD a Go Go,528657,2004,United States of America,документальный,Scott Calonico,8.0, Художественный,70.0
ГРЕХ,,Грех Лолы,Il peccato di Lola,329505,1984,Italy,"драма, комедия, ужасы",Bruno Gaburro,7.0, Художественный,99.0
ГРИША СУББОТИН,,Гриша Субботин,Гриша Субботин,1038446,2022,Russia,комедия,Кирилл Котельников,0.0, Художественный,104.0
Гага,Gaga,Apple Music Live: Lady Gaga MAYHEM Requiem,Apple Music Live: Lady Gaga MAYHEM Requiem,1693346,2026,United States of America,музыка,Morningview,7.614, Художественный,112.0
Гадкая сестра,The Ugly Stepsister,Гадкая сестра,Den stygge stesøsteren,1284120,2025,"Denmark, Norway, Poland, Sweden","ужасы, комедия, драма",Emilie Blichfeldt,7.328, Художественный,109.0
Галопом к мечте,If I Could Ride,Галопом к мечте,If I Could Ride,1101011,2022,,"драма, семейный",Shawn Welling,7.3, Художественный,98.0
Гампи. Собачья жизнь,Gump - Jsme dvojka,Гампи. Собачья жизнь,Gump – jsme dvojka,1155690,2024,Czech Republic,"семейный, приключения",F. A. Brabec,5.6, Художественный,86.0
Ганди молчал по субботам,,Ганди молчал по субботам,Ганди молчал по субботам,1486092,2025,Russia,"комедия, драма",Юрий Зайцев,10.0, Художественный,102.0
Гандикап,,,,,,,,,, Художественный,84.0
Гардемарины 1787. Мир,,Гардемарины 1787. Мир,Гардемарины 1787. Мир,579845,2023,Russia,приключения,Светлана Дружинина,3.0, Художественный,123.0
Гардемарины 1787г. - война,,,,,,,,,, Художественный,97.0
Гарри Хафт: Последний бой,The Survival / Harry Haft,Гарри Хафт: Последний бой,The Survivor,606870,2022,"United States of America, Canada","история, боевик, драма",Барри Левинсон,6.8, Художественный,129.0
Где Анна Франк,Where Is Anne Frank,Где Анна Франк,Where Is Anne Frank,426242,2021,"Belgium, France, Israel, Luxembourg, Netherlands, United States of America","мультфильм, драма, семейный, история",Ари Фольман,6.591,Анимационный,99.0
Где наши деньги?,,Где наши деньги?,Где наши деньги?,1328119,2025,Russia,"криминал, комедия",Владимир Зинкевич,8.5, Художественный,76.0
Где проходит граница?,,Где проходит граница?,Где проходит граница?,1088901,2023,Russia,документальный,Александра Франк,0.0,Документальный,70.0
Где рождаются чемпионы,,,,,,,,,,Документальный,183.0
Где ты?,,Где ты?,Где ты?,1492810,2026,Russia,мелодрама,Вероника Пономарева-Коржевская,0.0, Художественный,94.0
Геля,,Геля,Геля,1273687,2025,Russia,"комедия, криминал",Стас Иванов,6.5, Художественный,95.0
Генезис,,Терминатор: Генезис,Terminator Genisys,87101,2015,"United States of America, Canada","фантастика, боевик, триллер",Алан Тейлор,5.953, Художественный,93.0
Гении,Dance First,Гении,Dance First,978114,2023,"Belgium, Hungary, United Kingdom","история, драма",James Marsh,6.9, Художественный,104.0
Георгий нашего времени,,,,,,,,,,Документальный,54.0
Герои анекдотов,,Герои анекдотов,Герои анекдотов,1284377,2025,Russia,комедия,Андрей Никифоров,10.0, Художественный,84.0
Герои волшебного леса,Perlimps,Герои волшебного леса,Perlimps,829424,2023,"Brazil, United States of America","мультфильм, фэнтези, семейный",Alê Abreu,6.4,Анимационный,74.0
Герои подполья,,,,,,,,,,Документальный,196.0
Герои среди нас,,Герои среди нас,Герои среди нас,1140163,2023,Russia,документальный,Olga Starostina,0.0,Научно-популярный,159.0
Герой,A Hero,A Hero Never Dies,A Hero Never Dies,58776,1998,Hong Kong,"боевик, криминал, триллер",杜琪峰,6.89, Художественный,128.0
Герой,,Местный герой,Local Hero,11235,1983,United Kingdom,"комедия, драма",Bill Forsyth,6.778,Анимационный,87.0
Герой наших снов,Dream Scenario,Герой наших снов,Dream Scenario,823482,2023,United States of America,"комедия, фэнтези",Кристоффер Боргли,6.65, Художественный,102.0
Геройчики. Незваный гость,,Геройчики. Незваный гость,Геройчики. Незваный гость,1448841,2025,Russia,мультфильм,Александр Люткевич,0.0,Анимационный,65.0
Герцогиня,Duchess,Герцогиня,Duchess,1005076,2024,United Kingdom,"боевик, криминал, триллер",Нил Маршалл,5.628, Художественный,113.0
Гигант,Giant,Гигант,Giant,1712,1956,United States of America,"драма, вестерн, мелодрама",George Stevens,7.605, Художественный,110.0
Гиганты Ла-Манша,Giants of la Mancha,Гиганты Ла-Манша,"Gigantes, una Aventura extraordinaria",945013,2024,"Argentina, Belgium, Germany, Spain","мультфильм, приключения, комедия, фэнтези",Гонсало Гутьеррес,6.9,Анимационный,84.0
Гидроэлектросчастье,Hydroelectric Joy,Гидроэлектросчастье,Un bonheur hydroélectrique,883128,2024,"France, Russia",документальный,Alexander Markov,7.5,Научно-популярный,61.0
Гипнотик,Hypnotic,Гипнотик,Hypnotic,536437,2023,"United Kingdom, United States of America","детектив, фантастика, триллер",Роберт Родригес,6.204, Художественный,93.0
Главная роль,Competencia oficial,Главная роль,Competencia oficial,668640,2021,"Argentina, Spain","комедия, драма","Гастон Дюпра, Мариано Кон",6.634, Художественный,114.0
Главная роль,,Главная роль,Главная роль,1605344,2025,,документальный,Владимир Кондрашов,0.0,Документальный,78.0
Главный конструктор,,Главный конструктор,Главный конструктор,944475,1973,Soviet Union,"документальный, история",Матвей Володарский,0.0, Художественный,130.0
Главный рубеж. Ни шагу назад!,,,,,,,,,,Документальный,72.0
Главный рубеж. Ни шагу назад!,,,,,,,,,,Документальный,81.0
Глазами Джейми Уайета,Jamie Wyeth and the Unflinching Eye,Jamie Wyeth and the Unflinching Eye,Jamie Wyeth and the Unflinching Eye,1285908,2024,,,Glenn Holsten,0.0,Научно-популярный,83.0
Глеб,,Евгений Глебов. Маленький Принц,Евгений Глебов. Маленький Принц,1647745,2026,Russia,мультфильм,Игорь Волчек,0.0,Документальный,54.0
Глубина со смыслом,,,,,,,,,,Научно-популярный,83.0
Гнев материнский,The Good Mother / Mother's Milk,Гнев материнский,The Good Mother,996347,2023,United States of America,триллер,Miles Joris-Peyrafitte,4.87, Художественный,90.0
Гнездо из бумаги,,Гнездо из бумаги,Гнездо из бумаги,1320699,2024,Russia,документальный,Сергей Кальварский,0.0,Документальный,65.0
Гномы. Новогодний беспредел,There's Something in the Barn,Гномы. Новогодний беспредел,There's Something in the Barn,956920,2023,"Finland, France, Norway","ужасы, комедия, фэнтези",Magnus Martens,6.14, Художественный,100.0
Гобелен,,Гобелен,Гобелен,938562,2022,Russia,драма,Rinat Bek,0.0, Художественный,68.0
Говорит Земля!,,Говорит Земля!,Говорит Земля!,1324383,2024,Russia,комедия,Евгений Корчагин,8.0, Художественный,115.0
Год рождения,,Год рождения,Год рождения,877917,2023,Russia,драма,Mikhail Mestetskiy,7.9, Художественный,105.0
Голгофа Патриарха Тихона,,,,,,,,,,Документальный,52.0
Голда. Судный день,Golda,Голда. Судный день,Golda,899524,2023,"United Kingdom, United States of America","драма, история, военный",Guy Nattiv,6.309, Художественный,100.0
Голем,,Голем,Голем,741089,,Russia,"военный, драма",Александр Котт,0.0, Художественный,110.0
Голиаф,,Голиаф,Голиаф,1005332,2022,"Kazakhstan, Russia","драма, криминал, вестерн",Адильхан Ержанов,1.0, Художественный,93.0
Голова-жестянка,,Голова-жестянка,Голова-жестянка,598355,2023,Russia,"драма, комедия",Иван Капитонов,2.0, Художественный,115.0
Головар 2. Струна,,Головар 2. Струна,Головар 2. Струна,1591816,2023,Russia,"драма, криминал",Юрий Ботоев,0.0, Художественный,108.0
Головар 3. Капкан,,Головар 3. Капкан,Головар 3. Капкан,1591820,2025,Russia,"драма, криминал",Юрий Ботоев,0.0, Художественный,108.0
Голос из космоса,WOW! Message from Outer Space/ Wow! Nachricht aus dem All,Голос из космоса,Wow! Nachricht aus dem All,1076311,2023,Germany,"семейный, фэнтези, приключения",Felix Binder,5.9, Художественный,103.0
Голос семьи Белье,LA FAMILLE BELIER,Голос семьи Белье,La Famille Bélier,304410,2014,France,"комедия, музыка, драма",Eric Lartigau,6.944, Художественный,101.0
Голоса,They Talk,Голоса,They Talk,831028,2021,Italy,"ужасы, детектив, триллер",Giorgio Bruno,4.3, Художественный,96.0
Голоса Арктики,,Голоса Арктики,Голоса Арктики,969613,2022,Russia,документальный,Иван Вдовин,0.0,Научно-популярный,86.0
Голосовой помощник,,Голосовой помощник,Голосовой помощник,1470424,2025,Russia,"триллер, детектив, ужасы",Олег Витвицки,5.7, Художественный,104.0
Голубоглазый японец,,Голубоглазый японец,Голубоглазый японец,713623,2022,"Japan, Russia, United States of America",документальный,Чавдар Георгиев,0.0,Документальный,83.0
Голубой портрет,,Голубой портрет,Голубой портрет,427743,1976,Soviet Union,"мелодрама, семейный, приключения",Геннадий Шумский,6.0, Художественный,87.0
"Голубь сидел на ветке, размышляя о бытии",Pigeon sat on a tree,"Голубь сидел на ветке, размышляя о бытии",En duva satt på en gren och funderade på tillvaron,110390,2014,"France, Germany, Norway, Sweden, Denmark","драма, комедия, фэнтези",Roy Andersson,6.846, Художественный,100.0
Голые & смешные. Откровения Снегурочек,,,,,,,,,,"Прочее (Учебный, Спектакль, …)",74.0
Гонка,Rush,Час пик,Rush Hour,2109,1998,United States of America,"боевик, комедия, криминал",Бретт Ратнер,7.07, Художественный,122.0
Гонка со временем,The Desperate Hour,Гонка со временем,The Desperate Hour,764835,2022,"Canada, United States of America",триллер,Phillip Noyce,6.0, Художественный,84.0
Гонщики на драйве,Manta Manta: Legacy,Гонщики на драйве,Manta Manta - Zwoter Teil,1058100,2023,Germany,"комедия, боевик, приключения",Тиль Швайгер,4.888, Художественный,124.0
Гора влюбленных,,Гора влюбленных,Гора влюбленных,1404911,2026,Russia,драма,Салават Юзеев,0.0, Художественный,104.0
Горбачева,,Горбачёва,Горбачёва,1261806,2024,Russia,документальный,Родион Чепель,0.0,Документальный,76.0
Горгона Медуза,,Горгона Медуза. Репетиция с оркестром,Горгона Медуза. Репетиция с оркестром,1250127,2022,Russia,драма,Владимир Алеников,0.0, Художественный,114.0
Горец,Highlander,Горец,Highlander,8009,1986,"United Kingdom, United States of America","приключения, боевик, фэнтези",Рассел Малкэхи,6.864, Художественный,117.0
Горечь и сладость,Bittersweet Life,Горечь и сладость,달콤한 인생,11344,2005,South Korea,"боевик, драма, криминал",Ким Джи Ун,7.436, Художественный,119.0
"Гори, гори ясно",,"Гори, гори ясно",Brightburn,531309,2019,United States of America,"ужасы, фантастика",Дэвид Яровески,6.15, Художественный,80.0
Горизонты: Часть 1,Horizon: An American Saga - Chapter 1,Горизонты: Часть 1,Horizon: An American Saga - Chapter 1,932086,2024,United States of America,"вестерн, драма",Кевин Костнер,6.817, Художественный,181.0
Горная невеста,Vermiglio,Горная невеста,Vermiglio,1151244,2024,"Italy, France, Belgium",драма,Maura Delpero,7.058, Художественный,119.0
Город грешников,Bad City,Город грешников,BAD CITY,987507,2022,Japan,"боевик, криминал",Кэнсукэ Сономура,6.855, Художественный,117.0
Город солнца. Леонидов,,Город солнца. Леонидов,Город солнца. Леонидов,1566696,2025,Russia,документальный,Марина Мария Мельник,0.0,Документальный,63.0
Город тайн: Исчезнувшая,Force of Nature: The Dry 2,Город тайн: Исчезнувшая,Force of Nature: The Dry 2,832262,2024,"Australia, United States of America","детектив, триллер",Robert Connolly,6.305, Художественный,112.0
Городские легенды. Возвращение,Urban myths,Urban Myths,Urban Myths,541922,2017,United States of America,триллер,Kimm Marie,3.2, Художественный,120.0
Городские легенды. Парк кошмаров,Oak,Городские легенды. Парк кошмаров,Oak,972206,2025,"United States of America, United Kingdom",ужасы,Kevin Lewis,4.7, Художественный,107.0
Горожане,,Горожане,Горожане,530654,1976,Soviet Union,"драма, мелодрама",Vladimir Rogovoy,5.0, Художественный,81.0
Горы зовут,,Горы зовут,Горы зовут,1296766,1973,Soviet Union,"драма, приключения",Дамир Салимов,0.0,Научно-популярный,58.0
Горыныч,,Горыныч,Горыныч,1259232,2025,Russia,"фэнтези, приключения",Дмитрий Хонин,4.5, Художественный,97.0
Горячая штучка,Pretty Thing,Горячая штучка,Pretty Thing,1223690,2025,United States of America,"триллер, драма",Justin Kelly,5.6, Художественный,96.0
Господин Великий,,Господин Великий Новгород,Господин Великий Новгород,636789,1984,Soviet Union,"история, военный, драма",Алексей Салтыков,7.0,Документальный,52.0
Гостья (фестивальная версия),,,,,,,,,, Художественный,89.0
Гостья из космоса,Little Allan,Гостья из космоса,Lille Allan - Den menneskelige antenne,885021,2022,Denmark,"мультфильм, приключения, семейный",Amalie Næsby Fick,6.9,Анимационный,80.0
Госфорд Парк,Gosford Park,Госфорд парк,Gosford Park,5279,2001,"Italy, United States of America","драма, детектив, триллер",Роберт Олтмен,6.817, Художественный,137.0
Грабитель с крыши,Roofman,Грабитель с крыши,Roofman,1242419,2025,United States of America,"криминал, комедия, драма",Derek Cianfrance,7.093, Художественный,125.0
Гранд тур,Grand Tour,Гранд тур,Grand Tour,1098709,2024,"China, France, Germany, Italy, Japan, Portugal","драма, приключения",Miguel Gomes,6.644, Художественный,129.0
Грани любви,Les enfants des autres,Дети других людей,Les Enfants des autres,803694,2022,France,"драма, комедия",Rebecca Zlotowski,6.7, Художественный,104.0
Гранит,,Гранит,Гранит,918692,2021,"Russia, Uzbekistan","боевик, военный",Денис Нейманд,7.0, Художественный,101.0
Граница,,Тройная граница,Triple Frontier,399361,2019,United States of America,"боевик, триллер, криминал, приключения",Джей Си Чендор,6.33, Художественный,91.0
Границы безумия,,Границы безумия,Upon Entry (La llegada),1051547,2023,Spain,драма,"Alejandro Rojas, Juan Sebastián Vásquez",6.729, Художественный,77.0
Граф Монте-Кристо,Le comte de Monte-Cristo,Граф Монте-Кристо,Le Comte de Monte-Cristo,1084736,2024,"France, Belgium","приключения, боевик, драма","Александр де Ла Пательер, Матьё Делапорт",7.908, Художественный,178.0
Графиня Аиссе,,Графиня Аиссе,Графиня Аиссе,1422857,2022,Russia,"драма, история",Александр Муратов,0.0, Художественный,100.0
Грация (дубляж),La grazia,Грация,La grazia,1397364,2025,Italy,драма,Паоло Соррентино,7.393, Художественный,133.0
Грация (субтитры),La grazia,Грация,La grazia,1397364,2025,Italy,драма,Паоло Соррентино,7.393, Художественный,133.0
Гремлины: Хранители леса,Unwelcome,Гремлины: Хранители леса,Unwelcome,758769,2023,"Ireland, United Kingdom, United States of America","ужасы, фэнтези",Jon Wright,5.81, Художественный,103.0
Гренландия 2: Миграция,Greenland: Migration,Гренландия 2: Миграция,Greenland 2: Migration,840464,2026,"United Kingdom, United States of America","приключения, триллер, фантастика",Рик Роман Во,6.402, Художественный,98.0
Грехи запада,Killing Faith,Грехи запада,Killing Faith,1200320,2025,"United States of America, Australia","триллер, вестерн",Ned Crowley,5.5, Художественный,108.0
Грешное тело,Body of Sin,Грешное тело,Body of Sin,518772,2018,United States of America,"криминал, триллер","Obin Olson, Amariah Olson",4.3, Художественный,84.0
Гризли,Savage Hunt,Savage Hunt,Savage Hunt,157769,1980,,"боевик, триллер",Romano Scavolini,7.0, Художественный,88.0
Гринч. Ужасающий Новый год,The Mean One,Гринч. Ужасающий Новый год,The Mean One,1033052,2022,United States of America,"ужасы, комедия",Steven LaMorte,6.1, Художественный,92.0
Грозный папа,,Грозный папа,Грозный папа,762955,2022,Russia,"семейный, приключения, комедия","Юрий Коробейников, Карен Оганесян",5.8, Художественный,95.0
Гром: Трудное Детство,,Гром: Трудное детство,Гром: Трудное детство,984317,2022,Russia,"боевик, криминал, детектив, комедия",Олег Трофим,6.5, Художественный,84.0
Громобой,Stormbreaker,Громобой,Stormbreaker,9978,2006,"Germany, United Kingdom, United States of America","приключения, боевик, семейный",Джеффри Сакс,5.2, Художественный,93.0
Грузовички,,Грузовички,Грузовички,1389438,2026,Russia,"мультфильм, приключения, семейный",Дмитрий Грачёв,0.0,Анимационный,78.0
Группа крови,,Группа крови,Группа крови,762513,2006,Russia,документальный,Михаил Брашинский,7.0, Художественный,98.0
Грустное детство Алины Веселовой,,,,,,,,,,Документальный,54.0
Гуантанамера,,Гуантанамера,Гуантанамера,1513730,2026,Russia,"боевик, приключения",Сергей Мокрицкий,1.0, Художественный,112.0
Гуру (дубляж),Gourou,Гуру,Gourou,1259983,2026,France,"драма, триллер",Yann Gozlan,6.184, Художественный,124.0
Гуру (субтитры),Gourou,Гуру,Gourou,1259983,2026,France,"драма, триллер",Yann Gozlan,6.184, Художественный,124.0
ДАСТУР,,Дастур,Дәстүр,1220410,2023,Kazakhstan,"драма, ужасы",Куаныш Бейсек,5.2, Художественный,101.0
"ДВА МИРА, ОДНО ЖЕЛАНИЕ",IKI DÜNYA BIR DILEK,"Два мира, одно желание",İki Dünya Bir Dilek,1522377,2025,Turkey,"мелодрама, драма",Ketche,7.3, Художественный,117.0
ДЕВОЧКА НИНА И ПОХИТИТЕЛИ ПИАНИНО,,Девочка Нина и похитители пианино,Девочка Нина и похитители пианино,742070,2023,Russia,"музыка, фэнтези, приключения, семейный",Роман Шаляпин,0.0, Художественный,84.0
ДЕД МОРОЗ ДЛЯ МАМЫ,,Дед Мороз для мамы,Дед Мороз для мамы,1609578,2025,Russia,драма,Александр Аравин,0.0, Художественный,83.0
ДЕДLINE,,,,,,,,,,Документальный,75.0
ДЕНЬ ВСЕХ НЕВЛЮБЛЕННЫХ,,,,,,,,,, Художественный,95.0
ДЕТИ ЛЕСА,Woodwalkers,Дети леса,Woodwalkers,1241894,2024,"Austria, Germany, Italy","фэнтези, семейный",Damián John Harper,6.3, Художественный,102.0
ДЕТИ ЛЕСА 2,Woodwalkers 2,Дети леса 2,Woodwalkers 2,1278853,2026,"Austria, Belgium, Germany, Italy","фэнтези, семейный, приключения",Sven Unterwaldt,6.714, Художественный,102.0
ДЖАЗ 100,,Джаз 100,Джаз 100,1138703,2023,Russia,документальный,Alexander Bryntsev,0.0,Документальный,112.0
ДЖЕСТЕР 2,The Jester 2,Джестер 2,The Jester 2,1519168,2025,United States of America,"ужасы, триллер, криминал",Colin Krawchuk,6.763, Художественный,83.0
ДЖИПСИ,,ДЖИПСИ,ДЖИПСИ,1301495,2024,Russia,документальный,Aysel Nazarli,0.0,Документальный,80.0
ДЖУН И ДЖОН,JUNE AND JOHN,Джун и Джон,June and John,1216571,2025,France,"мелодрама, триллер",Люк Бессон,5.975, Художественный,93.0
ДО ВСТРЕЧИ НА ВЕНЕРЕ,SEE YOU ON VENUS,До встречи на Венере,See You on Venus,1122932,2023,United States of America,"мелодрама, драма",Joaquín Llamas,7.0, Художественный,94.0
ДО ЗВЕЗДЫ!,,До звезды!,До звезды!,1026104,2023,Russia,"комедия, фантастика",Андрей Носков,0.0, Художественный,90.0
"ДОЕСТЬ, НЕЛЬЗЯ ВЫБРАСЫВАТЬ",JUST EAT IT,Just Eat It: A Food Waste Story,Just Eat It: A Food Waste Story,259985,2014,Canada,документальный,Grant Baldwin,6.833,Научно-популярный,73.0
ДОЗОР ДЖУНГЛЕЙ: КРУГОСВЕТКА,Les As de la Jungle 2,Дозор джунглей: Кругосветка,Les As de la jungle 2 : Opération tour du monde,1034055,2023,France,"мультфильм, приключения, комедия, семейный","Laurent Bru, Benoît Somville, Yannick Moulin",7.1,Анимационный,89.0
ДОЛГАЯ ПРОГУЛКА,THE LONG WALK,Долгая прогулка,The Long Walk,604079,2025,United States of America,"фантастика, триллер, ужасы",Фрэнсис Лоуренс,6.917, Художественный,108.0
ДОЛЬЧЕ!,THE OPERA!,Призрак оперы,The Phantom of the Opera,9833,2004,United Kingdom,"триллер, драма, мелодрама",Джоэл Шумахер,7.266, Художественный,107.0
ДОМ КУЛЬТУРЫ,,Дом культуры,Дом культуры,1463277,,Russia,драма,Сергей Арсин,0.0, Художественный,75.0
ДОСТУЧАТЬСЯ ДО НЕБЕС,Knockin' on Heaven's Door,Достучаться до небес,Knockin' on Heaven's Door,158,1997,Germany,"комедия, криминал, боевик, драма",Томас Ян,7.695, Художественный,82.0
ДРУГИЕ: ПРОКЛЯТИЕ КУКУШКИ,El Cuco,Другие: Проклятие кукушки,El cuco,1064801,2023,"Spain, United States of America","драма, триллер",Mar Targarona,5.378, Художественный,103.0
ДРУГОЙ ЧЕЛОВЕК,A DIFFERENT MAN,Другой человек,A Different Man,989662,2024,United States of America,"комедия, драма, триллер",Аарон Шимберг,6.944, Художественный,112.0
ДЬЯВОЛИК,DIABOLIK,Дьяволик,Diabolik,593395,2021,Italy,"криминал, детектив","Antonio Manetti, Marco Manetti",6.084, Художественный,139.0
ДЭНИЭЛ ДОЛЖЕН УМЕРЕТЬ,DANIEL'S GOTTA DIE,Дэниэл должен умереть,Daniel's Gotta Die,823399,2025,Canada,"комедия, триллер",Jeremy LaLonde,5.0, Художественный,89.0
Да здравствует Мексика!,,Да здравствует Мексика!,Да здравствует Мексика!,63107,1979,"Mexico, Soviet Union","документальный, драма, вестерн",Сергей Эйзенштейн,6.7, Художественный,97.0
Да!,My Mother's Wedding,"Она сказала ""Да!""",My Mother's Wedding,985602,2025,"United Kingdom, United States of America","комедия, драма",Кристин Скотт Томас,6.7, Художественный,95.0
Даааааали!,Daaaaaali!,Даааааали!,Daaaaaalí !,1045770,2024,France,"комедия, фэнтези, драма",Quentin Dupieux,6.1, Художественный,77.0
Давид Голощекин. Право на импровизацию,,Давид Голощекин. Право на импровизацию,Давид Голощекин. Право на импровизацию,1370483,2024,Russia,документальный,Вагенак Балаян,0.0,Документальный,52.0
Давка-82. Тайная трагедия СССР,,Давка-82. Тайная трагедия СССР,Давка-82. Тайная трагедия СССР,1301522,2024,Russia,документальный,Mikhail Raykhelgauz,0.0,Научно-популярный,63.0
"Дай лапу, Друг!",,"Дай лапу, Друг!","Дай лапу, Друг!",332135,1967,Soviet Union,семейный,Илья Гурин,4.75, Художественный,64.0
Дай мне руку,,Дай мне руку,Дай мне руку,1250281,2023,Russia,документальный,Valentina Bulaeva,0.0,Документальный,100.0
Дайте шоу (серии 1-2),,,,,,,,,, Художественный,96.0
Дайте шоу (серии 1-4),,,,,,,,,, Художественный,190.0
Дайте шоу (серии 5-6),,,,,,,,,, Художественный,100.0
Далекие близкие,,Далекие близкие годы,Далекие близкие годы,1452380,1976,Soviet Union,"боевик, военный, приключения",Камил Ярматов,9.0, Художественный,94.0
Дама с камелиями,Damen med kameliorna,Damen med kameliorna,Damen med kameliorna,627358,1925,Sweden,"драма, история",Olof Molander,7.0, Художественный,81.0
Дангал. Слово борца,,,,,,,,,, Художественный,161.0
Дандадан: Злой глаз,Dan Da Dan: Evil Eye,Дандадан: Злой глаз,DAN DA DAN: Evil Eye,1458844,2025,Japan,"мультфильм, фэнтези, приключения, комедия","Абель Гонгора, Фуга Ямаширо",7.92,Анимационный,94.0
Дарио Ардженто: Паника,Dario Argento: Panico,Дарио Ардженто: Паника,Dario Argento: Panico,1156103,2024,United Kingdom,документальный,Simone Scafidi,6.9,Научно-популярный,97.0
Дастур: Проклятие,,Дастур: Проклятие,Дәстүр 2: Теріс Бата,1604275,2025,Kazakhstan,"ужасы, криминал, детектив",Алишер Утев,0.0, Художественный,96.0
Датский коллекционер: от Делакруа до Гогена,Danish Collector: Delacroix To Gauguin,The Danish Collector: Delacroix to Gauguin,The Danish Collector: Delacroix to Gauguin,906141,2021,United Kingdom,документальный,David Bickerstaff,0.0, Художественный,82.0
Два,,Два хвоста,Два хвоста,518601,2018,Russia,"мультфильм, семейный","Victor Azeev, Наталья Нилова",6.1, Художественный,94.0
Два берега,,Два берега,Два берега,896090,1987,Soviet Union,драма,Gennadi Voronin,8.0,Научно-популярный,72.0
Два бойца,,Два бойца,Два бойца,201840,1943,Soviet Union,"военный, драма, мелодрама",Леонид Луков,6.0, Художественный,80.0
Два дня в Ясной Поляне,,Два дня в Ясной Поляне,Два дня в Ясной Поляне,1524026,2025,Russia,документальный,Галина Евтушенко,0.0,Документальный,65.0
Два друга,,Два друга,Два друга,601707,1955,Soviet Union,"семейный, комедия",Виктор Эйсымонт,9.0, Художественный,70.0
Два капитана,,Два капитана,Два капитана,1129861,2025,Russia,драма,Bair Uladaev,3.0, Художественный,78.0
Два стула,Two chairs,Two Chairs,Two Chairs,1247705,2021,,"драма, фэнтези, ужасы","Jens Klein, Enni Eastman",9.0,Научно-популярный,71.0
Два холма,,Два холма. Фильм,Два холма. Фильм,981588,2022,Russia,"комедия, фантастика",Дмитрий Грибанов,6.2, Художественный,99.0
"Два, три, демон, приди!",Talk to Me,"Два, три, демон, приди!",Talk to Me,1008042,2023,"Australia, United Kingdom",ужасы,"Майкл Филиппу, Дэнни Филиппу",7.1, Художественный,94.0
"Два, три, призрак, приди!",The Ghost Game,Ghost of the Game,Ghost of the Game,1207667,2024,United States of America,комедия,Darrell Warren,0.0, Художественный,94.0
Двадцать лет со Смешариками,,Двадцать лет со Смешариками,Двадцать лет со Смешариками,1300979,2024,Russia,документальный,"Станислав Ставинов, Анастасия Ставинова",0.0,Документальный,104.0
Двадцать сигарет,Twenty Cigarettes,Twenty Cigarettes,Twenty Cigarettes,123851,2011,United States of America,документальный,James Benning,3.0,"Прочее (Учебный, Спектакль, …)",99.0
Две Мариэтты,The Two Mariettes,Las dos Mariette,Las dos Mariette,1196358,2023,Argentina,документальный,Poli Martinez Kaplun,0.0,Научно-популярный,80.0
Две судьбы маршала Худякова,,,,,,,,,,Документальный,52.0
Двенадцатый игрок,"Muchachos, la película de la gente","Muchachos, la película de la gente","Muchachos, la película de la gente",1206029,2023,Argentina,документальный,Jesús Braceras,8.3,Научно-популярный,108.0
Двенадцать этажей спустя,,,,,,,,,, Художественный,78.0
"Двое в одной жизни, не считая собаки",,"Двое в одной жизни, не считая собаки","Двое в одной жизни, не считая собаки",1458240,2025,Russia,драма,Андрей Зайцев,0.0, Художественный,114.0
Двойная игра,,Чёрный чемодан – двойная игра,Black Bag,1233575,2025,United States of America,"драма, детектив, триллер",Steven Soderbergh,6.347, Художественный,115.0
Двойная любовь,Le double amour,Le Double Amour,Le Double Amour,279157,1925,France,драма,Jean Epstein,5.889, Художественный,78.0
Двойная петля,Devotion,Двойная петля,Devotion,653851,2022,United States of America,"военный, драма, боевик",Дж. Д. Диллард,7.1, Художественный,138.0
Двойной обман Мадлен Коллинз ,Madeleine Collins,Двойной обман Мадлен Коллинз,Madeleine Collins,659988,2021,"Belgium, France, Switzerland","драма, триллер",Antoine Barraud,6.027, Художественный,107.0
Дворец,The Palace,Дворец,The Palace,824016,2023,"Belgium, France, Italy, Poland, Switzerland","комедия, драма",Роман Полански,5.369, Художественный,98.0
Девичник: Убойная ночь,Fear the Night,Девичник: Убойная ночь,Fear the Night,1143190,2023,United States of America,"боевик, триллер, ужасы",Neil LaBute,5.913, Художественный,92.0
Девка-Баба,,Девка-баба: Кукла-чародейка,Девка-баба: Кукла-чародейка,772769,2025,Russia,драма,Aglaya Kurnosenko,0.0, Художественный,92.0
Девка-Баба,,Девка-баба: Кукла-чародейка,Девка-баба: Кукла-чародейка,772769,2025,Russia,драма,Aglaya Kurnosenko,0.0, Художественный,93.0
"Девочка, покорившая время",Girl Who Leapt Through Time,時をかける少女,時をかける少女,1551308,1985,Japan,"фантастика, мелодрама",Masaru Takahashi,7.0,Анимационный,98.0
Девственники,Los VIRGENES,Los vírgenes,Los vírgenes,943405,2022,Spain,драма,Manu Roma,1.0, Художественный,85.0
Девушка Миллера ,Miller's Girl,Девушка Миллера,Miller's Girl,1026436,2024,United States of America,"триллер, драма, мелодрама",Джейд Халли Бартлетт,6.312, Художественный,91.0
Девушка в окне,Girl at the Window,Девушка в окне,Girl at the Window,985335,2022,Australia,"ужасы, триллер",Mark Hartley,5.714, Художественный,84.0
Девушка на миллион,,Девушка на миллион,Девушка на миллион,1029360,2022,Russia,"комедия, мелодрама",Mariya Efremova,1.0, Художественный,71.0
Девушки из Рошфора,The young girls from Rochefort/ Les demoiselles de Rochefort,Девушки из Рошфора,Les Demoiselles de Rochefort,2433,1967,France,"мелодрама, комедия, драма",Jacques Demy,7.674, Художественный,125.0
Девушки на балконе,Les femmes au balcon,Девушки на балконе,Les femmes au balcon,1112466,2024,France,"комедия, ужасы, фэнтези",Ноэми Мерлан,6.289, Художественный,98.0
Девятые врата: Пандемониум,Pandemonium,Ад кромешный,Pandemonium,84784,1982,United States of America,"комедия, ужасы, детектив",Alfred Sole,4.672, Художественный,86.0
Девять Героев,,,,,,,,,,Научно-популярный,72.0
Девять лучших. История команды Top Nine,,,,,,,,,,Научно-популярный,89.0
Действуй,,"Сестричка, действуй",Sister Act,2005,1992,United States of America,"музыка, комедия",Emile Ardolino,6.825,Научно-популярный,90.0
Декодер. Игра гения,Decoded,Nostradamus Decoded,Nostradamus Decoded,270433,2009,United States of America,"документальный, история",Pavel Cantú,5.0, Художественный,156.0
Дела человеческие,Les choses humaines,Дела человеческие,Les Choses humaines,756603,2021,France,драма,Иван Атталь,7.073, Художественный,138.0
Делай - раз!,,Делай - раз!,Делай - раз!,339382,1989,Soviet Union,"военный, драма",Андрей Малюков,5.0, Художественный,85.0
Дело «Мальдорор»,Maldoror,Maldoror,Maldoror,377776,1977,Italy,"драма, мелодрама",Alberto Cavallone,8.0, Художественный,153.0
Дело Фриды,Frieda's Case,Дело Фриды,Friedas Fall,1314398,2025,Switzerland,драма,Maria Brendle,6.5, Художественный,108.0
Дело об убийстве Грейси Аллен,The Gracie Allen Murder Case ,The Gracie Allen Murder Case,The Gracie Allen Murder Case,51568,1939,United States of America,"комедия, детектив",Альфред Э. Грин,6.3, Художественный,75.0
Дело пастыря,,,,,,,,,,Научно-популярный,72.0
Дело семейное,Adulthood,Дело семейное,Adulthood,1083420,2025,United States of America,"комедия, криминал, детектив",Alex Winter,5.956, Художественный,97.0
Дело №137,Dossier 137,Дело №137,Dossier 137,1294698,2025,France,"криминал, драма",Dominik Moll,6.9, Художественный,116.0
Дельные люди. Арктика,,,,,,,,,,Научно-популярный,90.0
"Демон, приди: Новый ритуал",Chuyen Ma Gan Nha,"Демон, приди: Новый ритуал",Chuyen Ma Gan Nhà,930478,2022,Vietnam,"ужасы, триллер",Trần Hữu Tấn,5.083, Художественный,107.0
Демоны,,Ангелы и Демоны,Angels & Demons,13448,2009,"Italy, United States of America","триллер, детектив",Рон Ховард,6.719, Художественный,111.0
Демоны внутри,Faces of Anne,Демоны внутри,แอน,952127,2022,Thailand,"триллер, детектив, ужасы","คงเดช จาตุรันต์รัศมี, Rasiguet Sookkarn",6.5, Художественный,116.0
Демоны дома Гарретов,Raging Grace,Демоны дома Гарретов,Raging Grace,879689,2023,United Kingdom,"драма, триллер, ужасы, комедия, детектив",Paris Zarcilla,6.122, Художественный,104.0
Денискины рассказы,,Денискины рассказы,Денискины рассказы,306498,1970,Soviet Union,"приключения, семейный, комедия",Владимир Храмов,8.0, Художественный,87.0
День Нептуна,,,,,,,,,,Документальный,104.0
День гнева,Interstate,Трасса 60,Interstate 60,20312,2002,"Canada, United States of America","приключения, фэнтези, драма",Боб Гейл,7.385, Художественный,84.0
День командира дивизии,,День командира дивизии,День командира дивизии,496156,1983,Soviet Union,"военный, драма",Игорь Николаев,6.5, Художественный,86.0
День недели - любой,,День недели — любой,День недели — любой,1396995,2025,Russia,драма,Алёна Званцова,0.0, Художественный,82.0
День недели - любой,,День недели — любой,День недели — любой,1396995,2025,Russia,драма,Алёна Званцова,0.0, Художественный,80.0
День открытых дверей,,День открытых дверей,День открытых дверей,1256719,2024,Russia,документальный,"Александра Шишова, Ксения Казазаева, Артур Сухонин, Ольга Домовцева, Polina Svezhentseva, Константин Землянский, Denis Danilov",0.0,Научно-популярный,76.0
День рождения Сидни Люмета,,День рождения Сидни Люмета,День рождения Сидни Люмета,1523445,2026,Russia,драма,Рауль Гейдаров,0.0, Художественный,92.0
Деревня Утка,,Деревня Утка,Деревня Утка,150236,1976,Soviet Union,"семейный, фэнтези, приключения",Борис Бунеев,5.333, Художественный,83.0
Держись солнца,,Держись солнца,Держись солнца,1328943,2023,Russia,"драма, комедия",Leonid Kulibaba,0.0, Художественный,117.0
Деструктивная часть мозга,,,,,,,,,, Художественный,91.0
Детектив Табо,Thabo and the Rhino Case,Детектив Табо,Thabo - Das Nashornabenteuer,1131751,2023,Germany,"семейный, приключения, детектив",Mara Eibl-Eibesfeldt,6.2, Художественный,97.0
Детектор,,Детектор,Детектор,1087309,2023,Russia,"триллер, детектив",Kostas Marsan,7.0, Художественный,97.0
Детектор,,Детектор,Детектор,1087309,2023,Russia,"триллер, детектив",Kostas Marsan,7.0, Художественный,114.0
Дети 90-х. Фильм второй,,,,,,,,,, Художественный,65.0
Дети кукурузы ,Children of the Corn,Дети кукурузы,Children of the Corn,10823,1984,United States of America,"ужасы, триллер",Фриц Кирш,5.736, Художественный,94.0
Дети мои,,Дети мои,Дети мои,598353,,Russia,драма,,0.0,Документальный,86.0
Дети перемен (серии 1-2),,,,,,,,,, Художественный,116.0
Дети тьмы,The Kindred,Дети тьмы,The Kindred,854188,2021,United Kingdom,ужасы,Jamie Patterson,6.381, Художественный,94.0
Дети-шпионы,,Дети-шпионы,Дети-шпионы,1486045,2025,Russia,"комедия, семейный",Иван Архипов,10.0, Художественный,90.0
Детка,,Детка,Детка,1160911,2024,Russia,драма,Ирина Басенко,1.0, Художественный,108.0
Детка на драйве,She rides shotgun,Детка на драйве,She Rides Shotgun,1196573,2025,United States of America,"боевик, триллер, криминал",Nick Rowland,7.024, Художественный,120.0
Детки в порядке,Kids are alright,The Kids Are Alright,The Kids Are Alright,1195375,2018,United States of America,музыка,Cara Stricker,10.0, Художественный,85.0
Детки: Инструкция не прилагается,Sin instrucciones,Детки: Инструкция не прилагается,Sin instrucciones,1238200,2024,Spain,"комедия, драма",Marina Seresesky,6.905, Художественный,99.0
Детский юмористический киножурнал Ералаш. Выпуски 360-369,,,,,,,,,, Художественный,122.0
Детский юмористический киножурнал Ералаш. Выпуски 370-379,,,,,,,,,, Художественный,106.0
Детство Тёмы,,Детство Темы,Детство Темы,444629,1991,Soviet Union,"драма, семейный",Елена Стрижевская,5.5, Художественный,154.0
Детство Тёмы,,Детство Темы,Детство Темы,444629,1991,Soviet Union,"драма, семейный",Елена Стрижевская,5.5, Художественный,152.0
Джальма,,Джальма,Джальма,1111263,1929,Soviet Union,драма,Арнольд Кордюм,0.0, Художественный,65.0
Джамбо и маленькое привидение,Jumbo,Джамбо и маленькое привидение,Jumbo,1049082,2025,Indonesia,"мультфильм, комедия, драма, семейный, фэнтези",Ryan Adriandhy,7.6,Анимационный,101.0
Джамиля,,Джамиля,Джамиля,148430,1969,Soviet Union,"военный, драма, мелодрама",Ирина Поплавская,6.393, Художественный,82.0
Джанго,Django,Джанго освобождённый,Django Unchained,68718,2012,United States of America,"драма, вестерн",Квентин Тарантино,8.191, Художественный,92.0
Джейн Б. глазами Аньес В.,Jane B. par Agnes V.,Джейн Б. глазами Аньес В.,Jane B. par Agnès V.,53028,1988,France,фэнтези,Agnès Varda,6.7, Художественный,98.0
Джейн Остин испортила мне жизнь,JANE AUSTEN WRECKED MY LIFE,Джейн Остин испортила мне жизнь,Jane Austen a gâché ma vie,1082424,2025,France,"комедия, мелодрама, драма",Laura Piani,6.085, Художественный,98.0
Джейн глазами Шарлотты,Jane par Charlotte,Джейн глазами Шарлотты,Jane par Charlotte,836485,2022,"France, United States of America",документальный,Шарлотта Генсбур,7.0, Художественный,86.0
Джеки Чан,,Джеки Чан: Моя жизнь,成龍的傳奇,46122,1998,Hong Kong,документальный,Джеки Чан,6.274,Научно-популярный,68.0
Джекпот,Trap House,Джекпот,Trap House,628847,2025,"United Kingdom, United States of America","боевик, криминал, триллер",Michael Dowse,6.591, Художественный,101.0
Джентльмены Москвы. В поисках клада,,,,,,,,,, Художественный,79.0
Джестер,The Jester,Джестер,The Jester,1118595,2023,United States of America,"ужасы, триллер",Colin Krawchuk,6.124, Художественный,86.0
Джиперс Криперс: Возрожденный,Jeepers Creepers Reborn,Джиперс Криперс: Возрождённый,Jeepers Creepers: Reborn,717728,2022,"United States of America, United Kingdom",ужасы,Тимо Вуоренсола,5.3, Художественный,88.0
Джойка,Joika,Джойка,The American,714675,2023,"New Zealand, Poland, United Kingdom, United States of America",драма,Джеймс Напье,6.775, Художественный,106.0
Джон Уик 4,John Wick: Chapter 4,Джон Уик 4,John Wick: Chapter 4,603692,2023,"Germany, United States of America","боевик, триллер, криминал",Чад Стахелски,7.706, Художественный,169.0
Джонни Мнемоник,Johnny Mnemonic,Джонни Мнемоник,Johnny Mnemonic,9886,1995,"Canada, United States of America","фантастика, боевик, приключения",Robert Longo,5.766, Художественный,97.0
Джонни и Клайд,,Джонни и Клайд,Johnny & Clyde,857553,2023,United States of America,"боевик, триллер, криминал",Tom DeNucci,5.031, Художественный,99.0
Джотто. Предчувствие Ренессанса ,Giotto e il sogno del Rinascimento / Giotto: Dreaming the Renaissance,,,,,,,,,Научно-популярный,94.0
Джулс,Jules,Джулс,Jules,1072371,2023,"United States of America, United Kingdom","комедия, фантастика, драма",Marc Turtletaub,7.14, Художественный,87.0
Джульетта и Ромео,Juliet & Romeo,Ромео + Джульетта,Romeo + Juliet,454,1996,"Australia, United States of America","драма, мелодрама",Баз Лурман,6.779, Художественный,122.0
Джульетта и духи,Giulietta degli spiriti,Джульетта и духи,Giulietta degli spiriti,19120,1965,"Italy, France","комедия, драма, фэнтези",Федерико Феллини,7.214, Художественный,145.0
Джунгли Юрского периода,Jungle Beat 2: The Past,Джунгли Юрского периода,Jungle Beat 2: The Past,1453180,2025,,"мультфильм, приключения, семейный, комедия",Sam Wilson,6.0,Анимационный,91.0
Дзеффирелли: Богема,Franco Zeffirelli: La Boheme,,,,,,,,,Музыкально-развлекательный,104.0
Дзеффирелли: Паяцы,Franco Zeffirelli: I Pagliacci,,,,,,,,,Музыкально-развлекательный,71.0
Дзеффирелли: Сельская честь,Franco Zeffirelli: Cavalleria Rusticana,,,,,,,,,Музыкально-развлекательный,70.0
Дзеффирелли: Травиата,Franco Zeffirelli: La Traviata,,,,,,,,,Музыкально-развлекательный,106.0
Дзёхацу: Исчезнуть без следа,Johatsu: Into Thin Air,Johatsu - Die sich in Luft auflösen,Johatsu - Die sich in Luft auflösen,1249236,2024,"Germany, Japan, Switzerland",документальный,"森あらた, Andreas Hartmann",6.893,Документальный,86.0
Диагностика любви,,,,,,,,,, Художественный,181.0
Дикая,,Дикая,Дикая,930957,2022,Russia,комедия,Владимир Котт,5.3, Художественный,107.0
Дикая семейка,Sauvages,Sauvages,Sauvages,517122,2019,France,"мелодрама, драма",Dennis Berry,2.5,Анимационный,90.0
Дикие и домашние,,,,,,,,,,Документальный,52.0
Дикие предки,,Дикие предки,Early Man,387592,2018,"United Kingdom, France","семейный, комедия, мультфильм, приключения",Ник Парк,6.141, Художественный,95.0
Дикий Челендж,,,,,,,,,, Художественный,100.0
Дикий алмаз,Wild Diamond,Дикость 3: Неограненные алмазы,Wild Things: Diamonds in the Rough,17124,2005,United States of America,"криминал, драма, детектив",Jay Lowi,5.0, Художественный,104.0
Дикий мужчина,Wild Men,Wild Men,Wild Men,440949,2017,United States of America,"приключения, комедия, ужасы",Bobby Sansivero,7.0,Художественный,102.0
Дикое сердце,Ponyherz,Дикое сердце,Ponyherz,1137207,2023,"Germany, Belgium","семейный, приключения",Markus Dietrich,5.5, Художественный,99.0
Диодорова. Против течения,,Диодорова. Против течения,Диодорова. Против течения,1424967,2025,Russia,драма,Сандал Баишев,1.7, Художественный,93.0
Диор и я,Dior and I,Диор и я,Dior et moi,261860,2015,France,документальный,Frédéric Tcheng,7.3, Художественный,89.0
Диплодочек и волшебные миры,Diplodocus,Диплодочек и волшебные миры,Diplodocus,947478,2024,"Poland, Czech Republic, Slovakia","мультфильм, семейный, приключения, фэнтези, комедия",Wojtek Wawszczyk,6.9,Анимационный,94.0
Директор фотографии,,Директор фотографии,Директор фотографии,1321976,2024,Russia,документальный,Александр Носовский,0.0,Документальный,52.0
Диспетчер,Relay,Диспетчер,Relay,1088166,2025,"United States of America, United Kingdom","боевик, драма, триллер",Дэвид Маккензи,6.944, Художественный,112.0
Дитя тьмы,HUESERA,Дитя тьмы,Huesera,772515,2023,"Mexico, Peru","ужасы, детектив, драма",Michelle Garza Cervera,5.87, Художественный,95.0
Дитя тьмы: Первая жертва,Orphan: First Kill,Дитя тьмы: первая жертва,Orphan: First Kill,760161,2022,"Canada, United States of America","ужасы, триллер",William Brent Bell,6.598, Художественный,98.0
Длинные штаны,Long Pants,Длинные штаны,Long Pants,128229,1927,United States of America,комедия,Фрэнк Капра,5.769, Художественный,62.0
Длительные свидания,,Длительные свидания,Длительные свидания,1171188,2023,Russia,"драма, мелодрама",Georgy Lyalin,0.0, Художественный,80.0
Длительные свидания ,,Длительные свидания,Длительные свидания,1171188,2023,Russia,"драма, мелодрама",Georgy Lyalin,0.0, Художественный,80.0
Дневная красавица,Belle de jour,Дневная красавица,Belle de jour,649,1967,"France, Italy","драма, мелодрама",Luis Buñuel,7.3, Художественный,100.0
Дневник мигранта,,Дневник мигранта,Дневник мигранта,1010419,2022,Russia,драма,Uulzhan Dauletbekova,0.0, Художественный,69.0
Дневник поэта,,Дневник поэта,Дневник поэта,1135421,2022,Russia,"драма, история",Bulat Yusupov,0.0, Художественный,91.0
Дневники Безумцев,,,,,,,,,,Научно-популярный,122.0
Дневники космонавтов,,,,,,,,,,Документальный,54.0
Дневные звезды,,Дневные звезды,Дневные звезды,570306,1966,Soviet Union,"драма, история",Игорь Таланкин,10.0, Художественный,95.0
До Луны и обратно,,До Луны и обратно,До Луны и обратно,1685932,2026,Russia,"комедия, приключения, семейный",Лилия Трофимова,1.0, Художественный,101.0
До Рассвета,,До рассвета,До рассвета,1124973,2023,Russia,"комедия, драма",Георгий Даниелянц,0.0, Художественный,87.0
До встречи с Грейс,Getting Grace,До встречи с Грейс,Getting Grace,507527,2018,,"драма, комедия",Дэниэл Робак,3.9, Художественный,112.0
До начала истории,,,,,,,,,,Документальный,104.0
Добро пожаловать в семью,,Добро пожаловать в семью,Добро пожаловать в семью,953369,2022,Belarus,"комедия, криминал, мелодрама",Владимир Зинкевич,8.0, Художественный,112.0
Добро пожаловать в семью. Повар из Неаполя,,Добро пожаловать в семью: Повар из Неаполя,Добро пожаловать в семью: Повар из Неаполя,1121121,2023,Russia,"комедия, криминал",Владимир Зинкевич,4.9, Художественный,88.0
"Доброе утро, Луна",,,,,,,,,,Научно-популярный,82.0
Добрый доктор,,Добрый доктор,Добрый доктор,1453313,2026,Russia,комедия,Никита Грамматиков,5.5, Художественный,90.0
Догвилль,Dogville,Догвилль,Dogville,553,2003,"Denmark, Finland, France, Germany, Netherlands, Sweden, United Kingdom","криминал, драма, триллер",Ларс фон Триер,7.8, Художественный,178.0
Догги,Doggy,Gone Doggy Gone,Gone Doggy Gone,347841,2014,United States of America,"приключения, комедия","Kasi Brown, Brandon Walter",4.95, Художественный,92.0
Догъув (рождение). Обряды рождения крымских татар,,,,,,,,,,Научно-популярный,66.0
"Додумался, поздравляю!",,"Додумался, поздравляю!","Додумался, поздравляю!",207879,1977,Soviet Union,"семейный, комедия",Эдуард Гаврилов,5.0, Художественный,87.0
Дождь из мужчин,It's Raining Men,Samantha Hale: Only Happy When It's Raining Men,Samantha Hale: Only Happy When It's Raining Men,888243,2021,United States of America,комедия,Adam Buck,0.0, Художественный,97.0
Дождь на исходе лета,,,,,,,,,, Художественный,413.0
Дойти до парка Морасан,,,,,,,,,,Документальный,69.0
Доктор,,Доктор Стрэндж,Doctor Strange,284052,2016,United States of America,"фэнтези, приключения, боевик",Скотт Дерриксон,7.42, Художественный,120.0
Доктор Балу,,,,,,,,,,Документальный,70.0
Доктор Гаф,,Доктор Гаф,Доктор Гаф,1545550,2026,Russia,"комедия, семейный",Михаил Расходников,1.0, Художественный,99.0
Доктор Джекилл,Doctor Jekyll,Доктор Джекилл,Doctor Jekyll,936002,2023,United Kingdom,ужасы,Joe Stephenson,4.9, Художественный,91.0
Доктор Джекилл и мистер Хайд,Dr. Jekyll and Mr. Hyde,Доктор Джекилл и мистер Хайд,Dr. Jekyll and Mr. Hyde,84512,1913,United States of America,"драма, ужасы, фантастика",Herbert Brenon,4.5, Художественный,114.0
Доктор Свисток,,Доктор Свисток,Доктор Свисток,900306,2022,Russia,комедия,Ара Оганесян,6.3, Художественный,76.0
"Доку-mental: Короткий метр («За пределами слов», «В тени кипариса», «Письма Винсенту», «Чудачка», «Приостановка»)",,,,,,,,,,"Прочее (Учебный, Спектакль, …)",80.0
Доку-mental: короткий метр,,,,,,,,,,Анимационный,67.0
Долгожданный рассвет,Finalmentel'alba,Долгожданный рассвет,Finalmente l'alba,1013869,2024,"Italy, United States of America",драма,Saverio Costanzo,6.1, Художественный,114.0
Должник,,Должник,The Liability,162145,2012,United Kingdom,"триллер, комедия, криминал",Craig Viveiros,5.665, Художественный,78.0
Долина грёз,,Долина грёз,Долина грёз,1456863,2025,,документальный,Софья Горленко,0.0,Научно-популярный,99.0
Дом Сурановых. Жизнь коломенская. Не игра,,,,,,,,,,Документальный,65.0
Дом Тысячи Дверей,Woman in maze,Дом тысячи дверей,Woman in the Maze,1145028,2023,United States of America,"ужасы, триллер",Mitesh Kumar Patel,3.857, Художественный,100.0
Дом Хемингуэй,Dom Hemingway,Дом Хемингуэй,Dom Hemingway,192134,2013,United Kingdom,"комедия, криминал, драма",Richard Shepard,5.836, Художественный,93.0
Дом ада. Исследователи потустороннего,Hell House LLC Origins: The Carmichael Manor,Дом ада. Поместье Кармайкл,Hell House LLC Origins: The Carmichael Manor,1035982,2023,United States of America,"ужасы, детектив",Stephen Cognetti,6.571, Художественный,98.0
Дом ада. Спуск к дьяволу,Hell House LLC: Lineage,Дом ада. Спуск к дьяволу,Hell House LLC: Lineage,1202306,2025,United States of America,"ужасы, детектив",Stephen Cognetti,4.698, Художественный,108.0
Дом в моей голове,,,,,,,,,,Научно-популярный,80.0
Дом в огне,A House on Fire,A House on Fire,A House on Fire,794000,2021,"Canada, United States of America","драма, телевизионный фильм, криминал",Shamim Sarif,5.7, Художественный,108.0
Дом ненужных вещей,,Дом ненужных вещей,Дом ненужных вещей,1275750,2024,Russia,документальный,Evgeny Golynkin,0.0,Документальный,72.0
Дом обезьян,Monkey House,גן קופים,גן קופים,1009460,2023,"Israel, Italy","драма, комедия",Avi Nesher,7.5, Художественный,121.0
Дом с прислугой. Проклятие госпожи,The Housemaid,Горничная,The Housemaid,1368166,2025,United States of America,"детектив, триллер",Пол Фиг,7.252, Художественный,104.0
Дом удовольствий,La Maison,В доме,Dans la maison,121875,2012,France,"комедия, драма, детектив, триллер",Франсуа Озон,7.237, Художественный,86.0
Дом фотографа,,,,,,,,,,Научно-популярный,72.0
"Дом, в котором люди не живут",,"Дом, в котором люди не живут","Дом, в котором люди не живут",1338230,,Russia,ужасы,Vyacheslav Rudenko,0.0, Художественный,78.0
"Дом, милый дом",,"Дом, милый дом","Дом, милый дом",806988,2008,Ukraine,"комедия, драма",Alexei Mamedov,0.0, Художественный,99.0
Дом-ловушка,Accused,Обвиняемые,The Accused,10868,1988,United States of America,"криминал, драма",Джонатан Каплан,7.081, Художественный,88.0
Домашнее поле,,,,,,,,,, Художественный,79.0
Домовенок Кузя 2,,Домовенок Кузя 2,Домовенок Кузя 2,1268930,2026,Russia,"комедия, семейный, фэнтези",Виктор Лакисов,5.5, Художественный,92.0
Домовой,,Домовой,Домовой,576026,2019,Russia,"фэнтези, семейный",Евгений Бедарев,7.052, Художественный,98.0
Домовята: Навстречу приключениям,The Muckles - The Quest for a new Home,Домовята: Навстречу приключениям,Die Mucklas und wie sie zu Pettersson und Findus kamen,1020905,2022,Germany,"мультфильм, приключения, семейный",Ali Samadi Ahadi,5.5, Художественный,81.0
Домовёнок Кузя,,Домовенок Кузя,Домовенок Кузя,1214092,2024,Russia,"комедия, семейный, мультфильм",Виктор Лакисов,6.2, Художественный,90.0
Дон Жуан,Don Juan,Дон Жуан,Don Juan,89059,1926,United States of America,"приключения, мелодрама",Алан Кросленд,6.6, Художественный,100.0
Донбасс непокоренный,,,,,,,,,,Документальный,53.0
Донбасс. Память поколений,,,,,,,,,,Документальный,55.0
Донбасс. Передовая. Казаки,,Донбасс. Передовая. Казаки,Донбасс. Передовая. Казаки,1644369,2025,Russia,документальный,Valery Timoschenko,0.0,Документальный,76.0
Донбасс. Поэтому я здесь,,,,,,,,,,Документальный,53.0
Донбасс. Резервный полк,,,,,,,,,,Документальный,87.0
Донецкие шахтёры,,,,,,,,,, Художественный,96.0
Донни Дарко,Donnie Darko,Донни Дарко,Donnie Darko,141,2001,United States of America,"фэнтези, драма, детектив",Richard Kelly,7.763, Художественный,134.0
Дополнительное время,,Дополнительное время,Дополнительное время,70943,2005,Russia,комедия,Alexander Brunkovsky,3.0, Художественный,92.0
Дополнительный урок,,Дополнительный урок,Дополнительный урок,930951,2022,Russia,драма,Анна Курбатова,5.8, Художественный,97.0
Дорз,The Doors,Дорз,The Doors,10537,1991,United States of America,"музыка, драма, история",Оливер Стоун,7.1, Художественный,138.0
Дорога в один конец,Bring Him to Me,Дорога в один конец,Bring Him to Me,1059126,2023,Australia,"криминал, боевик, триллер",Luke Sparke,5.74, Художественный,96.0
Дорога к дому,,Дорога к дому,Дорога к дому,1071085,2023,Russia,"драма, детектив",Иван Шерстников,0.0, Художественный,74.0
Дорога отчаяния ,Desperation Road,Дорога отчаяния,Desperation Road,1039690,2023,United States of America,"триллер, боевик, криминал, драма",Nadine Crocker,6.602, Художественный,112.0
"Дорогая, я больше не перезвоню",,"Дорогая, я больше не перезвоню","Дорогая, я больше не перезвоню",1262690,2025,Russia,драма,Александр Фомин,7.0, Художественный,100.0
"Дорогая, я уменьшаюсь",L'homme qui rétrécit,"Дорогая, я уменьшаюсь",L'Homme qui rétrécit,1233506,2025,"France, Belgium","приключения, фантастика",Jan Kounen,6.06, Художественный,99.0
Дороги Победы,,Дороги Победы,Дороги Победы,1491518,2025,Russia,"история, военный",Roman Kosov,0.0, Художественный,70.0
Дороги Победы (расширенная версия),,,,,,,,,, Художественный,74.0
Дочки,Daughters,Daughters,Daughters,1214521,2024,United States of America,документальный,"Natalie Rae, Angela Patton",6.983,Документальный,90.0
Дочки-матери,,Дочки-матери,Дочки-матери,259923,2010,,мелодрама,,0.0, Художественный,95.0
Дочь болотного царя,The Marsh King`s Daughter,Дочь болотного царя,The Marsh King's Daughter,798362,2023,United States of America,"триллер, криминал, детектив",Нил Бёргер,6.4, Художественный,108.0
Дочь капитана,,Дочь капитана,Дочь капитана,1517928,2025,Russia,драма,Лариса Садилова,0.0, Художественный,102.0
Драгоценный подарок,,Драгоценный подарок,Драгоценный подарок,134354,1956,Soviet Union,"семейный, комедия",Александр Роу,5.2, Художественный,73.0
Драйв,Drive,Драйв,Drive,64690,2011,United States of America,"драма, триллер, криминал",Николас Виндинг Рефн,7.583, Художественный,100.0
Драйвер,Jackdaw,Jackdaw,Jackdaw,423670,1950,,,Gregory J. Markopoulos,4.0, Художественный,97.0
"Дракошия (серии: «День веселья», «Невезение», «Дракошная уборка», «Усауи», «Конкурс талантов», «Волшебное зеркало», «Идеальный подарок», «Функция», «Глазастик», «Волшебный бассейн», «Волшебная кисточка», «Идеальная ягода», «Волшебная прическа и др."")",,,,,,,,,,Анимационный,88.0
"Дракошия (серии: «Мудрый шар», «Волшебный кристалл», «Новый год Дракона», «Перчатка-дворецкий», «Дракошная группа», «Лучший игрок», «Музыкальная колонка», «Волшебная призма», «Фокусник Тайми», «День сердечек», «Волшебные бусы» и др.",,,,,,,,,,Анимационный,72.0
Дракула,Dracula: A Love Tale,Дракула,Dracula,1246049,2025,France,"ужасы, фэнтези, мелодрама",Люк Бессон,7.115, Художественный,129.0
Драники,,Драники,Драники,1524008,2026,Russia,"комедия, семейный",Максим Максимов,0.0, Художественный,84.0
Друг в океане,Blueback,Друг в океане,Blueback,807132,2022,Australia,"семейный, драма, приключения",Robert Connolly,6.545, Художественный,102.0
Друг другу,,Друг другу,Друг другу,1650249,2024,Russia,документальный,"Alexander Chernyavsky, Yana Goryun, Дмитрий Семибратов",0.0,Документальный,85.0
Другая,Where`s Rose,Другая,Where’s Rose,721930,2022,United States of America,"триллер, ужасы",John Mathis,5.5, Художественный,83.0
Другие,The Others,Другие,The Others,1933,2001,"Spain, United States of America, France","ужасы, детектив, триллер",Алехандро Аменабар,7.615, Художественный,104.0
Другие. Новая обитель.,The Dogs,Другие. Новая обитель,The Dogs,1081208,2025,Canada,"ужасы, триллер, детектив",Valerie Buhagiar,6.689, Художественный,97.0
Другой,O.T.H.E.R,Другой,Other,1314452,2025,"France, Belgium","ужасы, триллер, фантастика",David Moreau,5.618, Художественный,92.0
Другой мир,Underworld,Другой мир,Underworld,277,2003,United States of America,"фэнтези, боевик, триллер",Лен Уайзман,6.85, Художественный,133.0
Другой мир: Год волка,Werewolves,Другой мир: Год волка,Werewolves,970450,2024,"United States of America, Puerto Rico","боевик, ужасы, триллер, фантастика",Steven C. Miller,5.843, Художественный,94.0
Дурная кровь,Bad Blood,Бэтмен: Дурная Кровь,Batman: Bad Blood,366924,2016,United States of America,"фантастика, боевик, мультфильм, приключения, криминал",Джей Олива,7.033, Художественный,119.0
Дурной глаз,NOCEBO,Дурной глаз,Nocebo,782936,2022,"Ireland, Philippines, United Kingdom, United States of America","детектив, триллер, ужасы, фэнтези",Lorcan Finnegan,6.044, Художественный,97.0
Дурные деньги,Dumb Money,Дурные деньги,Dumb Money,792293,2023,United States of America,"история, комедия, драма",Крэйг Гиллеспи,6.684, Художественный,102.0
Дух Байкала,,Дух Байкала,Дух Байкала,1186048,2023,Russia,"драма, приключения",Михаил Расходников,5.0, Художественный,89.0
Дыхание,,Дыхание,Дыхание,1113451,2023,Russia,драма,Роман Каримов,4.0, Художественный,99.0
Дыхание глубины,,,,,,,,,,Документальный,72.0
Дыхание мертвого леса,,,,,,,,,, Художественный,85.0
Дыхание шторма,Last Breath,Дыхание шторма,Last Breath,972533,2025,"United Kingdom, United States of America","триллер, драма",Alex Parkinson,6.881, Художественный,93.0
Дыши!,Breathe,Дыши ради нас,Breathe,407445,2017,"Switzerland, United Kingdom","драма, мелодрама",Энди Сёркис,7.43, Художественный,93.0
Дышите свободно,,Дышите свободно,Дышите свободно,512730,2022,Russia,мелодрама,Сергей Бодров,1.0, Художественный,93.0
Дьявол в деталях. Дело Миранды,Miranda's Victim,Дьявол в деталях. Дело Миранды,Miranda's Victim,980816,2023,United States of America,"драма, история",Michelle Danner,6.755, Художественный,126.0
Дэвид Линч: жизнь в искусстве,David Lynch: Art Life,Дэвид Линч: Жизнь в искусстве,David Lynch: The Art Life,413765,2017,United States of America,документальный,"Jon Nguyen, Rick Barnes, Olivia Neergaard-Holm",7.0,Научно-популярный,89.0
Е.1027. Эйлин Грей: Дом у моря,E.1027 - Eileen Gray and the House by the Sea,1027: Эйлин Грей: Дом у моря,E.1027: Eileen Gray et la maison au bord de la mer,1245193,2024,Switzerland,документальный,Беатрис Мингер,6.375, Художественный,90.0
ЕВГЕНИЙ ТЕЛЕГИН,,Евгений Телегин,Евгений Телегин,1268211,2025,Russia,драма,Виктор Тихомиров,0.0, Художественный,155.0
ЕВГЕНИЙ ТЕЛЕГИН. 16+,,,,,,,,,, Художественный,100.0
ЕВДОКИМЫЧ или Как лечить оленя,,Евдокимыч или Как лечить оленя,Евдокимыч или Как лечить оленя,1140176,2023,Russia,документальный,"Елена Кабанова, Андрей Тимощенко",4.2,Научно-популярный,72.0
ЕВСЕЕВ: Признание ценою в жизнь,,ЕВСЕЕВ: Признание ценою в жизнь,ЕВСЕЕВ: Признание ценою в жизнь,1165129,2023,Russia,документальный,Andrey Ogorodnikov,0.0,Научно-популярный,76.0
ЕЛИЗАВЕТА II: ПОРТРЕТ НА ПРОЩАНИЕ,ELIZABETH: A PORTRAIT IN PART(S),Елизавета II: Портрет на прощание,Elizabeth: A Portrait in Part(s),896639,2022,"United Kingdom, United States of America","документальный, драма, история",Roger Michell,5.6,Документальный,86.0
ЕРЕТИК,HERETIC,Еретик,Heretic,1138194,2024,United States of America,"триллер, ужасы","Скотт Бек, Брайан Вудс",6.971, Художественный,111.0
Ева,,Ева,Eva,893694,2021,Philippines,"драма, мелодрама",Jeffrey Hidalgo,5.36, Художественный,91.0
Ева Гессе,Eva Hesse,Eva Hesse,Eva Hesse,381275,2016,"Germany, United States of America",документальный,Marcie Begleiter,6.5,Научно-популярный,108.0
Евгений Халдей. Лично свидетельствую,,,,,,,,,,Документальный,55.0
Еврей,,Еврей,Еврей,713121,2023,Russia,драма,Дмитрий Фикс,1.0, Художественный,110.0
Европа,Europa,"Европа, Европа",Europa Europa,8996,1990,"France, Germany, Poland","история, драма, военный",Agnieszka Holland,7.258, Художественный,111.0
Еда,Food Inc.2,Корпорация «Еда» 2,"Food, Inc. 2",1075971,2024,United States of America,документальный,"Melissa Robledo, Robert Kenner",7.0,Научно-популярный,94.0
Единица Монтевидео,,Единица Монтевидео,Единица Монтевидео,930938,2023,Russia,драма,Татьяна Лютаева,10.0, Художественный,122.0
Екатерина Великая,,Екатерина Великая,Екатерина Великая,1226832,2025,Russia,"история, драма",Морад Абдель Фаттах,3.8, Художественный,104.0
Екатерина Воронина,,Екатерина Воронина,Екатерина Воронина,396864,1957,Soviet Union,"драма, мелодрама",Исидор Анненский,4.4, Художественный,91.0
Елки 9,,Ёлки 9,Ёлки 9,988225,2022,Russia,"комедия, приключения","Александра Лупашко, Сергей Наумов",3.8, Художественный,94.0
Емельян Пугачев,,Емельян Пугачёв,Емельян Пугачев,531459,1979,Soviet Union,"драма, история",Алексей Салтыков,5.0, Художественный,158.0
Енисейский Меридиан (серии 1-8),,,,,,,,,,Документальный,123.0
Енисейский марафон,,Енисейский марафон,Енисейский марафон,1273717,2024,Russia,документальный,Vladimir Tarasov,0.0,Научно-популярный,80.0
"Енотки. Первые слова (серии: «Встречать и провожать», «Тянуть и толкать», «Уронить и поднять», «Хрупкий и прочный», «Одинаковые и разные», «Бросать и ловить», «Вход и выход», «Порядок и беспорядок», «Часть и целое», «Подниматься и спускаться» и др.",,,,,,,,,,Анимационный,91.0
"Енотки. Первые слова (серии: «Один и вместе», «Громко и тихо», «Быстро и медленно», «Под и над», «Весело и грустно», «Начало и конец», «Всегда и никогда», «Полный и пустой», «Легкий и тяжелый», «Новое и старое»)",,,,,,,,,,Анимационный,70.0
"Енотки. Первые слова (серии: «Убегать и догонять», «Все и никто», «Вдоль и поперек», «Сердитый и добрый», «Загадать и отгадать», «За и перед», «Тесный и просторный», «Забыть и вспомнить», «Мешать и помогать», «Робкий и смелый», «Потерять и найти» и др.)",,,,,,,,,,Анимационный,91.0
Если долго идти навстречу,,Если долго идти навстречу,Если долго идти навстречу,1667833,2026,Russia,драма,Алексей Троценко,0.0, Художественный,71.0
Есть только МиГ,,Есть только МиГ,Есть только МиГ,1446595,2025,Russia,"военный, комедия",Александр Жигалкин,4.0, Художественный,105.0
Ешь! Борись! Люби!,,Ешь! Борись! Люби!,Ешь! Борись! Люби!,1530892,2025,Russia,комедия,Тимур Акавов,0.0, Художественный,84.0
Еще одна настоящая любовь ,One True Loves,Ещё одна настоящая любовь,One True Loves,846961,2023,United States of America,"мелодрама, комедия, драма",Andy Fickman,6.2, Художественный,100.0
Ещё один шанс. История Аджамилы,,,,,,,,,, Художественный,105.0
ЖАВОРОНКИ В РЕПЕЙНОМ ПОЛЕ,,,,,,,,,, Художественный,72.0
ЖАДНАЯ ПОРОДА,BREED OF GREED,Жадная порода,Breed of Greed,1325697,2025,,триллер,Ralph Hemecker,6.6, Художественный,105.0
ЖАННА,,Жанна,Жанна,1010427,2022,Russia,драма,Константин Статский,4.0, Художественный,102.0
ЖАР-ПТИЦА,,Жар Птица,Жар Птица,1274330,2016,Bulgaria,мультфильм,Velislava Gospodinova,0.0, Художественный,90.0
ЖДУН,,Ждун,Ждун,1198288,2025,Russia,"комедия, семейный, фантастика",Дмитрий Суворов,5.2, Художественный,91.0
ЖДУН 2,,Ждун 2,Ждун 2,1455109,2026,Russia,"комедия, фэнтези",Дмитрий Суворов,0.0, Художественный,98.0
ЖЕМЧУГ,,Жемчуг,Жемчуг,1442947,2026,"Russia, India","драма, комедия, семейный",Тина Баркалая,0.0, Художественный,94.0
ЖЕНСКОЕ ЛИЦО,,У войны не женское лицо,У войны не женское лицо,1573902,1988,Soviet Union,"драма, телевизионный фильм","Анатолий Эфрос, Борис Глаголин, Андрей Столяров",0.0,Документальный,70.0
ЖИВУТ ЖЕ ЛЮДИ,,Живут же люди,Живут же люди,1038408,2022,Russia,документальный,Павел Скоробогатов,0.0,Документальный,61.0
ЖИЗНЬ ЧАКА,THE LIFE  OF CHUCK,Жизнь Чака,The Life of Chuck,842924,2025,United States of America,"фэнтези, драма",Майк Флэнаган,7.28, Художественный,110.0
Жажда золота,Gold,Золото,Gold,334524,2016,United States of America,"приключения, драма, триллер",Стивен Гейган,6.621, Художественный,96.0
Жажда славы,Magazine dreams,Жажда славы,Magazine Dreams,784524,2025,United States of America,драма,Elijah Bynum,6.733, Художественный,123.0
Жан-Пьер Поннель: Мадам Баттерфляй,Jean-Pierre Ponnelle: Madama Butterfly,,,,,,,,,Музыкально-развлекательный,147.0
Жан-Пьер Поннель: Риголетто,Jean-Pierre Ponnelle: Rigoletto,Риголетто,Rigoletto,164997,1982,Germany,"драма, музыка",Jean-Pierre Ponnelle,6.944,Музыкально-развлекательный,118.0
Жанна Дюбарри,Jeanne du Barry,Жанна Дюбарри,Jeanne du Barry,921452,2023,"France, Belgium, Saudi Arabia, United Kingdom, United States of America, Russia","драма, история, мелодрама",Maïwenn,6.9, Художественный,117.0
Жатва,Harvest,Тёмная жатва,Dark Harvest,675531,2023,United States of America,"ужасы, фэнтези, триллер",Дэвид Слейд,6.043, Художественный,133.0
Жванецкий,,Жванецкий,Жванецкий,1370463,2025,Russia,"документальный, музыка",Вадим Плохотников,10.0,Документальный,81.0
Жвачка (Серии №№ 1-2),,,,,,,,,, Художественный,96.0
Желаю славы,,Желаю славы,Желаю славы,1648413,2026,Russia,комедия,Александра Франк,0.0, Художественный,78.0
Железные леди. Послание миру,,,,,,,,,,Документальный,52.0
Жена художника,The Artist's Wife,Жена художника,The Artist's Wife,623266,2020,United States of America,драма,Tom Dolby,5.4, Художественный,96.0
Женитьба Фигаро,,"Безумный день, или Женитьба Фигаро","Безумный день, или Женитьба Фигаро",76241,1974,Soviet Union,"комедия, телевизионный фильм, мелодрама","Валентин Плучек, Владимир Храмов",4.8, Художественный,172.0
Жених с Марса,,Жених с Марса,Жених с Марса,1456277,2026,Russia,"комедия, фэнтези, фантастика",Михаил Шевчук,0.0, Художественный,80.0
Женский голос Арктики,,Женский голос Арктики,Женский голос Арктики,1247702,2023,Russia,документальный,Mila Kudryashova,0.0,Научно-популярный,82.0
Женщина в чёрном. Невеста дьявола,"Pengantin Setan, The Devil's Bride",Женщина в чёрном. Невеста дьявола,Pengantin Setan,1339772,2025,Indonesia,"ужасы, триллер",Azhar Kinoi Lubis,6.0, Художественный,90.0
"Женщина, которая расплескалась",,,,,,,,,, Художественный,60.0
Женщины,,Две женщины,Две женщины,277712,2014,"France, Latvia, Russia, United Kingdom","мелодрама, драма",Вера Глаголева,6.067, Художественный,106.0
Женщины Алтая,,Женщины Алтая,Женщины Алтая,1250283,2023,Russia,документальный,Irina Muromtseva,0.0,Документальный,60.0
Женщины и дороги. Путь к себе. Ладога ,,Женщины и дороги. Путь к себе. Ладога,Женщины и дороги. Путь к себе. Ладога,1165189,2023,Russia,документальный,"Кристина Кретова, Anna Kameneva",0.0,Документальный,56.0
Женщины на грани нервного срыва,Mujeres al borde un ataque de nervious,Женщины на грани нервного срыва,Mujeres al borde de un ataque de nervios,4203,1988,Spain,"комедия, драма",Педро Альмодовар,7.4, Художественный,88.0
"Женщины, создающие кино",Women Make Film: A New Road Movie Through Cinema,,,,,,,,,Научно-популярный,58.0
"Женщины, создающие кино. Эпизод 2",Women Make Films: A New Road Movie Though Cinema. Episode 2,,,,,,,,,Научно-популярный,63.0
"Женщины, создающие кино. Эпизод 3",Women Make Films: A New Road Movie Though Cinema. Episode 3,,,,,,,,,Научно-популярный,63.0
Женщины. Война,,"Человек на шесть миллионов долларов: Вино, женщины и война","The Six Million Dollar Man: Wine, Women and War",164691,1973,United States of America,"фантастика, боевик, драма, телевизионный фильм",Russ Mayberry,6.711,Документальный,54.0
Жертва,,Жертва,Жертва,743392,2020,Russia,"драма, комедия",Руслан Сорокин,2.7,Документальный,52.0
Жертвоприношение,The Sacrifice,The Sacrifice,The Sacrifice,502312,2015,,ужасы,Ricardo Islas,0.0, Художественный,149.0
"Живи, песня, живи",,"Даха, илли, даха!","Даха, илли, даха!",1252416,2022,,документальный,Madina Kostoeva,0.0,Научно-популярный,67.0
Живите долго,,Живите долго,Живите долго,1006773,2022,Russia,драма,Юсуп Разыков,0.0, Художественный,88.0
Живой,,#живой,#살아있다,614696,2020,South Korea,"боевик, ужасы, фантастика",Cho Il,7.213,Документальный,68.0
Животное,Animal,Животное,Animal,781732,2023,India,"боевик, криминал, драма",Sandeep Reddy Vanga,6.12, Художественный,201.0
Живые Мемории. Отцы и дети,,Живые мемории. Отцы и дети,Живые мемории. Отцы и дети,1524490,2025,Russia,документальный,"Ирина Разумовская, Михаил Разумовский",0.0,Научно-популярный,121.0
Жига. На полной скорости,,Жига. На полной скорости,Жига. На полной скорости,1446638,2025,Russia,"боевик, драма",Наталия Ахметова-Калёнова,5.5, Художественный,91.0
Жизнь,Sterben,Жизнь,Sterben,1232781,2024,Germany,"драма, комедия",Matthias Glasner,7.9, Художественный,178.0
Жизнь Анатолия Гребнева. К 100-летию со дня рождения,,,,,,,,,,Документальный,71.0
Жизнь вверх ногами,Life upside down,Жизнь вверх ногами,Life Upside Down,1008651,2023,United States of America,"комедия, драма, мелодрама",Cecilia Miniucchi,2.8, Художественный,88.0
Жизнь за час,,Жизнь за час,Жизнь за час,1275754,2023,Russia,документальный,Maria Chuvailova,0.0,Документальный,68.0
Жизнь зарождается в море,,,,,,,,,,Документальный,64.0
Жизнь и война Ивана Посашкова,,,,,,,,,,Документальный,74.0
Жизнь как чудо,Italian Best Shorts 5,Жизнь как чудо,Život je čudo,20128,2004,"France, Serbia and Montenegro","мелодрама, драма, комедия",Эмир Кустурица,7.204, Художественный,93.0
Жизнь по вызову,,Жизнь по вызову. Фильм,Жизнь по вызову. Фильм,1526018,2025,Russia,"драма, криминал",Сарик Андреасян,7.8, Художественный,109.0
Жил. Был. Дом.,,Жил-был дом,Жил-был дом,566007,2018,Russia,мультфильм,Светлана Андрианова,6.5,"Прочее (Учебный, Спектакль, …)",111.0
Жила-была девочка,,Жила-была девочка,Жила-была девочка,386482,1944,Soviet Union,"семейный, драма, военный",Виктор Эйсымонт,5.714, Художественный,69.0
Жили здесь,Here Lived,Here Lived,Here Lived,1254497,2023,,,Jane Wells,0.0,Научно-популярный,81.0
Жить с Надеждой,,,,,,,,,,Документальный,85.0
Жить своей жизнью,Vivre sa vie: Film en douze,Жить своей жизнью,Vivre sa vie: film en douze tableaux,1626,1962,France,драма,Жан-Люк Годар,7.708, Художественный,84.0
Журналист,,Журналист,Журналист,267279,1967,Soviet Union,"драма, мелодрама",Сергей Герасимов,5.667, Художественный,214.0
Жуть,You Shall Not Sleep Tonight,Жуть,You Shall Not Sleep Tonight,1265517,2024,"Argentina, New Zealand","ужасы, триллер","Luciano Montes de Oca, Laura Kulik, Guillermo Carbonell, Julien Deka, Hervé Freiburger",5.7, Художественный,80.0
Жюль в стране индейцев,Jules au pays d'Asha,Жюль и Аша в стране индейцев,Jules au pays d’Asha,1063966,2023,Canada,"приключения, драма",Sophie Farkas Bolla,6.7, Художественный,89.0
Жюль и Джим,Jules et Jim,Жюль и Джим,Jules et Jim,1628,1962,France,"драма, мелодрама",François Truffaut,7.5, Художественный,102.0
ЗА ПАЛЫЧА!,,За Палыча!,За Палыча!,1152354,2023,Russia,"военный, комедия",Андрей Богатырев,7.7, Художественный,90.0
ЗАКАТ,SUNDOWN,Закат,Sundown,854359,2022,"France, Mexico, Sweden",драма,Michel Franco,6.188, Художественный,82.0
ЗАЧЕМ РОССИИ ОПЕРЕТТА,,,,,,,,,,Документальный,69.0
ЗАЧЕМ СНЯТСЯ СНЫ,,Зачем снятся сны,Зачем снятся сны,879073,2021,Russia,документальный,"Тихон Пендюрин, Daniil Zinchenko",9.0,Документальный,65.0
"ЗВЕЗДА ГЕРОЯ (1 серия - Иван Баграмян, 2 серия - Мария Октябрьская, 3 серия - Магомет Гаджиев, 4 серия - Мария Байда, 5 серия - Ильдар Маннанов, 6 серия - Маншук Маметова, 7 серия - Мария Мельникайте, 8 серия - Израиль Бескин, 9 серия - Владимир Жога, 10 ",,,,,,,,,,Анимационный,173.0
ЗВЕРОГОНЩИКИ,The Silk Road Rally! aka Rally Road Racers,Зверогонщики,Rally Road Racers,1008102,2023,"United Arab Emirates, United Kingdom, United States of America","мультфильм, семейный, комедия",Ross Venokur,6.5,Анимационный,92.0
ЗВЕРОПОЕЗД,PETS ON A TRAIN,Зверопоезд,Falcon Express,1107216,2025,"France, United States of America","мультфильм, комедия, приключения, триллер","Benoît Daffis, Jean-Christian Tassy",7.0,Анимационный,87.0
ЗНАКОМЬТЕСЬ: КЛОНЫ БРЮСА ЛИ,Enter the Clones of Bruce,Брюс Ли: Выход клонов,Enter the Clones of Bruce,1115085,2023,United States of America,"документальный, история",David Gregory,7.6,Научно-популярный,95.0
ЗОЛОТОЙ КОНВОЙ ,GOLD RUN,The Lost Gold of Dents Run,The Lost Gold of Dents Run,1523550,,,,,0.0, Художественный,117.0
За Палыча!-2,,За Палыча! 2,За Палыча! 2,1591845,2026,Russia,"боевик, военный, комедия",Максим Боев,1.0, Художественный,90.0
За нас с вами,,За нас с вами,За нас с вами,1132134,2023,Russia,драма,Андрей Смирнов,5.1, Художественный,151.0
За нашим домом сад,,За нашим домом сад,За нашим домом сад,1263594,2025,Russia,драма,Anton Nefedov,0.0, Художественный,100.0
За облаками,"Kumo no Mukou, Yakusoku no Basho",За облаками,雲のむこう、約束の場所,12924,2004,Japan,"мультфильм, приключения, драма, мелодрама",Макото Синкай,6.6,Анимационный,90.0
За полчаса до весны,,,,,,,,,, Художественный,99.0
За порогом глубины,Sumergible,Sumergible,Sumergible,667468,2020,Ecuador,триллер,Alfredo León León,5.5, Художественный,80.0
За слова отвечаю,,За слова отвечаю,За слова отвечаю,1285849,2024,Russia,драма,Виталий Дудка,8.7, Художественный,99.0
За спорт! За жизнь!,,,,,,,,,,Документальный,64.0
Забавные игры,Funny Games,Забавные игры,Funny Games,8461,2008,"United States of America, Austria, France, United Kingdom, Germany, Italy","триллер, ужасы",Михаэль Ханеке,6.563, Художественный,109.0
Забавы молодых,,Забавы молодых,Забавы молодых,67074,1987,Soviet Union,драма,Евгений Герасимов,5.357, Художественный,77.0
Забытая тропа,,,,,,,,,, Художественный,90.0
Забытое чудо,,Забытое чудо,Забытое чудо,979595,2022,Russia,"мультфильм, приключения, фэнтези",Андрей Колпин,0.0,Анимационный,90.0
Забытый голос Сибири,,,,,,,,,,Документальный,66.0
Заведи меня,Turn Me On,Заведи меня,Turn Me On,937086,2024,United States of America,"фантастика, мелодрама, драма",Michael Tyburski,5.7, Художественный,99.0
Завербованный,,Завербованный,Завербованный,1270734,2026,Russia,драма,Андрей Пантелеев,0.0, Художественный,86.0
Завод 626,,,,,,,,,,Документальный,52.0
Завтрак у Тиффани,Breakfast at Tiffany's,Завтрак у Тиффани,Breakfast at Tiffany's,164,1961,United States of America,"комедия, мелодрама, драма",Blake Edwards,7.623, Художественный,115.0
Загадка волшебного острова,Berend Botje,Загадка волшебного острова,Berend Botje,866319,2021,Netherlands,семейный,Mans van den Berg,5.8, Художественный,80.0
Загадочное убийство Белль,Belle,Белль,Belle,205601,2013,United Kingdom,драма,Amma Asante,7.1, Художественный,88.0
Заговор Дьявола,The Devil Conspiracy,Заговор дьявола,The Devil Conspiracy,296271,2023,"Czech Republic, United States of America","ужасы, фэнтези, фантастика, триллер",Nathan Frankowski,6.448, Художественный,110.0
Заговор в Каире,Boy from Heaven,The Boy Who Came Back From Heaven,The Boy Who Came Back From Heaven,681426,2010,United States of America,,,0.0, Художественный,120.0
Заговоренная,,Заговоренная,Believer,1228803,2024,Canada,"ужасы, триллер, детектив",Sheldon Wilson,5.656, Художественный,108.0
Задира,,Задира,Scrapper,935906,2023,United Kingdom,"комедия, драма",Charlotte Regan,6.7, Художественный,84.0
Заклятие Абизу,Abyzou,Заклятие Абизу,Abyzou: Taker of Children,518311,2023,,ужасы,Jordan Pacheco,6.7, Художественный,94.0
Заклятие Амелии,Amelia's Children,Заклятие Амелии,A Semente do Mal,1082063,2024,Portugal,"ужасы, детектив",Gabriel Abrantes,6.118, Художественный,91.0
Заклятие монахини ,Saint Catherine ,Заклятие монахини,Saint Catherine,1356236,2024,"New Zealand, Argentina",ужасы,"Gonzalo Mellid, Michael Escobedo, Juan de Dios Garduño, Hana Kazim, Raffael Oliveri",6.453, Художественный,86.0
Заклятие. Демон внутри,The Containment,Заклятие. Демон внутри,La Exorcista,568770,2025,Mexico,"ужасы, детектив","Jack Zagha Kababie, Yossy Zagha",7.2, Художественный,84.0
Заклятие. Зарождение зла,Auxilio,Заклятие. Зарождение зла,Auxilio,1017388,2023,"Argentina, Colombia",ужасы,Tamae Garateguy,5.1, Художественный,70.0
Заклятие. Зло внутри,It Lives Inside,Заклятие. Зло внутри,It Lives Inside,1024773,2023,"Canada, United States of America","ужасы, детектив",Bishal Dutta,5.673, Художественный,99.0
Заклятие. Новое поколение,"Sofia,the Possession",Заклятие. Новое поколение,Tu Sangre,1321952,2024,Spain,ужасы,Guillermo Barreira Pérez,5.8, Художественный,84.0
Заклятие. Обряд реинкарнации,The Surrender,Заклятие. Обряд реинкарнации,The Surrender,1339206,2025,"United States of America, Canada","драма, ужасы",Julia Max,5.933, Художественный,95.0
Заклятие. Последний ритуал,Tomb Watcher,Заклятие. Последний ритуал,สุสานคนเป็น,1418305,2025,Thailand,"драма, ужасы",Vathanyu Ingkawiwat,5.5, Художественный,92.0
Заклятие. Реинкарнация отца,Daddy's Head,Заклятие. Реинкарнация отца,Daddy's Head,1089123,2024,United Kingdom,ужасы,Benjamin Barfoot,5.997, Художественный,92.0
Заклятье сумерек,Bride of the Convenat,,,,,,,,, Художественный,120.0
Заклятье. Дом тьмы,Smother,Мамаша,Smother,16699,2008,United States of America,"комедия, драма, мелодрама",Vince Di Meglio,4.948, Художественный,90.0
Заклятье. Книга крови,Red Book Ritual,Заклятье. Книга крови,The Red Book Ritual,928391,2022,"Argentina, New Zealand",ужасы,"Oliver Garland, Guillermo Lockhart, Victor Català, Nicolás Onetti, Christopher West, Brian Deane, Daniel Rübesam, Nicholas Peterson, Dean Law, Ariel Luque, Daniel J. Phillips, Chris Beyrooty, 문지원",5.285, Художественный,83.0
Заклятье. Кровь экзорциста,The Crucifix: Blood of the Exorcist,Заклятье. Кровь экзорциста,The Crucifix: Blood of the Exorcist,1352874,2025,United Kingdom,ужасы,Stephen Roach,5.58, Художественный,94.0
Заклятье. Мертвые воды,Bottom Of The Water,Заклятье. Мертвые воды,물귀신,1197426,2023,South Korea,"ужасы, детектив",Lim Ji-hoon,4.7, Художественный,83.0
Заклятье. Незаконченная глава,The Ghost Writer / Ghost Writer,Призрак,The Ghost Writer,11439,2010,"France, Germany, United Kingdom","триллер, детектив",Роман Полански,6.821, Художественный,90.0
Заклятье. Обитель дьявола,Home Sweet Home - Where Evil Lives,Заклятье. Обитель дьявола,Home Sweet Home - Wo das Böse wohnt,1032321,2024,Germany,"ужасы, триллер",Thomas Sieben,4.342, Художественный,87.0
Заклятье. Первое пробуждение,Communion Girl,Заклятье. Первое пробуждение,La niña de la comunión,1008005,2023,Spain,ужасы,Виктор Гарсия,6.01, Художественный,99.0
Заклятье. Последний стрим,No entres/ Do Not Enter,Заклятье. Последний стрим,No entres,1287717,2024,"Argentina, Paraguay",ужасы,Hugo Cardozo,6.718, Художественный,85.0
Заклятье. Последняя битва,La Exorcista,Заклятие. Демон внутри,La Exorcista,568770,2025,Mexico,"ужасы, детектив","Jack Zagha Kababie, Yossy Zagha",7.2, Художественный,101.0
Заклятье. Шестое чувство,Desaparecer Por Completo,Заклятье. Шестое чувство,Desaparecer Por Completo,671317,2024,Mexico,"триллер, ужасы",Luis Javier Henaine,6.791, Художественный,101.0
Заклятье. Шёпот ведьм,,Заклятье. Шёпот ведьм,Заклятье. Шёпот ведьм,1100856,2024,Russia,"ужасы, триллер",Серик Бейсеу,6.236, Художественный,96.0
Заклятье: 13-й этаж,Satan`s Slaves: Communion,Заклятье: 13-й этаж,Pengabdi Setan 2: Communion,925786,2022,Indonesia,"ужасы, детектив",Хоко Анвар,6.965, Художественный,118.0
Заклятье: Слуги Сатаны,Satan's Slave,Satan's Slave,Satan's Slave,30788,1976,United Kingdom,ужасы,Norman J. Warren,5.3, Художественный,106.0
Заклятье: Спуск к дьяволу,The Cellar,Заклятье: Спуск к дьяволу,The Cellar,758724,2022,"Belgium, Ireland, United States of America","ужасы, детектив",Brendan Muldowney,6.479, Художественный,94.0
Заколдованная пещера,Zakliata jaskyna,Заколдованная пещера,Zakliata jaskyňa,983985,2022,"Czech Republic, Hungary, Slovakia",фэнтези,Mariana Čengel Solčanská,5.4, Художественный,98.0
Закрытое море: год акулы,L’annee du requin,Закрытое море: Год акулы,L'Année du requin,833384,2022,France,"комедия, ужасы, драма","Ludovic Boukherma, Zoran Boukherma",4.419, Художественный,86.0
Заложники,Retribution,Заложники,Retribution,762430,2023,"France, Germany, United States of America","триллер, боевик, приключения",Нимрод Антал,6.537, Художественный,91.0
Заложница,Blunt / Held Hostage in My House,Заложница,Taken,8681,2008,"France, United States of America","боевик, триллер",Пьер Морель,7.406, Художественный,89.0
Залёт,Le test,Залёт,Le Test,880728,2021,France,комедия,Emmanuel Poulain-Arnaud,6.166, Художественный,79.0
Замок дьявола,The Elite of Devils,Замок дьявола,หม่อม,1102510,2024,Thailand,ужасы,"Theerakhaha Arriyawongsa, Artistaya Arriyawongsa",3.5, Художественный,109.0
Замри,Don't Move,Замри,Don't Move,1063877,2024,United States of America,"ужасы, триллер","Брайан Нетто, Adam Schindler",6.313, Художественный,91.0
Западня,Locked,Западня,Locked,1083968,2025,"United States of America, Canada, Czech Republic","ужасы, триллер",Дэвид Яровески,6.185, Художественный,95.0
Запертый заживо,Holy shit,Holy Shit Man!,Holy Shit Man!,822448,2021,,"ужасы, комедия",Bob East,3.0, Художественный,90.0
Заповедник. Фильм второй. Ученики,,,,,,,,,,Документальный,60.0
Заповедное,,,,,,,,,,Документальный,78.0
Заповедные люди,,Заповедные люди,Заповедные люди,1650251,2025,Russia,документальный,"Ольга Арлаускас, Светлана Горло",0.0,Научно-популярный,96.0
Запределье,The Fall,Каскадёры,The Fall Guy,746036,2024,"United States of America, Australia","боевик, комедия, мелодрама",Дэвид Литч,6.96, Художественный,119.0
Запретная группа,,Запретная группа,Запретная группа,1098219,2023,Belarus,триллер,Evgeny Lytkin,0.0, Художественный,102.0
Запретная страсть,L'Été dernier,Запретная страсть,L'Été dernier,812037,2023,France,драма,Catherine Breillat,6.091, Художественный,103.0
Запретный плод,Forbidden Fruits,Запретный плод,Forbidden Fruits,1450527,2026,"United States of America, Canada","ужасы, комедия",Meredith Alloway,6.4, Художественный,103.0
Затерянное место,Never Let Go,Затерянное место,Never Let Go,814889,2024,United States of America,ужасы,Александр Ажа,6.087, Художественный,102.0
Затерянные,,Затерянные,Затерянные,1320363,2024,Russia,драма,Роман Каримов,7.2, Художественный,93.0
Затерянные в джунглях,River of Blood,Затерянные в джунглях,River of Blood,1222064,2024,"Denmark, United Kingdom, Thailand","ужасы, триллер",Говард Дж. Форд,6.029, Художественный,86.0
Затерянный город,The Lost City,Затерянный город,The Lost City,752623,2022,United States of America,"боевик, приключения, комедия","Aaron Nee, Adam Nee",6.458, Художественный,107.0
Затерянный компас,,,,,,,,,, Художественный,81.0
Зачарованная Десна,,,,,,,,,, Художественный,81.0
Зачарованное королевство,,Зачарованное королевство,The Land of Sometimes,467914,2026,United Kingdom,"мультфильм, фэнтези, семейный, приключения",Leon Joosen,6.0,Анимационный,93.0
Зачетная принцесса,Chantal And The Magic Kingdom,Зачетная принцесса,Chantal im Märchenland,1119774,2024,Germany,"комедия, фэнтези",Бора Дагтекин,5.707, Художественный,117.0
Защитник,The Gateway ,Защитник,The Gateway,713711,2021,United States of America,"драма, триллер",Michele Civetta,5.319, Художественный,87.0
Защитные меры,Stay Safe,Защитные меры,Stay Safe,982322,2023,United States of America,"ужасы, триллер, детектив",Carlos V. Gutierrez,9.5, Художественный,89.0
Звезда универа,Sid Is Dead,Звезда универа,Sid Is Dead,555235,2023,United States of America,комедия,Eli Gonda,5.985, Художественный,90.0
Звездный инспектор,,Звездный инспектор,Звездный инспектор,344799,1980,Soviet Union,"фантастика, драма","Марк Ковалёв, Vladimir Polin",4.889, Художественный,81.0
Звезды в Сибири,,Звёзды в Сибири,Звёзды в Сибири,1372426,2024,Russia,комедия,Илья Фарфель,10.0, Художественный,77.0
Звезды в полдень,Stars at Noon,Звёзды в полдень,Stars at Noon,603204,2022,France,"драма, мелодрама, криминал",Claire Denis,5.862, Художественный,137.0
Звериный рейс,Noah' s Ark,Ноев ковчег,Noah's Ark,104430,1928,United States of America,"драма, военный, история",Майкл Кёртиц,6.429,Анимационный,94.0
Зверолэнд,The Gools,Зверолэнд,ثلاثة ماعز كونغبو الصغيرة,507156,2023,"United Arab Emirates, Iran","мультфильм, фэнтези, приключения","Farzad Dalvand, Kianoush Dalvand",0.0,Анимационный,85.0
Звоните Джейн,Call Jane,Звоните Джейн,Call Jane,579496,2022,"United Kingdom, United States of America","драма, история",Phyllis Nagy,6.51, Художественный,121.0
Звонок,Ringu,Ringu Doorbell,Ringu Doorbell,1700361,2021,,"ужасы, триллер",Kalei Singer,1.0, Художественный,95.0
Звонок. Последняя сессия,Idiot Girls and School Ghost: School Anniversary,Звонок. Последняя сессия,아메바 소녀들과 학교괴담: 개교기념일,1244810,2024,South Korea,"ужасы, комедия",김민하,6.7, Художественный,90.0
Звук падения,In die Sonne schauen,Звук падения,In die Sonne schauen,1221061,2025,Germany,драма,Mascha Schilinski,6.828, Художественный,153.0
Звук падения (субтитры),In die Sonne schauen,Звук падения,In die Sonne schauen,1221061,2025,Germany,драма,Mascha Schilinski,6.828, Художественный,153.0
Звук свободы,Sound of Freedom,Звук свободы,Sound of Freedom,678512,2023,United States of America,"боевик, драма",Alejandro Monteverde,7.96, Художественный,131.0
Звёзды мне укажут путь,,Звёзды мне укажут путь,Звёзды мне укажут путь,586356,2022,Russia,"музыка, семейный, мелодрама",Филипп Абрютин,8.0, Художественный,105.0
Здесь был Юра,,Здесь был Юра,Здесь был Юра,1472573,2026,Russia,"драма, комедия, музыка",Сергей Малкин,5.333, Художественный,96.0
Здесь выживут только сарлыки...,,Здесь выживут только сарлыки,Здесь выживут только сарлыки,1320687,2024,Russia,документальный,Светлана Стасенко,7.6,Документальный,67.0
Здорово и вечно,,Здорово и вечно,Здорово и вечно,311933,2014,Russia,документальный,"Anna Tsyrlina, Natalya Chumakova",6.5,Музыкально-развлекательный,79.0
Здоровый человек,,Здоровый человек,Здоровый человек,1010420,2023,Russia,драма,Пётр Тодоровский,5.5, Художественный,101.0
"Здравствуй, грусть",Bonjour Tristesse,"Здравствуй, грусть",Bonjour Tristesse,1127648,2025,"Canada, France, United Kingdom, Germany","мелодрама, драма",Durga Chew-Bose,6.1, Художественный,110.0
"Здравствуйте, дети!",,"Здравствуйте, дети!","Здравствуйте, дети!",453061,1962,Soviet Union,"драма, семейный",Марк Донской,9.0, Художественный,87.0
"Зебра в клеточку. Яркие дни (серии: «А если снег?», «Гоша, рисуй!», «Добрые дела», «Пойми меня», «Гошина помощь», «Бумажный фонарик», «Изобретатели», «Тяжелый поход», «Снежный день», «Спортивное настроение», День рождения Пети» и др.)",,,,,,,,,,Анимационный,84.0
Земля Алькаррас,Alcarràs,Земля Алькаррас,Alcarràs,804251,2022,Spain,драма,Carla Simón,6.75, Художественный,120.0
Земля Зомби,Apocalypse-Stirring change,天啟·驚蟄變,天啟·驚蟄變,1159790,2021,China,"боевик, история",Anthony Zhang,5.1, Художественный,73.0
Земля больших возможностей,,Земля больших возможностей,Земля больших возможностей,1010440,2022,Russia,документальный,Андрей Ананин,0.0,Документальный,100.0
Земля больших возможностей (серии 1-3),,,,,,,,,,Документальный,128.0
Земля сыновей,Land of Sons,ولاد رزق 2: عودة أسود الأرض,ولاد رزق 2: عودة أسود الأرض,620371,2019,Egypt,"драма, боевик",طارق العريان,7.2, Художественный,121.0
Земля у Байкала (12 выпуск),,,,,,,,,,Научно-популярный,99.0
Земля. Перезагрузка,Restart the Earth,Земля. Перезагрузка,重启地球,870096,2021,China,"фантастика, ужасы, боевик",Lin Zhenzhao,6.7, Художественный,92.0
Земляничная поляна,Wild Strawberries,Диви ягоди,Диви ягоди,1442918,2026,Bulgaria,"драма, комедия",Tatyana Pandurska,0.0, Художественный,92.0
Земной мир отца Андрея,,,,,,,,,,Документальный,52.0
Зенит навсегда 1 серия,,,,,,,,,,Научно-популярный,130.0
Зеркала. Пожиратели душ,Sukma,Душа,Sukma,1421634,2025,Indonesia,"ужасы, триллер",Baim Wong,5.4, Художественный,107.0
Зимник,,Зимник,Зимник,1458258,2025,Russia,документальный,Юрий Дорохин,0.0,Документальный,94.0
Зина & Леха 2. Новогодний маскарад!,,,,,,,,,, Художественный,93.0
Златовласка,Zlatovlaska,Zlatovláska,Zlatovláska,1105776,1978,Czechoslovakia,"семейный, фэнтези",Zdeněk Miczko,0.0, Художественный,120.0
Зло не существует,Aku wa sonzai shinai,Зло не существует,悪は存在しない,1156125,2023,Japan,драма,濱口竜介,6.811, Художественный,106.0
Зло: Новая глава,The Death That Awaits,Зло: Новая глава,The Death That Awaits,1297454,2025,United States of America,"ужасы, триллер",Richard J. Lee,6.275, Художественный,101.0
Зловещие мертвецы: Некрономикон,Pusaka,Зловещие мертвецы: Некрономикон,Pusaka,1261769,2024,Indonesia,"боевик, ужасы, триллер",Rizal Mantovani,5.7, Художественный,90.0
Злой город,,Злой город,Злой город,584855,2025,Russia,"боевик, история, драма, приключения",Konstantin Buslov,7.4, Художественный,111.0
Злость,Adverse,Злость,Adverse,661020,2021,United States of America,"криминал, триллер",Brian A. Metcalf,4.8, Художественный,94.0
Злые соседи,Angry Neighbors,Злые соседи,Angry Neighbors,1050225,2022,United States of America,комедия,Warren Brock,4.1, Художественный,90.0
Змееносец,,Змееносец,Змееносец,1692694,2021,Russia,комедия,Александра Шишова,0.0, Художественный,95.0
Змеиная топь,Quicksand,Quicksand,Quicksand,1471011,2025,,драма,Rebecca Coley,0.0, Художественный,86.0
"Знай, имя твое!",,,,,,,,,,Документальный,59.0
Знаковые места,,,,,,,,,,Документальный,139.0
Знакомство родителей,,Знакомство родителей,Знакомство родителей,1226747,2025,Russia,"комедия, мелодрама",Иван Капитонов,0.0, Художественный,110.0
Знакомство родителей,Maybe I Do,Знакомство родителей,Maybe I Do,972230,2023,United States of America,"комедия, мелодрама, драма",Michael Jacobs,5.454, Художественный,94.0
"Знакомьтесь, пёс",REKNI TO PSEM,"Знакомьтесь, пёс",Řekni to psem,859580,2022,Czech Republic,"комедия, мелодрама",Robert Sedláček,4.0, Художественный,85.0
Зов мести,What Remains,"То, что останется",What Remains,69696,2005,United States of America,документальный,Steven Cantor,5.25, Художественный,101.0
Зов могилы,Exhuma,Проклятие «Зов могилы»,파묘,838209,2024,South Korea,"детектив, ужасы, триллер",장재현,7.532, Художественный,134.0
Зови меня танцором,Call me dancer,Call Me Dancer,Call Me Dancer,1080481,2023,"United States of America, United Kingdom, Israel, India",документальный,"Leslie Shampaine, Pip Gilmour",8.7,Научно-популярный,80.0
Золотая бронза,,Золотая бронза,Золотая бронза,1456511,2022,Russia,драма,Игорь Копылов,5.0, Художественный,102.0
Золотая коллекция неигрового кино. Ленинградская волна,,,,,,,,,,Документальный,54.0
Золото Рейна,Rheingold,Золото Рейна,Rheingold,912726,2022,"Germany, Netherlands, Italy, Netherlands Antilles","история, драма, криминал, музыка",Fatih Akin,6.5, Художественный,136.0
Золото Тойон Бая: Дневник геолога,,Золото Тойон Бая: Дневник геолога,Золото Тойон Бая: Дневник геолога,1653283,2026,Russia,"комедия, драма",Vladimir Ammosov,0.0, Художественный,81.0
Золото Умальты,,Золото Умальты,Золото Умальты,1212233,2024,Russia,"драма, вестерн, приключения",Андрей Богатырев,6.0, Художественный,114.0
Золотой Витязь,,,,,,,,,, Художественный,1427.0
Золотой Витязь,,,,,,,,,,Документальный,2468.0
Золотой Витязь,,,,,,,,,,Анимационный,59.0
Золотой дубль,,Золотой дубль,Золотой дубль,1451016,2026,Russia,"семейный, драма",Mher Mkrtchyan,1.0, Художественный,106.0
Золушка,,Золушка,Cinderella,150689,2015,"United Kingdom, United States of America","мелодрама, фэнтези, семейный, драма",Кеннет Брана,6.824, Художественный,86.0
Золушка. Тайна трех желаний,,Золушка. Тайна трёх желаний,Золушка. Тайна трёх желаний,1501135,2026,Russia,"мультфильм, фэнтези",Виталий Шафиров,1.0,Анимационный,86.0
Зомби по имени Шон,Shaun of the Dead,Зомби по имени Шон,Shaun of the Dead,747,2004,United Kingdom,"ужасы, комедия",Эдгар Райт,7.542, Художественный,99.0
Зомби: из Пусана в Гангнам,Gangnamjombi,Зомби: Из Пусана в Гангнам,강남좀비,996525,2023,South Korea,"ужасы, драма, боевик",이수성,5.079, Художественный,81.0
Зомбилэнд-Сага. Фильм ,Zombie Land Saga: Yumeginga Paradise,Зомбилэнд-Сага. Фильм,劇場版 ゾンビランドサガ ゆめぎんがパラダイス,959646,2025,Japan,"мультфильм, комедия, музыка, боевик","Такафуми Исида, Такэру Сато",8.0,Анимационный,121.0
Зомбилэнд-Сага. Фильм (версия с субтитрами),Zombie Land Saga: Yumeginga Paradise,Зомбилэнд-Сага. Фильм,劇場版 ゾンビランドサガ ゆめぎんがパラダイス,959646,2025,Japan,"мультфильм, комедия, музыка, боевик","Такафуми Исида, Такэру Сато",8.0,Анимационный,121.0
Зона Вселенной,,,,,,,,,, Художественный,122.0
Зоськина заправка,,Зоськина заправка,Зоськина заправка,1105275,2023,Russia,"драма, криминал",Наталья Углицких,0.0, Художественный,89.0
Зося,,Зося,Зося,71364,1967,Soviet Union,"мелодрама, драма, военный",Mikhail Bogin,5.313, Художественный,64.0
Зубастики. Опасный рейс,Monster on a Plane,Зубастики. Опасный рейс,Monster on a Plane,1270125,2024,Germany,"ужасы, комедия",Ezra Tsegaye,4.7, Художественный,92.0
Зубрила,,,,,,,,,, Художественный,66.0
Зураб,,Зураб,Зураб,1339227,2024,Russia,документальный,Ashot Gevorkyan,0.0,Научно-популярный,74.0
Зять,,Зять,Зять,1266524,2024,Russia,"комедия, мелодрама",Анарио Мамедов,7.3, Художественный,80.0
Зёма. Сказка на районе,,Зёма. Сказка на районе,Зёма. Сказка на районе,1156519,2022,Russia,комедия,"Леонид Тележинский, Семён Молоканов",0.0, Художественный,58.0
"И в шутку, и всерьез",,,,,,,,,, Художественный,71.0
И жили они долго и счастливо или почему динозавры вымерли,,"И жили они долго и счастливо, или почему динозавры вымерли","И жили они долго и счастливо, или почему динозавры вымерли",1268321,2024,Russia,документальный,Дарина Умнова,6.8, Художественный,96.0
ИАКИНФ БИЧУРИН,,,,,,,,,,Документальный,60.0
ИГРА КОРОЛЕВЫ,FIREBRAND,Игра королевы,Firebrand,848439,2024,"United Kingdom, United States of America","драма, история, триллер",Karim Aïnouz,6.3, Художественный,120.0
ИМПЕРАТОР,,Император,Emperor,127372,2012,"Japan, United States of America","драма, история, военный",Питер Веббер,6.155, Художественный,94.0
ИМПЕРИЯ,THE EMPIRE,Звёздные войны: Эпизод 5 - Империя наносит ответный удар,The Empire Strikes Back,1891,1980,United States of America,"приключения, боевик, фантастика",Ирвин Кершнер,8.393, Художественный,110.0
ИНСТИНКТ,,Основной инстинкт,Basic Instinct,402,1992,"United States of America, France","триллер, детектив",Пол Верховен,6.945,Научно-популярный,60.0
ИНСТИНКТ ВЫЖИВАНИЯ,INTO THE DEEP,Инстинкт выживания,Into the Deep,1388808,2025,United States of America,"ужасы, боевик, триллер",Кристиан Сесма,5.865, Художественный,89.0
ИСТОРИЯ ПЕРМСКОГО КИНО В ЛИЦАХ,,,,,,,,,,Документальный,89.0
Ибн Фадлан,,Ibn Fadlan,Ibn Fadlan,1475610,2022,,"история, драма",Ainaz Mukhametzyanov,0.0,Научно-популярный,100.0
Иван Бровкин на целине,,Иван Бровкин на целине,Иван Бровкин на целине,148785,1959,Soviet Union,"приключения, комедия",Иван Лукинский,6.4, Художественный,97.0
Иван Семенов - школьный переполох!,,Иван Семёнов: Школьный переполох,Иван Семёнов: Школьный переполох,984732,2022,Russia,комедия,Антон Богданов,10.0, Художественный,93.0
Иван Семенов. Первый поцелуй,,Иван Семенов. Первый поцелуй,Иван Семенов. Первый поцелуй,1480132,2025,Russia,комедия,Кирилл Седухин,0.0, Художественный,75.0
Иван Семенов: Большой поход,,Иван Семенов: Большой поход,Иван Семенов: Большой поход,1165121,2023,Russia,драма,Антон Богданов,7.0, Художественный,84.0
Иван Царевич и Серый Волк 5,,Иван Царевич и Серый Волк 5,Иван Царевич и Серый Волк 5,1033776,2022,Russia,мультфильм,"Константин Феоктистов, Дарина Шмидт",6.0,Анимационный,78.0
Иван Царевич и Серый Волк 6,,Иван Царевич и Серый Волк 6,Иван Царевич и Серый Волк 6,1254752,2024,Russia,мультфильм,"Константин Феоктистов, Дарина Шмидт",7.0,Анимационный,85.0
Иванова Лествица,,Иванова Лествица,Иванова Лествица,951278,2022,"France, Russia",документальный,Nikolay Bem,0.0,Документальный,61.0
Иваново ДЕЛО,,Иваново дело,Иваново дело,1648113,2024,Russia,документальный,Иван Твердовский,0.0,Документальный,61.0
Иваново счастье. Новые истории,,Иваново счастье. Новые истории,Иваново счастье. Новые истории,910573,2021,Russia,драма,"Сергей Рамз, Иван Соснин, Никита Власов",0.0, Художественный,90.0
Ивушка плакучая,,,,,,,,,, Художественный,184.0
Игра в Пусане,Rebound,Отскок,Rebound,7233,2005,United States of America,"комедия, семейный",Стив Карр,5.608, Художественный,122.0
Игра в Триллера,,,,,,,,,, Художественный,82.0
Игра в кальмара: Перезагрузка,Exit,Выхода нет,No Exit,833425,2022,United States of America,"триллер, детектив",Damien Power,6.835, Художественный,97.0
Игра в куклы,,Последняя игра в куклы,Последняя игра в куклы,1362437,2010,Russia,"драма, семейный",Георгий Негашев,0.0,Документальный,60.0
Игра в лифте,Elevator Game,Игра в лифте,Elevator Game,1015303,2023,"Canada, United Kingdom, United States of America",ужасы,Rebekah McKendry,5.0, Художественный,94.0
Игра в переговоры,The Negotiation,The Negotiation,The Negotiation,679712,,,,Chris Fitz,7.0, Художественный,113.0
Игра в прятки,All Fun and Games,Игра в прятки,All Fun and Games,926599,2023,"United Kingdom, United States of America","ужасы, триллер","Ari Costa, Eren Celeboglu",5.547, Художественный,76.0
Игра ведьм,The Witch game,Игра ведьм,Juego de brujas,1067833,2024,Argentina,ужасы,Fabián Forte,6.8, Художественный,86.0
Игра киллера,Killer's game,Игра киллера,The Killer's Game,507241,2024,"United States of America, United Kingdom, Spain, Hungary","боевик, комедия, триллер",Джей Джей Перри,6.414, Художественный,104.0
Игра на Выживание,Hunt Club,Игра на выживание,Hunt Club,1064178,2023,United States of America,"боевик, триллер, ужасы",Elizabeth Blake-Thomas,4.1, Художественный,83.0
Игра на поражение,Une femme de notre temps,Игра на поражение,Une femme de notre temps,930596,2022,France,драма,Jean-Paul Civeyrac,4.793, Художественный,95.0
Игра с ключами,El juego de las llaves,Игра с ключами,El juego de las llaves,901908,2022,Spain,комедия,Vicente Villanueva,6.0, Художественный,107.0
Игра со смертью,,Игра со смертью,Play Dead,1426297,2025,"Argentina, New Zealand",ужасы,Carlos Goitia,6.0, Художественный,72.0
Игра теней,Blacklight,Игра теней,Blacklight,823625,2022,"Australia, China, United States of America","боевик, триллер, приключения",Марк Уильямс,6.149, Художественный,104.0
Игры возмездия,Tin Soldier,Игры возмездия,Tin Soldier,977294,2025,"United States of America, United Kingdom","боевик, триллер",Брэд Фурман,4.775, Художественный,86.0
Игры сознания,Minor Premise,Игры сознания,Minor Premise,661137,2020,United States of America,"фантастика, триллер, драма",Eric Schultz,5.2, Художественный,91.0
Идеальная афера,Wildcat,Идеальная афера,Wildcat,1448560,2025,United Kingdom,"боевик, триллер",James Nunn,6.185, Художественный,98.0
Идеальная зависимость,Perfect Addiction,Идеальная зависимость,Perfect Addiction,845659,2023,"Germany, Switzerland, United States of America","драма, мелодрама",Castille Landon,6.753, Художественный,97.0
Идеальная иллюзия,Perfetta illusione,Идеальная иллюзия,Perfetta illusione,1049171,2022,Italy,драма,Pappi Corsicato,5.3, Художественный,88.0
Идеальная ложь,De grandes espérances,Идеальная ложь,De grandes espérances,977349,2023,France,"драма, триллер",Sylvain Desclous,6.103, Художественный,105.0
Идеальное ограбление,American Night,Идеальное ограбление,American Night,695080,2021,"Italy, United States of America, Bulgaria","боевик, триллер, криминал",Alessio Della Valle,4.227, Художественный,123.0
Идеальное убийство,The Good Neighbor,Идеальное убийство,The Good Neighbor,893086,2022,"United States of America, Latvia","триллер, драма",Stephan Rick,6.561, Художественный,97.0
Идеальные дни,Perfect Days,Идеальные дни,PERFECT DAYS,976893,2023,"Germany, Japan",драма,Вим Вендерс,7.795, Художественный,124.0
Идеальные друзья,THE TROUBLE WITH JESSICA,Идеальные друзья,The Trouble with Jessica,1056746,2024,United Kingdom,"комедия, драма, криминал",Matt Winn,6.074, Художественный,89.0
Идеальный брат,,Идеальный брат,Идеальный брат,1101889,2023,Russia,комедия,Ratmir Lutfullin,0.0, Художественный,93.0
Идеальный лжец,Coup!,Coup!,Coup!,980950,2006,United Kingdom,драма,Саймон Селлан Джонс,0.0, Художественный,97.0
Идеальный музей. Возвращение Ренессанса,,,,,,,,,,Документальный,70.0
Идентификация,,Идентификация,Identity,2832,2003,United States of America,"детектив, триллер",Джеймс Мэнголд,7.184, Художественный,85.0
"Иди ко мне, детка",She Came to Me,"Иди ко мне, детка",She Came to Me,503417,2023,"United Kingdom, United States of America","мелодрама, комедия, драма",Ребекка Миллер,6.09, Художественный,102.0
Идиоты,The Idiots,The Idiots,The Idiots,1609241,2025,,комедия,Jack Preacher,0.0, Художественный,108.0
Из Сибири по зову сердца,,,,,,,,,,Научно-популярный,102.0
Из Тосканы с любовью,Il cacio con le pere,Из Тосканы с любовью,Il cacio con le pere,919962,2023,Italy,комедия,Luca Calvani,6.0, Художественный,100.0
Из глубины,No Way Up,Из глубины,No Way Up,1096197,2024,United Kingdom,"триллер, ужасы, боевик",Claudio Fäh,6.253, Художественный,90.0
Из зоны комфорта,,,,,,,,,,Документальный,65.0
Избави нас. Одержимые,Deliver Us,Избави нас. Одержимые,Deliver Us,1097150,2023,"Estonia, United States of America",ужасы,"Cru Ennis, Lee Roy Kunz",5.542, Художественный,101.0
Извне. Петля времени,Drive Back,Извне. Петля времени,Drive Back,1022892,2024,United States of America,"ужасы, детектив, фантастика, триллер",Cody Ashford,5.325, Художественный,94.0
Изгои,,Изгои,The Outsiders,227,1983,United States of America,"криминал, драма",Фрэнсис Форд Коппола,7.2, Художественный,90.0
Изгоняющий дьявола: Апокалипсис ,Qodrat,Изгоняющий дьявола: Апокалипсис,Qodrat,1026836,2022,"Indonesia, Malaysia","боевик, драма, фэнтези, ужасы, триллер",Charles Gozali,6.4, Художественный,101.0
Изоляция,Izolacija,Izolacija,Izolacija,855797,2021,Bosnia and Herzegovina,документальный,"Dženan Esko, Kristina Jeličanin, Mia Avdagić, Hana Babić, Ivo Kaunitz, Laura Brunner",0.0, Художественный,84.0
Изумительная Мокси (дубляж),Miss Moxy,Изумительная Мокси,Miss Moxy,587357,2025,"Belgium, France, Netherlands","приключения, мультфильм, комедия, семейный","Vincent Bal, Wip Vernooij",8.2,Анимационный,88.0
Изумительный Морис,The Amazing Maurice,Изумительный Морис,The Amazing Maurice,676710,2022,"Belgium, Canada, Germany, United Kingdom","мультфильм, приключения, комедия, семейный, фэнтези",Тоби Генкель,6.66,Анимационный,93.0
Икар,Icare,Икар,Icare,921253,2022,"Belgium, France, Luxembourg","мультфильм, фэнтези, приключения",Carlo Vogele,6.7,Анимационный,76.0
Илиир хоруол (Король Лир),,Король Лир,Илиир Хоруол,1307977,2024,Russia,драма,Сергей Потапов,0.0, Художественный,90.0
Иллюзия контроля,,Иллюзия контроля,설계자,865910,2024,South Korea,"криминал, триллер",Lee Yo-sup,5.4, Художественный,90.0
Иллюзия контроля,Seolgyeja,Иллюзия контроля,설계자,865910,2024,South Korea,"криминал, триллер",Lee Yo-sup,5.4, Художественный,99.0
Иллюзия обмана 3,Now You See Me 3,Иллюзия обмана 3,Now You See Me: Now You Don't,425274,2025,United States of America,"криминал, триллер",Рубен Фляйшер,6.505, Художественный,112.0
Иллюзия побега,Superposition,Иллюзия побега,Superposition,848181,2023,"Denmark, Finland, Sweden",триллер,Karoline Lyngbye,6.0, Художественный,101.0
Иллюзия превосходства,T.I.M.,Иллюзия превосходства,T.I.M.,1040229,2023,United Kingdom,"фантастика, триллер, ужасы",Spencer Brown,5.727, Художественный,101.0
Иллюзия убийства,Reversion,Reversion,Reversion,226369,2008,United States of America,драма,Mia Trachinger,0.0, Художественный,97.0
Им покоряется небо,,Им покоряется небо,Им покоряется небо,389543,1963,Soviet Union,драма,Татьяна Лиознова,8.5, Художественный,97.0
Им покоряется небо,,Им покоряется небо,Им покоряется небо,389543,1963,Soviet Union,драма,Татьяна Лиознова,8.5, Художественный,96.0
Иммигрант,,Иммигрант,Иммигрант,1158995,2023,"France, Russia",драма,Ruslan Magomadov,4.0, Художественный,85.0
Императрицы,,Императрицы,Императрицы,1186073,2023,Russia,"история, драма",Андрей Кравчук,5.5, Художественный,117.0
Империя Грёз Джанни Версаче,Gianni Versace: L'Imperatore dei sogni,Империя грез Джанни Версачи,Gianni Versace: L'imperatore dei sogni,1103536,2023,Italy,документальный,Mimmo Calopresti,0.0,Научно-популярный,74.0
Империя кошек,,Империя кошек,Империя кошек,1330169,2023,Russia,документальный,Егор Климович,0.0,Научно-популярный,87.0
Империя. Александр II,,,,,,,,,,Документальный,99.0
Империя. Елизавета Петровна,,,,,,,,,,Документальный,99.0
Импостер,#Manhole,man-hole,man-hole,440377,2001,Japan,,鈴井貴之,7.0, Художественный,99.0
"Индийский чай, история бродяги",Paradesi,Paradesi,Paradesi,413545,1998,India,мелодрама,K Raghavendra Rao,8.0, Художественный,124.0
Инициация,,Инициация,Blutsfreundschaft,90108,2009,Austria,драма,Peter Kern,4.4, Художественный,106.0
Иной взгляд,,,,,,,,,,Научно-популярный,119.0
Ину-О: Рождение легенды,Inu-oh,Ину-о: Рождение легенды,犬王,642538,2022,"Japan, Hong Kong","мультфильм, драма, музыка, фэнтези, история",Масааки Юаса,7.301,Анимационный,97.0
Инферно,No Me Sigas,Инферно,No me sigas,772462,2025,"Mexico, United States of America","ужасы, детектив","Eduardo Lecuona, Ximena García Lecuona",5.981, Художественный,90.0
Ип Ман. Битва кланов,Ip Man Kung Fu Legend,Ип Ман: Битва кланов,Ip Man: Kung Fu Legend,1628071,2026,China,боевик,Ли Лимин,0.0, Художественный,98.0
Ип Ман. Начало,Young Ip Man: Crisis Time,Ип Ман. Начало,少年叶问之危机时刻,751391,2020,China,боевик,Ли Лимин,5.628, Художественный,78.0
Иржи Килиан: Ироничные танцы,Jiri Kylian: Ironic Dances,,,,,,,,,"Прочее (Учебный, Спектакль, …)",77.0
Ирония судьбы в Голливуде,About Fate,Ирония судьбы в Голливуде,About Fate,828613,2022,United States of America,"мелодрама, комедия",Марюс Вайсберг,7.5, Художественный,99.0
Искупление,,Искупление,Atonement,4347,2007,"France, United Kingdom, United States of America","драма, мелодрама",Джо Райт,7.635, Художественный,99.0
Искусство по понятиям,The Kill Room,Искусство по понятиям,The Kill Room,958006,2023,"United States of America, United Kingdom, India","комедия, криминал",Nicol Paone,5.869, Художественный,98.0
Искусство смерти,,Искусство смерти,Искусство смерти,1026107,2022,Russia,драма,Vladimir Beldiyan,0.0, Художественный,75.0
Искушение,Temptation,Temptation,Temptation,601996,2003,United States of America,"комедия, триллер",Kim Caviness,6.0, Художественный,100.0
Искушение. Неволшебная сказка,,,,,,,,,, Художественный,126.0
Исповедь,Mass,Чёрная месса,Black Mass,261023,2015,"United Kingdom, United States of America","драма, криминал, история",Scott Cooper,6.528, Художественный,111.0
Испытание Севером,,,,,,,,,,Документальный,64.0
Испытание аулом,,Испытание аулом,Испытание аулом,1269982,2023,Russia,"комедия, семейный",Ислам Сатыров,5.0, Художественный,94.0
Испытание войной,,,,,,,,,,Документальный,60.0
"Истории, которые нельзя рассказывать",Stories Not to Be Told,"Истории, которые нельзя рассказывать",Historias para no contar,801860,2022,Spain,комедия,Cesc Gay,5.7, Художественный,75.0
История Любви,,Рокки и Рани. История любви,रॉकी और रानी की प्रेम कहानी,848116,2023,India,"комедия, драма, семейный, мелодрама",Karan Johar,6.201, Художественный,69.0
"История большой страны в судьбах учителей, серии 1-10",,,,,,,,,,Научно-популярный,162.0
История глазами поэта,,,,,,,,,, Художественный,74.0
История гражданской войны,,История гражданской войны,История гражданской войны,887976,1921,Russia,"документальный, история",Дзига Вертов,4.333,Научно-популярный,94.0
История двух сестёр,A Tale of Two Sisters,A Tale of Two Sisters: 'Making Of',A Tale of Two Sisters: 'Making Of',1268942,2005,South Korea,"триллер, драма, ужасы, детектив",,0.0, Художественный,115.0
История деда Азамбая,,История деда Азамбая,История деда Азамбая,1637113,2024,Russia,драма,Marat Nikitin,0.0, Художественный,60.0
История дельфина: Каникулы на Багамах,Saving Bimini,История дельфина: Каникулы на Багамах,Dolphin Summer,1508779,2026,United States of America,"семейный, приключения",Robin Conly,6.0, Художественный,88.0
История кино: Новое поколение,The Story of Film: A New Generation,История кино: Новое поколение,The Story of Film: A New Generation,843885,2021,United Kingdom,документальный,Mark Cousins,7.367,Научно-популярный,166.0
История моей жены,Story of My Wife,История моей жены,A feleségem története,574078,2021,"France, Germany, Hungary, Italy","мелодрама, драма",Enyedi Ildikó,5.8, Художественный,169.0
История одного ограбления,Ostaggi,История одного ограбления,Ostaggi,779015,2023,Italy,"драма, комедия, триллер",Eleonora Ivone,6.433, Художественный,93.0
История финансов России,,,,,,,,,,Документальный,104.0
Исчезнувшая в звездах,Lost in the Stars,Lost in the Stars,Lost in the Stars,231392,1974,United States of America,"драма, музыка",Daniel Mann,6.5, Художественный,122.0
Исчезнувший театр,,,,,,,,,,Документальный,69.0
Их называли русскими. Самый далёкий фронт,,,,,,,,,,Документальный,70.0
Ищи ветра...,,Ищи ветра...,Ищи ветра...,532937,1979,Soviet Union,"драма, приключения",Владимир Любомудров,7.5, Художественный,76.0
Июньская полынь,,Июньская полынь,Июньская полынь,1452191,2025,Russia,документальный,Юлия Бочарова,0.0,Документальный,89.0
Йети и дети (1-10 серия),,,,,,,,,,Анимационный,64.0
К востоку от рая,East of Eden,К востоку от рая,East of Eden,220,1955,United States of America,драма,Элиа Казан,7.5, Художественный,114.0
К себе нежно,,К себе нежно,К себе нежно,1590173,2026,Russia,"комедия, мелодрама",Иван Китаев,0.0, Художественный,108.0
К.Ц.Ф. - Колл-центр на фрилансе,,К.Ц.Ф. – Колл-центр на фрилансе,К.Ц.Ф. – Колл-центр на фрилансе,1056953,2022,Russia,комедия,Illarion Yakovlev,6.5, Художественный,108.0
К.Ш.Э.,,К.Ш.Э. - Комсомол - шеф электрификации,К.Ш.Э. - Комсомол - шеф электрификации,469874,1932,Soviet Union,документальный,Эсфирь Шуб,6.4,Документальный,56.0
КАК ЗВЕЗДЫ,,Как встретить счастливые звезды,運財五福星,63033,1996,Hong Kong,"боевик, комедия",陳勳奇,6.0, Художественный,99.0
КАК СТРОЯТ ЛЕДОКОЛЫ?,,,,,,,,,,Документальный,64.0
КАМЕНЩИК,THE BRICKLAYER,Каменщик,The Bricklayer,927107,2023,United States of America,"боевик, триллер",Ренни Харлин,5.772, Художественный,110.0
КАПКАН: СУДНАЯ НОЧЬ,Night of the Hunted,Капкан: Судная ночь,Night of the Hunted,1160003,2023,"France, United States of America","ужасы, детектив, триллер",Franck Khalfoun,6.071, Художественный,94.0
КАРА,Bark,"Ешь, молись, лай",Eat Pray Bark,1635276,2026,Germany,комедия,Марко Петри,5.7, Художественный,89.0
КАТАСТРОФА,ACIDE,Катастрофа,Acide,852445,2023,"France, Belgium","драма, фантастика, фэнтези",Just Philippot,5.697, Художественный,100.0
КАЯРА: ПУТЬ СУДЬБЫ,KAYARA,Каяра. Путь судьбы,Kayara,666154,2025,Peru,"мультфильм, приключения, семейный",Cesar Zelada,7.6,Анимационный,81.0
КИНО ГОДАРА,Godard Cinema ,Carlton + Godard = Cinema,Carlton + Godard = Cinema,395901,2003,,,Nigel Buesst,8.0,Научно-популярный,100.0
КИНООПЕРАТОР АСТАХОВ,,,,,,,,,,Документальный,55.0
КЛАУСТРОФОБЫ: ИНСОМНИЯ,DOUBLE BLIND,Клаустрофобы: Инсомния,Double Blind,1140648,2024,Ireland,"ужасы, фантастика, триллер",Ian Hunt-Duffy,6.124, Художественный,90.0
КЛЫК,MUZZLE,Клык 2: Город волков,Muzzle: City of Wolves,1439112,2025,United States of America,"боевик, триллер, детектив",Джон Сталберг,6.638, Художественный,100.0
КОВЧЕГ,,Русский ковчег,Русский ковчег,16646,2002,"Russia, Germany","драма, фэнтези, история",Александр Сокуров,7.22,Документальный,75.0
КОГДА ПОЮТ,,Когда поют соловьи,Когда поют соловьи,491452,1957,Soviet Union,"драма, мелодрама",Евгений Брюнчугин,0.0, Художественный,113.0
КОММУНА (Ковчег. Возвращение),,,,,,,,,,Документальный,79.0
КОРАБЛЬ ПРИЗРАКОВ,THE QUEEN MARY,Корабль призраков,Haunting of the Queen Mary,977013,2023,"United Kingdom, United States of America","ужасы, триллер, детектив",Gary Shore,5.317, Художественный,124.0
КОРОЛЬ ДИНОЗАВРОВ ,Dino King 3D: Journey to Fire Mountain,점박이 한반도의 공룡 2: 새로운 낙원,점박이 한반도의 공룡 2: 새로운 낙원,561974,2019,South Korea,"мультфильм, приключения",Хан Сан-хо,7.817,Анимационный,94.0
КОРОЛЬ УЛИЦ,Omar la fraise,Король улиц,Omar La Fraise,995767,2023,"Algeria, France","комедия, драма",Elias Belkeddar,6.0, Художественный,98.0
КОРОЧЕ,,Короче,Downsizing,301337,2017,United States of America,"драма, фантастика, комедия",Александр Пэйн,5.406, Художественный,384.0
КОРОЧЕ,,Короче,Downsizing,301337,2017,United States of America,"драма, фантастика, комедия",Александр Пэйн,5.406, Художественный,212.0
КОРОЧЕ,,Короче,Downsizing,301337,2017,United States of America,"драма, фантастика, комедия",Александр Пэйн,5.406, Художественный,373.0
КОРОЧЕ,,Короче,Downsizing,301337,2017,United States of America,"драма, фантастика, комедия",Александр Пэйн,5.406, Художественный,353.0
КОРОЧЕ,,Короче,Downsizing,301337,2017,United States of America,"драма, фантастика, комедия",Александр Пэйн,5.406, Художественный,603.0
КОРОЧЕ,,Короче,Downsizing,301337,2017,United States of America,"драма, фантастика, комедия",Александр Пэйн,5.406, Художественный,181.0
КОРОЧЕ,,Короче,Downsizing,301337,2017,United States of America,"драма, фантастика, комедия",Александр Пэйн,5.406, Художественный,145.0
КОШКИ-МЫШКИ,CAT PERSON ,Кошки-мышки,Cat Person,843394,2023,"France, United States of America","триллер, комедия",Сюзанна Фогель,5.7, Художественный,118.0
КОШМАРНЫЕ КАНИКУЛЫ,MONSTER SUMMER,Кошмарные каникулы,Monster Summer,928480,2024,United States of America,"приключения, фэнтези, детектив, ужасы",David Henrie,6.221, Художественный,98.0
КРАЙНЕ ОПАСЕН,WANTED MAN,Крайне опасен,Wanted Man,666035,2024,United States of America,боевик,Дольф Лундгрен,6.559, Художественный,85.0
КРАСОТКИ В ПАРИЖЕ,FRENCH WOMEN,French & Saunders: Funny Women,French & Saunders: Funny Women,863469,2021,United Kingdom,"комедия, документальный",Barbara Wiltshire,8.0, Художественный,105.0
КРИВАЯ ВЫЖИВАНИЯ,,,,,,,,,,Документальный,66.0
КРИО,CRYO,Cryo,Cryo,1061950,2012,Australia,"боевик, драма, фантастика",Luke Doolan,0.0, Художественный,113.0
КРОЛЕЦЫП И СУРОК ВРЕМЕНИ,CHIСKENHARE 2 (aka CHIСKENHARE AND THE GROUNDHOG WITH THE BACKWARD FACING FACE),Кролецып и Сурок Времени,Chickenhare and the Secret of the Groundhog,1215532,2025,"Belgium, France","мультфильм, приключения, комедия, семейный",Benjamin Mousquet,7.4,Анимационный,89.0
КРУИЗ ПО ДЖУНГЛЯМ: ТАЙНА ВАЛЬВЕРДЕ,Jack Mimoun & les secrets de Val Verde,Круиз по джунглям: Тайна Вальверде,Jack Mimoun et les secrets de Val Verde,893369,2022,"France, Belgium","комедия, приключения","Ludovic Colbeau-Justin, Malik Bentalha",5.293, Художественный,104.0
КРУЧЕ НЕКУДА,HIDDEN STRIKE,Круче некуда,Hidden Strike,457332,2023,"China, United States of America","боевик, комедия, триллер",Скотт Во,6.893, Художественный,102.0
КРЫЛЬЯ СОВЕТОВ. ЧЕРЕЗ ТЕРНИИ К ЗВЕЗДАМ,,,,,,,,,, Художественный,96.0
КСБ: Как стать боссом,,КСБ: Как стать боссом,КСБ: Как стать боссом,1580764,2025,Russia,"криминал, комедия",Ayal Strukin,0.0, Художественный,84.0
"КТО, ЕСЛИ НЕ Я",,,,,,,,,,Документальный,60.0
КУНГ-ФУ ТИГР,Xiao hu dun da ying xiong\Run Tiger Run,Кунг-фу тигр,小虎墩大英雄,931405,2022,China,"мультфильм, приключения, комедия, боевик, семейный","Stanley Tsang, Joey Zou",5.9,Анимационный,90.0
КУТЮР,Coutures,Кутюр,Coutures,1390382,2026,"France, United States of America",драма,Alice Winocour,5.5, Художественный,103.0
КЭТ,,Кэт,Кэт,765349,2022,Russia,драма,Борис Акопов,1.7, Художественный,101.0
Кадавр,Cenaze,Кадавр,Cenaze,1177911,2024,Turkey,"ужасы, триллер",Orçun Behram,7.0, Художественный,114.0
Каждый мечтает о собаке,,Каждый мечтает о собаке,Каждый мечтает о собаке,1279819,2024,Russia,"семейный, приключения",Ольга Беляева,0.0, Художественный,89.0
Казанова,Casanova,Казанова,Casanova,9681,2005,United States of America,"приключения, комедия, драма, мелодрама",Lasse Hallström,6.4, Художественный,160.0
Казанский шов,,,,,,,,,,Научно-популярный,59.0
Казачий корпус,,,,,,,,,,Документальный,78.0
Казачок (серии 1-3),,,,,,,,,, Художественный,70.0
Казачье воинство,,,,,,,,,, Художественный,70.0
Казнь,,Магическая битва: Казнь,劇場版 呪術廻戦「渋谷事変 特別編集版」×「死滅回游 先行上映」,1539104,2025,Japan,"мультфильм, боевик, фэнтези",Сёта Госёдзоно,5.975, Художественный,137.0
Кай и ключи прошлого,Yu the Great: Legend Rising,,,,,,,,, Художественный,684.0
Как Иван Пигарёв сон изучал,,Как Иван Пигарёв сон изучал,Как Иван Пигарёв сон изучал,1229813,2024,Russia,документальный,Юлия Киселева,0.0,Документальный,73.0
Как взломать экзамен,Bad Genius,Как взломать экзамен,Bad Genius,934866,2024,Canada,"триллер, драма",J.C. Lee,6.752, Художественный,96.0
Как выжить без смартфона,Unplugging,Как выжить без смартфона,Unplugging,606237,2022,United States of America,комедия,Debra Neil-Fisher,4.872, Художественный,93.0
Как зажигаются звёзды,,,,,,,,,,Документальный,70.0
Как заниматься сексом,How to Have Sex,Как заниматься сексом,How to Have Sex,1075175,2023,"United Kingdom, Greece, France, Belgium",драма,Molly Manning Walker,6.229, Художественный,90.0
Как заработать на убийстве,Un ours dans le Jura,Как заработать на убийстве,Un ours dans le Jura,1210732,2025,France,"комедия, триллер, криминал",Франк Дюбоск,6.424, Художественный,113.0
Как мы жили в коммуналке,,Как мы жили в коммуналке,Как мы жили в коммуналке,1007313,2022,Russia,документальный,Павел Мирзоев,0.0,Документальный,52.0
Как мы сбежали с цирком,Circus Noël,Как мы сбежали с цирком,Circus Noël,544514,2019,Netherlands,"семейный, мелодрама",Dennis Bots,3.9, Художественный,86.0
Как найти сокровища,Crazy Kwai Boo: Sanxingdui Spirited Away,Как найти сокровища,疯了！桂宝之三星夺宝,1187998,2022,China,"мультфильм, комедия, фэнтези",王云飞,4.6,Анимационный,93.0
Как перевоспитать дракона,God with Three Eyes,Как перевоспитать дракона,二郎神之深海蛟龙,667744,2024,China,"мультфильм, боевик, приключения, фэнтези",Wang Jun,4.9,Анимационный,90.0
Как победить букмекера,,,,,,,,,,Научно-популярный,100.0
Как получить доступ ко всему: реверс-инжиниринг,,Как получить доступ ко всему: Реверс-инжиниринг,How to Access Everything: Reverse Engineering,1646626,2026,Russia,документальный,Владимир Аршинин,0.0,Документальный,72.0
Как починить велосипед,,Как починить велосипед,О5о саас,938633,2022,Russia,комедия,Эр Санаа Ох-хотор,0.0, Художественный,64.0
Как приручить бизона,Buffalo kids,Как приручить бизона,Buffalo Kids,1154304,2024,Spain,"мультфильм, приключения, комедия, семейный","Pedro Solís, Juan Jesús García Galocha",7.0,Анимационный,82.0
Как приручить монстров,Hanna and the Monsters/Hanna y los monstruos,Как приручить монстров,Hanna i els monstres,814778,2023,Spain,"приключения, мультфильм, комедия, семейный, фэнтези",Lorena Ares,5.6,Анимационный,77.0
Как рождаются чемпионы,,,,,,,,,, Художественный,86.0
"Как соблазнить девушку, или о чем говорят мужчины",EL CUARTO PASAJERO,"Как соблазнить девушку, или О чем говорят мужчины",El cuarto pasajero,791333,2022,Spain,комедия,Алекс де ла Иглесиа,6.262, Художественный,99.0
Как стать королём,A Royal Makeover ,Как стать королём,A Royal Makeover,1142373,2023,"Canada, United States of America","телевизионный фильм, комедия, мелодрама, семейный",Damián Romay,5.7, Художественный,87.0
Как стать миллиардером,Bull run,Как стать миллиардером,Bull Run,1037925,2025,United States of America,комедия,Alfredo Barrios Jr.,5.722, Художественный,99.0
Как стать миллионером,The Luckiest Man in America,Самый удачливый человек в Америке,The Luckiest Man in America,1288070,2025,"United States of America, Chile, Colombia","драма, история, комедия",Samir Oliveros,6.304, Художественный,91.0
Как убили Джона Кеннеди,JFK Revisited: Through the looking glass,Как убили Джона Кеннеди,JFK Revisited: Through the Looking Glass,836486,2021,"United Kingdom, United States of America","документальный, история",Оливер Стоун,6.977,"Прочее (Учебный, Спектакль, …)",118.0
Как украсть реку,Seondal: The Man Who Sells the River,Как украсть реку,봉이 김선달,385137,2016,South Korea,"история, комедия",Пак Тэ Мин,7.167, Художественный,121.0
Как я встретил её маму,,Как я встретил её маму,Как я встретил её маму,1161374,2024,Russia,комедия,Егор Сальников,6.8, Художественный,89.0
Калевала: Первый викинг,Son of Revenge / Kalevala: Kullervon tarina,Калевала: Первый викинг,Kalevala: Kullervon tarina,1016024,2026,Finland,"драма, боевик",Antti J. Jokinen,6.333, Художественный,121.0
Календарь ма(й)я,,Календарь ма(й)я,Календарь ма(й)я,742052,2022,Russia,приключения,Viktoriya Fanasyutina,7.3, Художественный,88.0
Калимба,,,,,,,,,, Художественный,379.0
Калининградская головоломка,,,,,,,,,,Документальный,70.0
Камелот: Возвращение короля,Kaamelott - Premier volet,Камелот: Возвращение короля,Kaamelott : Premier Volet,577242,2021,France,"приключения, фэнтези, комедия",Alexandre Astier,6.614, Художественный,121.0
Камень,Stone,Гарри Поттер и философский камень,Harry Potter and the Philosopher's Stone,671,2001,"United Kingdom, United States of America","приключения, фэнтези",Крис Коламбус,7.899, Художественный,82.0
Камень батыров,,Камень батыров,Камень батыров,1638141,2025,Russia,"драма, фэнтези",Roman Pozhidaev,0.0, Художественный,80.0
Камера! Мотор!,,Камера. Мотор. Начали,Камера. Мотор. Начали,959248,2022,,мультфильм,Danil Strizhov,0.0, Художественный,69.0
Камон Камон,C'mon C'mon,C'mon Man,C'mon Man,114577,2012,United States of America,комедия,Kenny Young,7.0, Художественный,109.0
Камчатка. Необыкновенные истории на краю земли,,Камчатка: Необыкновенные истории на краю земли,Камчатка: Необыкновенные истории на краю земли,1056006,2022,Russia,документальный,"Михаил Мороз, Stanislav Kraynik",0.0,Документальный,161.0
Кан Даниэль: Мой парад,Kang Daniel: My Parade,,,,,,,,,"Прочее (Учебный, Спектакль, …)",102.0
Кандинский и его муза,Munter & Kandinsky/Muenter & Kandinsky - The Blue Rider,Кандинский и его муза,Münter & Kandinsky,1170141,2024,Germany,драма,Marcus O. Rosenmüller,6.0, Художественный,125.0
Кандиша: демон мести,Kandisha,Kandisha,Kandisha,197497,2008,Morocco,"ужасы, криминал, фэнтези",Jérôme Cohen-Olivar,5.3, Художественный,85.0
Каникулы,,Каникулы,Vacation,296099,2015,United States of America,"комедия, приключения","Джон Фрэнсис Дейли, Джонатан Голдштейн",6.306, Художественный,119.0
Каникулы в конном лагере,Horse Camp: A Love Tail,Каникулы в конном лагере,Horse Camp: A Love Tail,706637,2022,,"семейный, драма, мелодрама",Joel Paul Reisig,9.0, Художественный,81.0
Канны: режиссёрская версия,CANNES UNCUT,Канны: Режиссёрская версия,Cannes Uncut,1139231,2023,"France, United Kingdom",документальный,"Roger Penny, Richard Blanshard",6.2,Научно-популярный,85.0
Капитан,Der Hauptmann/Captain,Kapedani,Kapedani,393165,1972,Albania,комедия,"Muharrem Fejzo, Fehmi Hoshafi",6.4, Художественный,119.0
Капитан Крюк,,Капитан Крюк,Hook,879,1991,United States of America,"приключения, фэнтези, комедия, семейный",Стивен Спилберг,6.843, Художественный,91.0
Капитан Мико,War of the Police,Однажды на востоке,Vojna policajtov,1231374,2024,Slovakia,"драма, боевик, триллер",Rudolf Biermann,6.2, Художественный,150.0
Капитан четвертого ранга,,Капитан четвёртого ранга,Капитан четвёртого ранга,1416253,2025,Russia,комедия,Илья Казанков,0.0, Художественный,91.0
Капля в море,,Капля в море,Капля в море,447294,1973,Soviet Union,"приключения, семейный, комедия",Яков Сегель,7.0, Художественный,63.0
Капля жизни (Чуртталганын Дамдызы),,,,,,,,,, Художественный,62.0
Капля камень точит или окно Овертона,,,,,,,,,,Документальный,76.0
Караваджо: Экстаз Марии Магдалины,Caravage : un chef d oeuvre sort de l ombre / Caravaggio : The Vanishe d Masterpiece,,,,,,,,,Научно-популярный,92.0
Караганда,,Караганда,*Karaganda*: Red Mafia,1225264,2025,"India, United States of America","боевик, криминал, драма, триллер",Max Weissberg,10.0, Художественный,90.0
Карающая длань,Red Right Hand,Карающая длань,Red Right Hand,1227816,2024,United States of America,"криминал, боевик, триллер","Eshom Nelms, Ian Nelms",6.507, Художественный,111.0
Карина,,Карина,Карина,1073078,2024,"Russia, Turkey","история, драма, приключения",Marianna Siegen,7.0, Художественный,91.0
Кармен,Carmen,Кармен,Carmen,763261,2023,"Australia, France",драма,Benjamin Millepied,6.2, Художественный,97.0
Карсавина. Секрет Жар-птицы,,,,,,,,,,Документальный,52.0
Картины дружеских связей,,Картины дружеских связей,Картины дружеских связей,1545976,2026,Russia,драма,Соня Райзман,6.0, Художественный,98.0
Карточный долг,,Карточный долг,Карточный долг,1266178,2023,Kazakhstan,драма,Genghis Abdibek,0.0, Художественный,76.0
Каруза,,Каруза,Каруза,1454152,2025,Russia,"драма, военный, семейный",Иван Харатьян,0.0, Художественный,96.0
Карьера Димы Горина,,Карьера Димы Горина,Карьера Димы Горина,208245,1961,Soviet Union,комедия,"Фрунзе Довлатян, Лев Мирский",5.75, Художественный,94.0
Карьера Куколки,,Карьера Куколки,Карьера Куколки,1626520,2025,Russia,"драма, комедия",Евгений Юликов,0.0, Художественный,92.0
Касабланка,Casablanca,Касабланка,Casablanca,289,1942,United States of America,"драма, мелодрама",Майкл Кёртиц,8.14, Художественный,103.0
Каспер,Ghoster,Каспер. Легенда возвращается,Ghoster,932738,2023,"United States of America, France","семейный, приключения, фэнтези, драма",Ryan Bellgardt,5.412, Художественный,90.0
Каспер и пираты,Pluft,"Pluft, o Fantasminha","Pluft, o Fantasminha",385090,1962,Brazil,"семейный, комедия, фэнтези",Romain Lesage,8.0, Художественный,82.0
Кассета номер семь,,Кассета номер семь,Кассета номер семь,1687240,,Russia,"триллер, фантастика",Иван Шерстников,0.0, Художественный,62.0
Катак. Ледниковый Побег,Katak: The Brave Beluga,Катак. Ледниковый побег,"Katak, le brave béluga",1052152,2023,Canada,"мультфильм, семейный, приключения","Nicola Lemay, Christine Dallaire-Dupont",6.0,Анимационный,79.0
"Катарина, или Дочь разбойника",,,,,,,,,, Художественный,157.0
Катя-Катя,,Катя,Катя,565848,2013,"India, Russia",документальный,Анна Шишова,10.0, Художественный,100.0
Кахексия,,Кахексия,Кахексия,974399,2022,Russia,"драма, триллер",,0.0, Художественный,94.0
Качели,,Качели,Качели,61966,2008,Russia,"мелодрама, драма, боевик",Антон Сиверс,4.867, Художественный,75.0
Квадро,,Квадрофения,Quadrophenia,10373,1979,United Kingdom,"драма, музыка",Franc Roddam,7.019,Документальный,109.0
Квартет,,Квартет,Квартет,114314,1947,Soviet Union,мультфильм,Александр Иванов,0.0,Документальный,63.0
Квест,,Квест,Квест,1152398,2023,Russia,приключения,Иван Архипов,0.0, Художественный,110.0
Кентавр,,Кентавр,Кентавр,1142871,2023,Russia,"драма, криминал, триллер",Кирилл Кемниц,7.6, Художественный,101.0
Кентервильское Привидение,The Canterville Ghost,Кентервильское привидение,The Canterville Ghost,269509,2023,"Canada, United Kingdom","мультфильм, комедия, семейный, фэнтези",Kim Burdon,6.723,Анимационный,85.0
Кеша должен умереть (1-2 серии),,,,,,,,,, Художественный,112.0
Киберпанк 2049. Битва Роботов,2049+VOICE OF REBIRTH,,,,,,,,,Анимационный,69.0
Киборг (серии 1-2),,,,,,,,,,Научно-популярный,82.0
Киллер в отставке,Old Guy,Киллер в отставке,Old Guy,1077782,2024,"United Kingdom, United States of America, Northern Ireland","боевик, комедия, криминал",Саймон Уэст,5.589, Художественный,93.0
Киллер на всю голову,,Киллер на всю голову,Hostile Takeover,1319895,2025,United States of America,"боевик, комедия, триллер",Майкл Хэмилтон-Райт,6.81, Художественный,90.0
Кин Кызьы Узырме или Ограбление по-удмуртски,,Ограбление по-удмуртски!,Кин Кызьы Узырме,1256732,2024,Russia,"комедия, драма, музыка, боевик",Дмитрий Могучев,0.0, Художественный,108.0
Кино за 7 дней - 2021,,,,,,,,,, Художественный,78.0
Кино на Службе Отечеству,,,,,,,,,,Документальный,238.0
"Киноальманах «И в шутку, и всерьез. Выпуск №3»",,,,,,,,,, Художественный,80.0
"Киножурнал «ВСЛУХ!», второй сезон, новеллы: «Культурная вербовка», «Вторая половинка», «Эхо войны», «Кино как оружие», «Игры европейской солидарности», «Клоун», «Обелиск», «Часы», «Фотографируй глазами», «Правнук», «Мягкая сила»",,,,,,,,,, Художественный,83.0
"Киножурнал «ВСЛУХ!», новеллы: «Папа, блин», «Она потерялась», «Искренне, ваш банк», «Мужчина и женщина», «Breaking news», «Это просто пранк», «Четверо смелых», «Осознанный выбор». Киножурнал «ВСЛУХ!», второй сезон, новеллы: «Круг», «Суп», «Надежда»",,,,,,,,,, Художественный,56.0
Кинопленка №8,,Киноплёнка №8,Киноплёнка №8,1358927,2024,Russia,триллер,Илья Хотиненко,10.0, Художественный,110.0
Кинопроба,Audition,Audition,Audition,339140,2015,,драма,Lovisa Sirén,3.7, Художественный,115.0
Киношники,,Киношники,Киношники,1363116,2023,Belarus,комедия,Кирилл Халецкий,0.0, Художественный,85.0
Кирилл Стремоусов. ГОЛОС РУССКОГО ХЕРСОНА,,,,,,,,,,Документальный,59.0
Кислород,,Кислород,Кислород,84442,2009,Russia,"триллер, драма, мелодрама",Иван Вырыпаев,5.4,Документальный,234.0
Кислород,,Кислород,Кислород,84442,2009,Russia,"триллер, драма, мелодрама",Иван Вырыпаев,5.4,Документальный,90.0
Кислород. Эверест,,,,,,,,,,Научно-популярный,237.0
Кит-убийца,Killer Whale,Кит-убийца,Killer Whale,1412598,2026,"Australia, United States of America, United Kingdom","триллер, ужасы, боевик, детектив, фантастика",Jo-Anne Brechin,5.661, Художественный,89.0
Китти Киллер,,Китти киллер,อีหนูอันตราย,842607,2023,Thailand,"боевик, комедия, триллер",Lee Thongkham,5.3, Художественный,120.0
Киты: Стражи планеты,Whale Nation,National Geographic Blue Whale Odyssey,National Geographic Blue Whale Odyssey,978312,2009,,,,0.0,Документальный,81.0
Классная,,Классная,Классная,1521985,2025,Belarus,,Kirill Khaletskiy,0.0, Художественный,93.0
Клаустрофобы. Долина дьявола,Escape the Field,Клаустрофобы. Долина дьявола,Escape the Field,739643,2022,"Canada, United States of America","триллер, ужасы",Emerson Moore,4.92, Художественный,88.0
Клаустрофобы. Начало,The Bunker Game,Клаустрофобы. Начало,The Bunker Game,794234,2022,"France, Italy, United States of America","ужасы, детектив, триллер",Roberto Zazzara,4.7, Художественный,95.0
Клаустрофобы: Квест с того света,Play Dead,Игра со смертью,Play Dead,1426297,2025,"Argentina, New Zealand",ужасы,Carlos Goitia,6.0, Художественный,105.0
Клаустрофобы: Хижина в лесу,Pemukiman Setan,Клаустрофобы: Хижина в лесу,Pemukiman Setan,1148237,2024,Indonesia,"боевик, ужасы, триллер, фэнтези",Charles Gozali,6.1, Художественный,96.0
Клео от 5 до 7,Cleo from 5 to 7/ Cleo de 5 a 7,Cléo de 5 à 7 : souvenirs et anecdotes,Cléo de 5 à 7 : souvenirs et anecdotes,409979,2005,France,документальный,Agnès Varda,6.909, Художественный,90.0
Клетка ищет птицу,,Клетка ищет птицу,Клетка ищет птицу,1077678,2023,"France, Russia",драма,Malika Musaeva,9.0, Художественный,87.0
Клинер,Cleaner,Клинер,Cleaner,1125899,2025,United Kingdom,"боевик, триллер",Мартин Кэмпбелл,6.365, Художественный,97.0
Клипмейкеры,,Клипмейкеры,Клипмейкеры,895534,2023,Russia,комедия,Григорий Константинопольский,4.2, Художественный,101.0
Клон,dual,Клон,Dual,698128,2022,"Canada, Finland, United States of America, United Kingdom","фантастика, комедия, драма",Riley Stearns,5.951, Художественный,94.0
Клуб Зеро,Club Zero,Клуб Зеро,Club Zero,938250,2023,"France, Austria, United Kingdom, Denmark, Germany","триллер, драма, комедия",Jessica Hausner,5.856, Художественный,109.0
Ключ к успеху,,"Даунtown, або Ключ до успіху","Даунtown, або Ключ до успіху",1537356,2011,Ukraine,боевик,Serhii Hoholev,0.0,Научно-популярный,75.0
Ключи Карелии,,,,,,,,,,Документальный,52.0
Клятвы в любви,The Swearing Jar,Клятвы в любви,The Swearing Jar,826754,2022,Canada,"драма, мелодрама",Lindsay Mackay,6.385, Художественный,110.0
Клёвый улов,,Клёвый УLove,Клёвый УLove,1381944,2025,Russia,"комедия, мелодрама",Максим Максимов,4.8, Художественный,87.0
Книга джунглей и слоненок Бимбо,Appu,Книга джунглей и слоненок Бимбо,Appu,1277400,2024,India,"мультфильм, комедия, драма, семейный","Prosenjit Ganguly, Archisman Kar, Sanjay Raheja, Suraj Raheja, Suresh Raheja, Ajay Velu",0.0,Анимационный,91.0
Книга решений,The Book of Solutions/La liver des solutions,Книга решений,Le Livre des solutions,888003,2023,France,"комедия, драма",Michel Gondry,5.94, Художественный,102.0
Книга степей,,,,,,,,,,Научно-популярный,83.0
Книжный в Париже,Il materiale emotivo; A Bookshop in Parris,Книжный в Париже,Il materiale emotivo,654344,2021,"Italy, France, United States of America","драма, мелодрама",Серджо Кастеллитто,5.5, Художественный,98.0
Княжна Мери,,Княжна Мери,Княжна Мери,1275294,2006,Russia,драма,Александр Котт,0.0, Художественный,96.0
Князь Марух. Дорога мужества,,,,,,,,,, Художественный,120.0
КоМа,,Кома,Кома,862674,2012,Russia,"драма, криминал, детектив",Andrey Libenson,5.0, Художественный,52.0
Коати. Легенда джунглей,Koati,Коати. Легенда джунглей,Koati,554594,2021,"Mexico, United States of America",мультфильм,Rodrigo Perez-Castro,7.1,Анимационный,92.0
Коби Брайант: Черная мамба,The Legend of the 81-Point Game,The Legend of the 81-Point Game,The Legend of the 81-Point Game,1102788,2023,,документальный,Johannes Guttenkunst,6.2, Художественный,74.0
Кобра,Cobra,Кобра,Cobra,9874,1986,United States of America,"боевик, криминал, триллер",George P. Cosmatos,6.149, Художественный,183.0
Когда она приходит (сокращенная версия),,,,,,,,,, Художественный,95.0
Код города,,,,,,,,,,Документальный,74.0
Код неизвестен,Code inconnu: Récit incomplet de divers voyages,Код неизвестен,Code inconnu,30970,2000,"France, Germany, Romania",драма,Михаэль Ханеке,6.7, Художественный,117.0
Код непокоренности,,,,,,,,,,Документальный,81.0
Кокошка: Жизнь для искусства,"Kokoschka, Oeuvre-Vie",Kokoschka : œuvre-vie,Kokoschka : œuvre-vie,844039,2017,"Canada, Switzerland","документальный, история",Michel Rodde,0.0,Научно-популярный,91.0
Колбаса,,Колбаса,Колбаса,1285987,2025,Russia,комедия,Андрей Пантелеев,0.0, Художественный,99.0
Коллектив,,Коллектив,The Collective,1060090,2023,United States of America,"боевик, триллер",Tom DeNucci,5.6, Художественный,105.0
Коллекционер душ,A Place Called Silence,默殺：無聲之地,默殺：無聲之地,1019828,2024,"Malaysia, Singapore, Taiwan","криминал, триллер",Boon-lip Quah,7.1, Художественный,120.0
Колокол надежды,,Колокол надежды,Колокол надежды,742069,2025,Russia,драма,Александр Кулямин,0.0, Художественный,96.0
Колокол надежды. Полная версия,,,,,,,,,, Художественный,96.0
Колония Ланфиер,,Колония Ланфиер,Колония Ланфиер,303537,1968,"Czechoslovakia, Soviet Union",приключения,Jan Schmidt,6.0, Художественный,85.0
Колыбельная для брата,,Колыбельная для брата,Колыбельная для брата,64392,1982,Soviet Union,"семейный, драма",Viktor Volkov,5.4, Художественный,67.0
Кольца жизни. В поисках тысячелетнего образца,,,,,,,,,,Научно-популярный,70.0
"Коля, домой!",,"Коля, домой!","Коля, домой!",1392817,2024,Russia,"комедия, драма",Никита Владимиров,6.0, Художественный,88.0
Кома,,Кома,Кома,430155,2020,Russia,"фантастика, приключения, боевик",Никита Аргунов,6.399, Художественный,81.0
Команда зачистки,The Clean Up Crew,Команда зачистки,The Clean Up Crew,1010161,2024,"Ireland, United States of America","боевик, криминал, триллер",Джон Кейес,5.5, Художественный,95.0
Команда мечты,La Dream Team,Команда мечты,La Dream Team,381351,2016,France,комедия,Thomas Sorriaux,5.4, Художественный,95.0
Команда монстров,Elli and Her Monster Team,Команда монстров,Elli - Ungeheuer Geheim,1217876,2024,"Canada, Germany","мультфильм, семейный, комедия","Jesper Møller, Piet De Rycker, Jens Møller",6.344,Анимационный,87.0
Командир (16+),,,,,,,,,, Художественный,132.0
Командир (18+),,,,,,,,,, Художественный,144.0
Комбат,,Мортал Комбат,Mortal Kombat,460465,2021,United States of America,"боевик, фэнтези, приключения",Саймон МакКуойд,7.03,Документальный,75.0
Комбинация (1-2 серии),,,,,,,,,, Художественный,95.0
Коми Ми,,Коми Ми,Коми Ми,1236755,2023,Russia,документальный,Ilona Gaytyan,0.0,Научно-популярный,71.0
Комиссар,,Комиссар,Комиссар,71336,1967,Soviet Union,"драма, военный",Александр Аскольдов,6.4, Художественный,104.0
Коммандо,Commando,Коммандос,Commando,10999,1985,United States of America,"боевик, приключения, триллер",Марк Л. Лестер,6.698, Художественный,92.0
Комментируй это,,Комментируй это,Комментируй это,1550062,2026,Russia,комедия,Юлия Трофимова,7.0, Художественный,88.0
Коммерсант,,Коммерсант,Коммерсант,1590206,2026,Russia,драма,"Фёдор Кравчук, Никита Кравчук",6.0, Художественный,96.0
Коммунарка. В борьбе за жизни,,,,,,,,,,Документальный,81.0
Комната 999,,Комната 999,Chambre 999,978261,2023,"France, Germany",документальный,Lubna Playoust,5.6,Научно-популярный,85.0
Комната чудес,La chambre des merveilles,Комната чудес,La Chambre des merveilles,890203,2023,France,драма,Lisa Azuelos,6.6, Художественный,98.0
Кому на Руси шить хорошо,,,,,,,,,,Документальный,82.0
Кондитерская Люси,Lucy Wanted,Кондитерская Люси,Lucy ist jetzt Gangster,978998,2022,Germany,"семейный, комедия",Till Endemann,5.6, Художественный,87.0
Конек-Горбунок,,Конек-Горбунок,Конек-Горбунок,116733,1947,Soviet Union,"приключения, семейный, фэнтези, мультфильм","Иван Иванов-Вано, Александра Снежко-Блоцкая",6.58, Художественный,76.0
Конец света,,Проект «Конец света»,Project Hail Mary,687163,2026,United States of America,"фантастика, приключения","Фил Лорд, Крис Миллер",8.628, Художественный,111.0
Конец славы,,Конец славы,Конец славы,1225526,2024,Russia,комедия,Марюс Вайсберг,6.4, Художественный,95.0
Конклав,Conclave,Конклав,Conclave,974576,2024,"United Kingdom, United States of America","драма, триллер",Эдвард Бергер,7.194, Художественный,120.0
Контакты,,Контакты,Контакты,1171192,2024,Russia,"драма, фантастика",Дмитрий Моисеев,5.0, Художественный,105.0
Контрабандистки,Smugglers,The Smugglers,The Smugglers,743304,1916,United States of America,комедия,Sidney Olcott,5.0, Художественный,129.0
Контроль,Control,Контроль,Control,9636,2004,"United States of America, Canada","триллер, боевик",Tim Hunter,6.094, Художественный,83.0
Контрольная работа на все 100,,,,,,,,,,Документальный,60.0
Конформист,Conformist,Cowboys: The Conformist,Cowboys: The Conformist,48614,1991,United Kingdom,"мультфильм, вестерн, комедия",Phil Mulloy,5.0, Художественный,111.0
Концерт отменяется,,Концерт отменяется,Концерт отменяется,1152384,2023,Russia,комедия,Natalya Pershina,0.0, Художественный,89.0
Кончится лето,,Кончится лето,Кончится лето,1168197,2025,Russia,"драма, триллер","Максим Арбугаев, Vladimir Munkuev",7.4, Художественный,118.0
Копа 71,Copa 71,Copa 71,Copa 71,951022,2024,"United Kingdom, United States of America","документальный, история","Джеймс Эрскин, Rachel Ramsay",7.625,Научно-популярный,90.0
Копенгагена не существует,Copenhagen Doesn`t exist,Копенгагена не существует,København findes ikke,932355,2023,"Denmark, Norway, Sweden",драма,Martin Skovbjerg,5.8, Художественный,98.0
Копы в законе,Mob Cops,Копы в законе,Mob Cops,1241934,2025,United States of America,"криминал, драма",Danny A. Abeckaser,5.859, Художественный,87.0
Корабль в Пусан,Project Wolf Hunting,Корабль в Пусан,늑대사냥,799379,2022,South Korea,"боевик, триллер, ужасы, криминал",김홍선,6.444, Художественный,121.0
Коралловые бусы,,Коралловые бусы,Коралловые бусы,1667902,2026,Russia,драма,Юрий Курочка,0.0, Художественный,93.0
Кордон,,Кордон,Кордон,1115213,2022,Ukraine,"документальный, военный, драма",Alice Tomassini,0.0, Художественный,2228.0
Кореша,,Кореша,Кореша,1245131,2024,Russia,комедия,Денис Павлов,0.0, Художественный,86.0
Корни,,Корни,Корни,1267741,2024,Kazakhstan,"драма, история, военный",Ilya Tauchelov,0.0, Художественный,137.0
Королева Елизавета II,Queen Elizabeth II: Her Glorious Reign,Королева Елизавета II,Queen Elizabeth II: Her Glorious Reign,1006268,2022,,"история, документальный",Alan Byron,0.0,Документальный,89.0
Королева Шантеклера,La Reina Del Chantecler,Королева Шантеклера,La reina del Chantecler,111702,1962,Spain,"мелодрама, драма",Rafael Gil,5.889, Художественный,110.0
Королева ринга,Queen of the Ring,Королева ринга,Queen of the Ring,1144932,2025,United States of America,"история, драма",Ash Avildsen,6.7, Художественный,129.0
Королевская битва,Battle Royale,Godzilla Battle Royale,Godzilla Battle Royale,864700,2014,,боевик,Billy Dubose,9.1, Художественный,113.0
Королевские приключения,Pysná princezna,Pyšná princezna,Pyšná princezna,41228,1952,Czechoslovakia,"семейный, комедия",Bořivoj Zeman,7.167,Анимационный,84.0
Королевство,,Королевство,The Kingdom,4349,2007,"Germany, United States of America, United Kingdom","триллер, боевик, драма",Питер Берг,6.732, Художественный,86.0
Королевство зверей,Le règne animal,Королевство зверей,Le Règne animal,943134,2023,"Belgium, France","приключения, драма, фантастика",Thomas Cailley,6.958, Художественный,127.0
Королевство. Исход,,,,,,,,,, Художественный,319.0
Король и Шут. Навсегда,,Король и Шут. Навсегда,Король и Шут. Навсегда,1468698,2026,Russia,"драма, комедия, фэнтези, приключения",Рустам Мосафир,6.0, Художественный,118.0
Король неба,Born to fly,Born to Fly,Born to Fly,1023164,2022,"Sweden, United States of America",документальный,Brennan Robideaux,7.3, Художественный,127.0
Король ринга. Николай Королёв,,,,,,,,,,Документальный,56.0
Король рок-н-ролла,The Identical,Такой же,The Identical,279914,2014,United States of America,"музыка, драма",Dustin Marcellino,5.1, Художественный,106.0
Король смеха,The King of Laughter,Король смеха,Qui rido io,668408,2021,"Italy, Spain, Belgium","драма, история",Mario Martone,7.471, Художественный,132.0
Король-львёнок,King,Король Лев,The Lion King,8587,1994,United States of America,"мультфильм, семейный, драма","Роджер Аллерс, Роб Минкофф",8.254, Художественный,99.0
Королёк моей любви,,Королёк моей любви,Королёк моей любви,1586092,2026,Russia,"комедия, музыка",Марюс Вайсберг,8.0, Художественный,111.0
Короче,,Короче,Downsizing,301337,2017,United States of America,"драма, фантастика, комедия",Александр Пэйн,5.406, Художественный,122.0
Короче,,Короче,Downsizing,301337,2017,United States of America,"драма, фантастика, комедия",Александр Пэйн,5.406, Художественный,416.0
"Короче, я женюсь!",,"Короче, я женюсь!","Короче, я женюсь!",895551,2022,Russia,комедия,Vitaly Manyukov,1.0, Художественный,89.0
Корпорация Морозов,,Корпорация Морозов,Корпорация Морозов,1226602,2024,Russia,комедия,Mariya Tihonova,10.0, Художественный,80.0
Корсаж,Corsage,Корсаж,Corsage,888321,2022,"Austria, France, Germany, Luxembourg","драма, история",Marie Kreutzer,6.1, Художественный,114.0
Корсар,,Красный корсар,The Crimson Pirate,11570,1952,United States of America,"приключения, комедия",Robert Siodmak,7.041, Художественный,94.0
Космическая Машка,,Космическая Машка,Космическая Машка,1693614,2026,Russia,"комедия, семейный",Никита Владимиров,0.0, Художественный,98.0
Космическая собака Лида,,Космическая собака Лида,Космическая собака Лида,1273630,2026,Russia,"фантастика, комедия, приключения",Евгений Сангаджиев,0.0, Художественный,112.0
Космический Рейс. Симфония Млечного пути,,,,,,,,,,Документальный,52.0
Космос засыпает,,Космос засыпает,Космос засыпает,1253751,2026,Russia,драма,Антон Мамыкин,0.0, Художественный,93.0
Космос зовёт,,,,,,,,,,Документальный,66.0
Космос зовёт,,,,,,,,,,Документальный,145.0
Космос. Смерть. Роботы,Cosmic Chaos,Космос. Смерть. Роботы,Cosmic Chaos,1165067,2023,,"триллер, фантастика",,6.0, Художественный,87.0
Косолапый агент,Agent Bernard: Kings Bear,Косолапый агент,贝肯熊2：金牌特工,869404,2021,China,мультфильм,张扬,6.0,Анимационный,93.0
Костолом ,Ruthless,Костолом,Ruthless,984249,2023,United States of America,"боевик, триллер",Art Camacho,6.453, Художественный,92.0
Костяной домик,Little Bone Lodge,Костяной домик,Little Bone Lodge,1075335,2023,United Kingdom,"ужасы, криминал, триллер",Matthias Hoene,6.607, Художественный,95.0
Кот и пёс,Chien et chat,Кот и пёс,Chien et Chat,977331,2024,France,"приключения, комедия",Рем Кериси,5.682, Художественный,86.0
Кот-призрак Андзу,,Кот-призрак Андзу,化け猫あんずちゃん,1030588,2024,"Japan, France, United States of America","мультфильм, фэнтези, комедия, семейный","Йоко Куно, 山下敦弘",6.862,Анимационный,94.0
Котики,Cat Daddies,Котики,Cat Daddies,896689,2022,United States of America,документальный,Mye Hoang,6.3,Документальный,89.0
Котлован,,Котлован,Котлован,665742,2020,Russia,документальный,Андрей Грязев,7.0,Документальный,80.0
Коты Эрмитажа,,Коты Эрмитажа,Коты Эрмитажа,923579,2023,Russia,"мультфильм, комедия, семейный, фэнтези",Василий Ровенский,6.537,Анимационный,80.0
Коты Эрмитажа 2. Тайна Египетского зала,,Коты Эрмитажа 2. Тайна египетского зала,Коты Эрмитажа 2. Тайна египетского зала,1264821,2026,Russia,мультфильм,Василий Ровенский,4.0,Анимационный,89.0
Котята учатся летать,,,,,,,,,, Художественный,85.0
Кофе и сигареты,Coffee and Cigarettes,Кофе и сигареты,Coffee and Cigarettes,883,2004,"United States of America, Italy, Japan","комедия, драма",Джим Джармуш,6.926, Художественный,96.0
Кочевники Ледовитого океана. Тайны Острова Туманов,,,,,,,,,,Научно-популярный,111.0
Кошкин дом,,Кошкин дом,Кошкин дом,90033,1958,Soviet Union,"мультфильм, семейный",Леонид Амальрик,5.568, Художественный,93.0
Кошмар,Marerittet / Nightmare,Кошмар,Marerittet,996067,2022,Norway,"ужасы, триллер",Kjersti Helen Rasmussen,5.5, Художественный,100.0
Кошмары лунного сада,Moon Garden,Кошмары лунного сада,Moon Garden,977000,2023,United States of America,"фэнтези, ужасы, драма",Ryan Stevens Harris,6.25, Художественный,96.0
Кощей. Похититель невест,,Кощей. Похититель невест,Кощей. Похититель невест,586352,2022,Russia,"мультфильм, комедия, приключения, фэнтези, мелодрама, семейный",Роман Артемьев,7.1,Анимационный,76.0
Кощей. Тайна живой воды,,Кощей. Тайна живой воды,Кощей. Тайна живой воды,1504150,2026,Russia,мультфильм,Роман Артемьев,0.0, Художественный,75.0
"Краби, 2562",,,,,,,,,,Научно-популярный,93.0
Краеведение,,,,,,,,,,Документальный,56.0
Край надломленной луны,,Край надломленной луны,Край надломленной луны,772756,2023,Russia,драма,Светлана Самошина,7.0, Художественный,100.0
Кракен,,Кракен,Кракен,1258151,2025,Russia,"фантастика, приключения, драма",Николай Лебедев,6.2, Художественный,134.0
Красавица,,Красавица,Красавица,1476989,2026,Russia,"военный, история, драма",Антон Богданов,2.333, Художественный,103.0
Красавица и дракон,Belle,Белль,Belle,205601,2013,United Kingdom,драма,Amma Asante,7.1,Анимационный,122.0
Красавчик под прикрытием или супершпион,Gun Manley - a Real Movie,"Красавчик под прикрытием, или Супершпион",Guy Manley: A Real Movie,1181214,2024,Sweden,"боевик, комедия, фантастика, триллер",David Andersson,6.4, Художественный,96.0
Красная Поляна (фестивальная версия),,,,,,,,,, Художественный,91.0
Красная маска. Настольная книга супергероя,Handbook for Superheroes,Красная маска. Настольная книга супергероя,Handbok för superhjältar,1545652,2025,Sweden,"мультфильм, приключения, семейный",Patrik Forsberg,5.0, Художественный,94.0
Красная пустыня,Il deserto rosso,Красная пустыня,Il deserto rosso,26638,1964,"France, Italy",драма,Микеланджело Антониони,7.3, Художественный,117.0
Красная шапочка,,Красная Шапочка,Красная Шапочка,967561,2022,Russia,"семейный, фэнтези, приключения","Lina Arifulina, Александра Баршак, Артём Аксёненко",6.6, Художественный,96.0
Красные башмачки: Новая глава,The Red Shoes. Next Step,Красные башмачки: Новая глава,The Red Shoes: Next Step,1075010,2023,Australia,"музыка, драма","Jesse Ahern, Джоэнн Сэмюэл",6.2, Художественный,111.0
Красные комнаты,Red Rooms,Making 'Red Rooms',Making 'Red Rooms',1462238,2024,,,Sarah Baril Gaudet,0.0, Художественный,118.0
Красные ленты,,Красные ленты,Красные ленты,1280708,2024,Russia,"драма, военный, история",Дмитрий Белосохов,0.0, Художественный,62.0
Красные линии,,,,,,,,,, Художественный,90.0
Красный круг,Le cercle rouge,Красный круг,Le Cercle rouge,11657,1970,"France, Italy","криминал, триллер",Jean-Pierre Melville,7.6, Художественный,141.0
Красный шелк,,Красный шёлк,Красный шёлк,1211726,2025,"Russia, China","боевик, приключения, детектив",Андрей Волгин,7.0, Художественный,146.0
Красный экран,,,,,,,,,, Художественный,90.0
Краткая история русской культуры от Древней Руси до наших дней,Краткая история русской культуры от Древней Руси до наших дней,,,,,,,,,Научно-популярный,60.0
Краш-тест,,Краш-тест,Краш-тест,1196698,2023,Russia,драма,Anastasiya Borisova,0.0, Художественный,98.0
Крейцерова соната,Kreutzerova sonata,Kreutzerova sonáta,Kreutzerova sonáta,234273,1927,Czechoslovakia,драма,Gustav Machatý,8.0, Художественный,86.0
Крепкий орешек,Die Hard,Крепкий орешек,Die Hard,562,1988,United States of America,"боевик, триллер",Джон МакТирнан,7.8, Художественный,103.0
Крестный отец. 50-летие фильма,The Godfather,Крёстный отец,The Godfather,238,1972,United States of America,"драма, криминал",Фрэнсис Форд Коппола,8.687, Художественный,175.0
Крецул,,Крецул,Крецул,772724,2023,Russia,"драма, история",Александра Лихачева,10.0, Художественный,104.0
Кривая дорога,He Went That Way,Кривая дорога,He Went That Way,836972,2024,"United Kingdom, United States of America","триллер, криминал, драма",Jeff Darling,5.602, Художественный,95.0
Крик. Ночь перед Рождеством,Its a Wonderful Knife,Крик. Ночь перед Рождеством,It's a Wonderful Knife,1113278,2023,United States of America,"ужасы, комедия",Tyler MacIntyre,5.048, Художественный,86.0
Крик. Сезон призраков,,Крик. Сезон призраков,Haunt Season,1294496,2024,,"ужасы, комедия, триллер",Jake Jarvi,6.0, Художественный,1260.0
Криминальное чтиво,Pulp Fiction,Криминальное чтиво,Pulp Fiction,680,1994,United States of America,"триллер, криминал, комедия",Квентин Тарантино,8.5, Художественный,154.0
Криминальный город,The Outlaws,Родители в законе,The Out-Laws,921636,2023,United States of America,"мелодрама, боевик, комедия",Tyler Spindel,5.987, Художественный,116.0
Криминальный город 2,Beomjoe dosi 2,Криминальный город 2,범죄도시 2,619803,2022,South Korea,"боевик, криминал, триллер, приключения",이상용,7.332, Художественный,106.0
Криминальный город: Возмездие,Beomjoe dosi 4,Криминальный город 4,범죄도시 4,1017163,2024,South Korea,"боевик, криминал, триллер, комедия",Хо Мён Хэ,7.17, Художественный,109.0
Криминальный город: Разборки в Пусане,The Roundup: No Way Out,There's No Way Out,There's No Way Out,1470812,2025,,"триллер, телевизионный фильм",Dylan Pearce,0.0,Художественный,105.0
Криминальный шеф,What you wish for,Осторожнее с желаниями,Careful What You Wish For,317744,2015,United States of America,"драма, триллер",Elizabeth Allen Rosenbaum,6.126, Художественный,101.0
Крионика. Дневники бессмертия,,,,,,,,,,Документальный,81.0
Крипер ,Keeper,Крипер,Keeper,1288072,2025,Canada,"ужасы, детектив",Оз Перкинс,5.646, Художественный,99.0
Критика мертва. Да здравствует критика!,Out of the Picture,Out of the Picture,Out of the Picture,1238805,2024,United States of America,документальный,Mary Louise Schumacher,0.0,Научно-популярный,98.0
Кровавая луна,,Кровавая луна,Кровавая луна,1271855,2024,Kazakhstan,драма,Yegor Lymarev,0.0, Художественный,92.0
Кровавый матч,,,,,,,,,,Документальный,97.0
Кровавый урожай,Clown in a Cornfield,Кровавый урожай,Clown in a Cornfield,713364,2025,"United States of America, United Kingdom, Canada, Luxembourg","ужасы, детектив, триллер",Eli Craig,6.118, Художественный,95.0
Кровь,Blood,Заклятье. Кровь экзорциста,The Crucifix: Blood of the Exorcist,1352874,2025,United Kingdom,ужасы,Stephen Roach,5.58, Художественный,109.0
Кровь в обмен на пыль,Blood for Dust,Кровь в обмен на пыль,Blood for Dust,1025596,2024,United States of America,"боевик, криминал, триллер",Rod Blackhurst,5.9, Художественный,100.0
Кровь за кровь,Transfusion,Кровь за кровь,Transfusion,842544,2023,"Australia, United Kingdom","криминал, боевик, драма",Мэтт Нэйбл,6.041, Художественный,105.0
Крокодилы. Путь Командира.,,,,,,,,,,Документальный,66.0
Кролецып и Хомяк Тьмы,Chickenhare,Кролецып и Сурок Времени,Chickenhare and the Secret of the Groundhog,1215532,2025,"Belgium, France","мультфильм, приключения, комедия, семейный",Benjamin Mousquet,7.4,Анимационный,91.0
Кролик Момо: Большая Погоня,Smart Rabbit Momo: The Big Chase,Кролик Момо: Большая погоня,Akıllı Tavşan Momo: Büyük Takip,1457972,2025,Turkey,"мультфильм, приключения",Mahmut Hasan,0.0,Анимационный,93.0
Кроссы,Sneaks,Кроссы,Sneaks,1084153,2025,"United States of America, India, United Kingdom","семейный, комедия, приключения, мультфильм","Роб Эдвардс, Christopher Jenkins",6.1,Анимационный,93.0
Круиз. В поисках сокровищ!,Boeine! Kidnapped!,Круиз. В поисках сокровищ,Boeien!,944870,2022,Netherlands,"семейный, приключения",Bob Wilbers,5.0, Художественный,65.0
"Крутая перемена (Серии 1,2)",,,,,,,,,, Художественный,56.0
Крутиксы,,,,,,,,,,Анимационный,67.0
Крутой поворот,Sharp Corner,Крутой поворот,Sharp Corner,1244890,2025,"Canada, United States of America","триллер, комедия",Jason Buxton,5.756, Художественный,109.0
Крутые яйца 2,Little Eggs: An African Rescue,Крутые яйца 2,Un rescate de huevitos,573164,2021,Mexico,"мультфильм, комедия, приключения, семейный","Gabriel Riva Palacio Alatriste, Rodolfo Riva Palacio Alatriste",7.872,Анимационный,88.0
Крушение,Plane,Крушение,Plane,646389,2023,"United Kingdom, United States of America","боевик, приключения, триллер",Жан-Франсуа Рише,6.897, Художественный,107.0
Крушение мира,Rich Flu,Крушение мира,La fiebre de los ricos,934584,2024,"Spain, Chile","триллер, фантастика",Гальдер Гастелу-Уррутия,5.358, Художественный,107.0
Крылатая история,Butterfly Tale,A Butterfly's Tale,A Butterfly's Tale,1417132,2023,,документальный,Jan Haft,3.0,Анимационный,88.0
Крысолов. Древнее проклятие,Sonnim,Гость,손님,345888,2015,South Korea,"ужасы, детектив, триллер",Kim Kwang-tae,7.212, Художественный,107.0
Крыша,,Крыша поехала,Sweet 'n Short,16415,1991,South Africa,комедия,Gray Hofmeyr,5.417, Художественный,78.0
Кто вызвал аниматора?,,Кто вызвал аниматора?,Кто вызвал аниматора?,1454317,2025,Russia,"драма, комедия",Дмитрий Рудаков,0.0, Художественный,104.0
Кто не спрятался...,Sacrifice Game,Кто не спрятался...,The Sacrifice Game,973471,2023,"Canada, United States of America","ужасы, триллер",Jenn Wexler,5.847, Художественный,100.0
Кто пригласил Чарли?,Who Invited Charlie?,Кто пригласил Чарли?,Who Invited Charlie?,1042279,2023,,комедия,Xavier Manrique,6.1, Художественный,98.0
Кто там?,,Кто там?,Кто там?,986718,2022,Russia,триллер,"Владимир Маслов, Виталий Дудка, Михаил Морсков",6.7, Художественный,78.0
"Кто твоя бабушка, чувак?!",C'est quoi cette mamie?!,"Кто твоя бабушка, чувак?",C'est quoi cette mamie ?!,579898,2019,"Belgium, France","комедия, семейный",Gabriel Julien-Laferrière,5.819, Художественный,90.0
Кто убил BlackBerry,BlackBerry,Кто убил BlackBerry?,BlackBerry,1016084,2023,"Canada, United States of America, Finland","комедия, драма, история",Matt Johnson,7.146, Художественный,119.0
Кто украл Banksy,The Man Who Stole Banksy,Кто украл Banksy,The Man Who Stole Banksy,511541,2018,,документальный,Marco Proserpio,7.3,Документальный,93.0
"Куба, Марина",,"Куба, Марина","Куба, Марина",1257738,2024,Russia,драма,Konstantin Bogoslavsky,0.0, Художественный,63.0
Куда уходят дети из города Гаммельна,,Куда уходят дети из города Гаммельна?,Куда уходят дети из города Гаммельна?,1193579,2023,Russia,документальный,Даниэлла Рыбакьян,8.5,Документальный,55.0
Кукла,,Глиняная кукла,泥娃娃,1526650,2025,Taiwan,"ужасы, триллер",解孟儒,7.074, Художественный,90.0
Кукла. Зарождение зла,Jailangkung Sandekala,Кукла: Зарождение зла,Jailangkung: Sandekala,733063,2022,"Indonesia, South Korea","ужасы, детектив",Кимо Стамбол,6.6, Художественный,92.0
Кукла. Последнее проклятие,"Karem, la posesion",Кукла. Последнее проклятье,"Karem, La Posesión",671269,2021,Mexico,ужасы,Henry Bedwell,6.3, Художественный,89.0
Кукла. Реинкарнация,Rob1n,Кукла. Реинкарнация,Rob1n,1443260,2025,United Kingdom,"ужасы, триллер, драма",Lawrence Fowler,5.5, Художественный,92.0
Кукла. Реинкарнация зла,Home for Rent,Кукла. Реинкарнация зла,บ้านเช่า..บูชายัญ,977177,2023,Thailand,"ужасы, триллер, детектив",โสภณ ศักดาพิศิษฏ์,6.758, Художественный,124.0
"Куклы, книги и война. Донецк, декабрь 2022",,,,,,,,,,Документальный,65.0
Кукольник,,Кукольник,Кукольник,742059,2023,Russia,ужасы,Сергей Кузнецов,6.0, Художественный,92.0
Кукольный дом,,Кукольный дом,Кукольный дом,1321975,2025,Russia,драма,Ольга Беляева,2.0, Художественный,100.0
Кукушка,,Кукушка,Cuckoo,869291,2024,"Germany, United States of America","ужасы, детектив, триллер",Tilman Singer,5.747, Художественный,90.0
Кукушка,Cuckoo,Кукушка,Cuckoo,869291,2024,"Germany, United States of America","ужасы, детектив, триллер",Tilman Singer,5.747, Художественный,101.0
Культура. Война и Мир,,,,,,,,,,Научно-популярный,66.0
Культурная комедия,,Культурная комедия,Культурная комедия,1268218,2024,Russia,комедия,Владимир Котт,0.0, Художественный,95.0
Кунг-фу Кот,The Royal Cat,The Royal Wedding: HRH Prince William & Catherine Middleton,The Royal Wedding: HRH Prince William & Catherine Middleton,700590,2011,United Kingdom,документальный,,0.0,Анимационный,94.0
Кунг-фу жеребец,Ride on,Ride on Vaquero,Ride on Vaquero,223704,1941,United States of America,вестерн,Herbert I. Leeds,5.2, Художественный,125.0
Кунгур (серии №№ 1-2),,,,,,,,,, Художественный,86.0
Кунел кузе (Ясновидящая),,,,,,,,,, Художественный,98.0
Курилы. На южных берегах,,Курилы. На южных берегах,Курилы. На южных берегах,1261790,2023,Russia,документальный,"Михаил Мороз, Stanislav Kraynik",0.0,Научно-популярный,165.0
Курупира,,,,,,,,,, Художественный,83.0
Куулэй. От Кэмэ (Праздник сенокоса),,,,,,,,,, Художественный,97.0
Кюннэй,,,,,,,,,, Художественный,79.0
Л,La guerre des Lulus,"Братство четырёх ""Л""",La Guerre des Lulus,961725,2023,France,"приключения, история, семейный, драма, военный",Yann Samuell,6.163, Художественный,109.0
ЛЁША ИЗ ЛАВРЫ. ПОГРЕБАЮЩИЙ СТРАННЫХ,,Лёша из Лавры. Погребающий странных,Лёша из Лавры. Погребающий странных,1519628,2025,Russia,документальный,Джемма Мнацян,0.0,Научно-популярный,92.0
ЛЕНИВАЯ СЕМЕЙКА,THE SLOTH LANE,Ленивая семейка,The Sloth Lane,1189423,2024,Australia,"мультфильм, семейный",Tania Vincent,6.536,Анимационный,89.0
ЛЕС ЧУДЕС,Angelo dans la forêt mystérieuse,Лес чудес,Angelo dans la forêt mystérieuse,999160,2024,"France, Luxembourg","мультфильм, приключения, семейный","Alexis Ducord, Vincent Paronnaud",6.2,Анимационный,79.0
ЛЕТО. СОЛНЦЕ. РОЖДЕСТВО,SUDDEN CASE OF CHRISTMAS,Лето. Солнце. Рождество,A Sudden Case of Christmas,1197662,2024,"Italy, United Kingdom, United States of America","семейный, комедия",Peter Chelsom,5.739, Художественный,92.0
ЛЕЯ И ВОЛШЕБНАЯ КАРТА,INTO THE MORTAL WORLD,Лея и волшебная карта,落凡尘,1303336,2024,China,"мультфильм, фэнтези",Zhong Ding,7.333,Анимационный,88.0
ЛИГА СУПЕРГЕРОЕВ,HAPPY HEROES 3,Лига супергероев,开心超人之英雄的心,1030799,2022,China,"мультфильм, фантастика, комедия",Weiming Huang,7.0,Анимационный,96.0
ЛИНА,,Лина,Лина,1441179,2025,Russia,драма,Дарья Маркина,0.0, Художественный,87.0
ЛИЧНЫЙ ПРИМЕР,,,,,,,,,,Документальный,55.0
ЛОНКИ - ВЕЛИКИЙ ОБМАНЩИК,Running Man: Revengers,Лонки – великий обманщик,런닝맨: 리벤져스,1095932,2023,South Korea,"мультфильм, фантастика, боевик, приключения, семейный",엄영식,6.5,Анимационный,70.0
ЛУДА: ДУХ ЛЕСА,LUDA,Moja luda glava,Moja luda glava,395738,1971,Yugoslavia,"драма, комедия, криминал",Vuk Vučo,6.25,Анимационный,86.0
ЛУЧШЕ ВСЕХ,A LITTLE SOMETHING EXTRA,A Little Something Extra,A Little Something Extra,1605972,,Spain,комедия,,0.0, Художественный,99.0
ЛЮБОВНОЕ НАСТРОЕНИЕ,In the Mood for Love,@ in the mood for love,@ in the mood for love,654086,2001,Hong Kong,документальный,Вон Ка-Вай,6.9, Художественный,95.0
Лабиринт,,Лабиринт. Подвиги Тесея,Лабиринт,440639,1971,Soviet Union,мультфильм,Александра Снежко-Блоцкая,9.2,Анимационный,115.0
Лабиринт (версия с субтитрами),Labyrinth,Лабиринт,Labyrinth,13597,1986,"United Kingdom, United States of America","приключения, семейный, фэнтези",Джим Хенсон,7.28,Анимационный,115.0
Лавра,Lavra,Lavra,Lavra,893466,2022,Brazil,документальный,Lucas Bambozzi,0.0,Научно-популярный,101.0
Лавстори,,Лавстори,Лавстори,429382,2022,Russia,"комедия, мелодрама",Пётр Тодоровский,5.5, Художественный,90.0
"Лайза Миннелли: невероятная, но правдивая история",Liza: A Truly Terrific Absolutely True Story,"Лайза Миннелли: Невероятная, но правдивая история",Liza: A Truly Terrific Absolutely True Story,1278656,2025,United States of America,"документальный, музыка",Bruce David Klein,7.667,Научно-популярный,104.0
Ламборгини: человек-легенда,Lamborghini,Ламборгини: человек-легенда,Lamborghini: The Man Behind the Legend,457232,2022,"Italy, United States of America","драма, история",Bobby Moresco,6.424, Художественный,96.0
"Ландыши. Вторая весна (серии 2, 3, 4)",,,,,,,,,, Художественный,130.0
Ландыши. Вторая весна (серия 1),,,,,,,,,, Художественный,64.0
Лапин,,Лапин,Лапин,1257743,2024,Russia,драма,"Asya Oleshkevich, Vlad Krasnoslobodtsev",0.0, Художественный,97.0
Лапуа 1976,Lapua 1976,Лапуа 1976,Lapua 1976,1068427,2023,Finland,драма,Toni Kurkimäki,4.6, Художественный,90.0
Ларго Винч: Гнев прошлого,Largo Winch: Le prix de l'argent,Ларго Винч: Гнев прошлого,Largo Winch : Le Prix de l'argent,1000075,2024,"Belgium, France","боевик, приключения, триллер",Olivier Masset-Depasse,5.8, Художественный,100.0
Ласточка,,Ласточка,Ласточка,1487542,1957,Soviet Union,"драма, история",Григорий Липшиц,8.0, Художественный,121.0
Лгунья,,Лгунья,Лгунья,1268215,2024,Russia,"драма, комедия",Юлия Трофимова,2.0, Художественный,86.0
Ле-Ман’55. Тайная катастрофа,Le Mans 55,"Le Mans 55, une tragédie française","Le Mans 55, une tragédie française",1265722,2024,France,"документальный, драма",Emmanuel Reye,8.0,Научно-популярный,93.0
Лебединая песня,Swan Song,Swan Song,Swan Song,244748,1992,United Kingdom,драма,Кеннет Брана,6.833,Научно-популярный,100.0
Лев Толстой,,Лев Толстой,Лев Толстой,148858,1984,"Czechoslovakia, Soviet Union","драма, история",Сергей Герасимов,4.6, Художественный,159.0
Лев Толстой. По ту сторону фотографий,,,,,,,,,,Научно-популярный,100.0
Левша,,Левша,Southpaw,307081,2015,"United States of America, China","боевик, драма",Антуан Фукуа,7.362, Художественный,117.0
Легенда, A Legend,A Deadly Legend,A Deadly Legend,722722,2020,,ужасы,Pamela Moriarty,2.6, Художественный,129.0
Легенда китобоев,,,,,,,,,,Документальный,60.0
Легенда о Золоте Скифов,,Легенда о золоте скифов,Легенда о золоте скифов,1487704,2025,Russia,"семейный, детектив, комедия",Вячеслав Казанцев,0.0, Художественный,117.0
Легенда о Золоте Скифов,,Легенда о золоте скифов,Легенда о золоте скифов,1487704,2025,Russia,"семейный, детектив, комедия",Вячеслав Казанцев,0.0, Художественный,130.0
Легенда о Мауле ,The Legend of Maula Jatt,The Legend of Maula Jatt,The Legend of Maula Jatt,464293,2022,Pakistan,"драма, фэнтези, боевик",Bilal Lashari,7.9, Художественный,110.0
Легенда о Русалке,Tears of Shark in Kunlun,Легенда о русалке,昆仑劫之鲛人泪,938454,2023,China,"драма, боевик",秦鹏飞,5.0, Художественный,83.0
Легенда о великанах,Irati,Ирати. Эра богов и монстров,Irati,726274,2023,"France, Spain","драма, приключения, фэнтези",Paul Urkijo Alijo,6.586, Художественный,105.0
Легенда о самбо,,Легенда о самбо,Легенда о самбо,930513,2023,Russia,приключения,Андрей Богатырев,1.0, Художественный,105.0
Легенда об Ориксе,Return,Возвращение в Сайлент Хилл,Return to Silent Hill,680493,2026,"France, Japan, United States of America, United Kingdom, Germany","детектив, драма, ужасы",Кристоф Ган,5.347,Анимационный,89.0
Легенды,,Легенды осени,Legends of the Fall,4476,1994,United States of America,"драма, вестерн, мелодрама, военный",Эдвард Цвик,7.384,Анимационный,93.0
Легенды Болгара,,,,,,,,,,Анимационный,75.0
Легенды Орлёнка,,Легенды Орлёнка,Легенды Орлёнка,992247,2022,Russia,"фэнтези, комедия, семейный",Ольга Беляева,8.5, Художественный,89.0
Легенды будущего,,Легенды будущего,Легенды будущего,1016969,2022,Russia,документальный,Svetlana Kharchevina,0.0,Документальный,75.0
Легенды наших предков,,Легенды наших предков,Легенды наших предков,1381780,2025,Russia,"приключения, семейный, фэнтези",Иван Соснин,6.4, Художественный,94.0
Легенды наших предков (расширенная версия),,,,,,,,,, Художественный,108.0
Легионы тьмы,Legions,Latviešu leģions,Latviešu leģions,848259,2000,Latvia,документальный,Ināra Kolmane,0.0, Художественный,88.0
Легкое знакомство,,Лёгкое знакомство,Лёгкое знакомство,1070005,2023,Russia,мелодрама,Aleksandr Krestnikov,0.0, Художественный,99.0
Леди Баг и Супер-Кот: Пробуждение силы,Ladybug & Cat Noir: Awakening,Леди Баг и Супер-Кот: Пробуждение силы,Miraculous - le film,496450,2023,"China, France, Canada","мультфильм, фэнтези, боевик, мелодрама, семейный",Джереми Заг,7.606,Анимационный,102.0
Леди Макбет Мценского уезда,,Леди Макбет Мценского уезда,Леди Макбет Мценского уезда,342167,1989,"Switzerland, Soviet Union",драма,Роман Балаян,4.6, Художественный,164.0
Ледяная внучка,,Ледяная внучка,Ледяная внучка,14487,1980,Soviet Union,"семейный, фэнтези, музыка",Борис Рыцарев,6.071, Художественный,70.0
Ледяной дракон или Легенда о синих цветах,Ice Dragon: Legend of the Blue Daisies,"Ледяной дракон, или легенда о синих цветах",Ice Dragon: Legend of the Blue Daisies,512404,2018,Canada,"мультфильм, приключения, семейный, фэнтези",Bruce Stacey,6.8, Художественный,70.0
Ледяной предел,Ice Fall,Falling Through Ice,Falling Through Ice,1517775,2023,,драма,Jackson Saunders,0.0, Художественный,96.0
Лекарство против страха,,Лекарство против страха,Лекарство против страха,224808,1978,Soviet Union,"криминал, детектив, драма",Альберт Мкртчян,5.6, Художественный,94.0
Лекарь 2: Наследие Авиценны,The Physician II,Лекарь 2: Наследие Авиценны,Der Medicus II,1219548,2025,Germany,"приключения, детектив, драма",Philipp Stölzl,6.4, Художественный,143.0
Лексо,,Лексо,Лексо,1453766,2025,Russia,документальный,Olesya Fokina,0.0,Документальный,66.0
Лена и Справедливость,,Лена и справедливость,Лена и справедливость,772770,2022,Russia,драма,Ekaterina Veshcheva,10.0, Художественный,89.0
Ленинградская симфония,,Ленинградская симфония,Ленинградская симфония,617689,1957,Soviet Union,"драма, военный",Zakhar Agranenko,10.0, Художественный,97.0
Лео и Тиг. Дорога на Байкал,,Лео и Тиг. Дорога на Байкал,Лео и Тиг. Дорога на Байкал,1592087,2026,Russia,мультфильм,Антон Ланшаков,0.0,Анимационный,65.0
Леона энд Марк,,,,,,,,,, Художественный,62.0
Леонардо. Пять веков спустя,Leonardo Cinquecento,Leonardo Cinquecento,Leonardo Cinquecento,580018,2019,,документальный,Francesco Invernizzi,5.0,Научно-популярный,90.0
Лермонтов,,Лермонтов,Лермонтов,1416320,2025,Russia,"драма, история",Бакур Бакурадзе,6.0, Художественный,102.0
Лермонтов,,Лермонтов,Лермонтов,1416320,2025,Russia,"драма, история",Бакур Бакурадзе,6.0, Художественный,104.0
Лес. Хранитель жизни,,Лес,Лес,1549725,2025,Russia,документальный,"Ирина Шапман, Владислав Гришин",0.0,Документальный,70.0
Лесные спасатели,Fox and Hare Save the Forest,Лесные спасатели,Fox and Hare Save the Forest,1061785,2024,"Belgium, Luxembourg, Netherlands","мультфильм, приключения, семейный",Mascha Halberstad,6.3,Анимационный,71.0
Лесси - лохматый детектив,Lassie - Ein neues Abenteuer,Лесси. Лохматый детектив,Lassie - Ein neues Abenteuer,1088563,2023,Germany,"приключения, семейный",Hanno Olderdissen,6.6, Художественный,92.0
Лестница в небо,,Лестница в небо,Лестница в небо,545528,1996,Russia,"документальный, триллер",Дмитрий Фролов,9.5,Документальный,110.0
Летние войны,Summer wars,LEGO Звёздные Войны: Летние Каникулы,LEGO Star Wars Summer Vacation,980804,2022,"Canada, United States of America","мультфильм, семейный, фантастика, комедия",Ken Cunningham,6.3,Анимационный,114.0
"Летние каникулы, или как спасти город",Little Heroes,Little Heroes,Little Heroes,321048,1991,United States of America,"семейный, телевизионный фильм",Craig Clyde,6.25, Художественный,78.0
Лето,,Лето,Лето,502897,2018,"France, Russia","музыка, драма",Кирилл Серебренников,7.394, Художественный,109.0
Лето 1941 года,,Лето 1941 года,1941 жылдың жазы,963746,2022,Kazakhstan,"боевик, военный",Bekbolat Shekerov,5.7, Художественный,112.0
Лето во Франции,Zomer In Frankrijk,Лето во Франции,Zomer in Frankrijk,1096597,2023,,комедия,Mark de Cloe,5.0, Художественный,84.0
Лето на память,,Лето на память,Лето на память,895970,1988,Soviet Union,семейный,Юрий Кузьменко,0.0, Художественный,58.0
"Лето, когда я научилась летать",Leto kada sam naucila da letim,Лето када сам научила да летим,Лето када сам научила да летим,932083,2022,"Bulgaria, Croatia, Serbia, Slovakia","семейный, комедия, драма, мелодрама, приключения",Radivoje 'Raša' Andrić,8.1, Художественный,89.0
Лето. Город. Любовь,,Лето. Город. Любовь,Лето. Город. Любовь,1463733,2025,Russia,драма,"Айрат Абушахманов, Руслан Римович, Руслан Юлтаев, Айдар Акманов, Айсыуак Юмагулов, Виталий Дудка, Айнур Аскаров",0.0, Художественный,101.0
Лето. Нулевые,,Лето. Нулевые,Лето. Нулевые,1163889,2023,Russia,комедия,Сергей Илютин,0.0, Художественный,89.0
Летучий корабль,,Летучий корабль,Летучий корабль,743203,2024,Russia,"комедия, музыка, семейный, фэнтези",Илья Учитель,5.0, Художественный,100.0
Либерея: Охотники за сокровищами,,Либерея: Охотники за сокровищами,Либерея: Охотники за сокровищами,732684,2022,Russia,"боевик, приключения",Gleb Orlov,6.0, Художественный,105.0
Лига теней,Shadow Force,Лига теней,Shadow Force,757725,2025,United States of America,"боевик, триллер",Джо Карнахан,6.335, Художественный,104.0
Лиза,,Доктор Лиза,Доктор Лиза,595464,2020,Russia,"драма, история",Oksana Karas,6.9, Художественный,90.0
Лили и море,,Лили и море,Grand Marin,958195,2023,"Belgium, France, Iceland, Russia",драма,Динара Друкарова,5.5, Художественный,83.0
Линцесса. Тайны леса,Lincessa. Los silencios del bosque,Lincessa. Los silencios del bosque,Lincessa. Los silencios del bosque,1115249,2023,,документальный,,6.3,Документальный,91.0
Линчлэнд,Welcome to Lynchland,Добро пожаловать в Линчлэнд,"David Lynch, une énigme à Hollywood",1419221,2025,France,документальный,Stéphane Ghez,6.5,Научно-популярный,62.0
Лионель,Lioness,Lioness,Lioness,365635,,,драма,,0.0, Художественный,88.0
Лиссабон,,Лиссабон,Лиссабон,1162720,2023,Russia,драма,Светлана Филиппова,0.0, Художественный,96.0
Лист ожидания,,Лист ожидания...,Лист ожидания...,1147084,2023,,драма,Александр Ефремов,8.0, Художественный,107.0
Литвяк,,Литвяк,Литвяк,650059,2026,Russia,"военный, история",Андрей Шальопа,0.0, Художественный,164.0
Личная жизнь,Love Life,Личная жизнь,LOVE LIFE,927594,2022,"France, Japan",драма,深田晃司,7.2, Художественный,123.0
Личный рай Зины Сотиной,,,,,,,,,,Документальный,64.0
Ловушка для кролика,Rabbit Trap,Ловушка для кролика,Rabbit Trap,1193824,2025,"United States of America, United Kingdom","триллер, ужасы, детектив, фэнтези",Bryn Chainey,5.875, Художественный,88.0
Ловцы забытых голосов,Hoshi o Ou Kodomo,Ловцы забытых голосов,星を追う子ども,79707,2011,Japan,"мультфильм, приключения, фэнтези, семейный",Макото Синкай,7.2,Анимационный,116.0
Логово,The Lair,Логово,The Lair,760204,2022,"United Kingdom, United States of America","ужасы, боевик",Нил Маршалл,5.645, Художественный,97.0
Ломая лёд,The Breaking Ice,Breaking the Ice,Breaking the Ice,91818,1938,United States of America,драма,Эдвард Ф. Клайн,6.083, Художественный,99.0
Лондон на проводе,London Calling,Лондон на проводе,London Calling,1217602,2025,"South Africa, United States of America","боевик, криминал, комедия, триллер",Аллан Ангар,6.571, Художественный,112.0
Лоокуут уонна Ньургуhун (Лоокуут и Ньургусун),,,,,,,,,, Художественный,105.0
Лосёнок,,Лосёнок,Лосёнок,1193471,2023,Russia,документальный,Elena Koptseva,0.0,Документальный,64.0
Лотерея,,Лотерея,Лотерея,1404977,2025,Russia,комедия,Соня Карпунина,6.0, Художественный,103.0
Лохматые предки,Sasquatch Sunset,Лохматые предки,Sasquatch Sunset,1015634,2024,United States of America,"фэнтези, комедия","David Zellner, Nathan Zellner",5.707, Художественный,88.0
Лохматый патруль,Junkyard Dogs,Лохматый патруль,Junkyard Dogs,876487,2022,United States of America,"семейный, комедия",Jacob Cooney,3.3, Художественный,89.0
Лошадь Чарли,Charlie's Horse,Chief Charlie Horse,Chief Charlie Horse,40518,1956,United States of America,мультфильм,Paul J. Smith,8.0, Художественный,86.0
Луганские,,,,,,,,,,Документальный,60.0
Лукавый,Lord of Misrule,Лукавый,Lord of Misrule,853387,2023,"Ireland, United Kingdom, United States of America","ужасы, детектив, триллер",William Brent Bell,5.729, Художественный,104.0
Лулу и Бриггс,Dog,Догмен: Пушистая справедливость,Dog Man,774370,2025,United States of America,"семейный, комедия, приключения, мультфильм, боевик",Питер Гастингс,7.447, Художественный,100.0
Луна,The Moon,Сумерки. Сага: Новолуние,The Twilight Saga: New Moon,18239,2009,United States of America,"приключения, фэнтези, драма, мелодрама",Крис Вайц,5.99, Художественный,129.0
Лунатики,,Лунатики,Sleepwalkers,11428,1992,United States of America,"ужасы, фэнтези, триллер",Мик Гэррис,6.076, Художественный,92.0
Лунные приключения,Moonbound,Лунные приключения,Peterchens Mondfahrt,809717,2021,"Austria, Germany","мультфильм, семейный",Ali Samadi Ahadi,6.5,Анимационный,85.0
Лунный человек,Moon Man,Человек на Луне,Man on the Moon,1850,1999,"United States of America, Germany, Japan, United Kingdom","комедия, драма, история",Милош Форман,7.24, Художественный,121.0
Лунтик. Возвращение домой,,Лунтик. Возвращение домой,Лунтик. Возвращение домой,1253707,2024,Russia,мультфильм,Константин Бронзит,6.3,Анимационный,78.0
Лучшая жизнь,II colibri,Лучшая жизнь,A Better Life,55720,2011,United States of America,драма,Крис Вайц,7.155, Художественный,131.0
Лучшие в аду,,Лучшие в аду,Лучшие в аду,1032742,2022,Russia,"военный, боевик, драма",Андрей Батов,7.7, Художественный,109.0
Лучшие дни,Greatest Days,Лучшие дни,Greatest Days,974861,2023,"Switzerland, United Kingdom","музыка, комедия, драма",Coky Giedroyc,6.2, Художественный,98.0
Лучшие короткометражки для взрослых ,,,,,,,,,, Художественный,62.0
Лучшие короткометражки: COMEDY,,,,,,,,,, Художественный,65.0
Лучшие места не в партере,,,,,,,,,,Научно-популярный,61.0
Лучший в мире,Best In The World,Лучший вор мира,The Best Thief in the World,57685,2004,United States of America,"комедия, драма",Jacob Kornbluth,4.643,Научно-популярный,57.0
Лучшим игрокам приготовиться,Game on,Game On,Game On,1251016,2024,India,"боевик, драма, мелодрама, триллер",Dayanandh Gaddam,10.0, Художественный,87.0
Лысый нянь,,Лысый нянь,Лысый нянь,1286017,2025,Russia,"комедия, семейный",Алиса Шитикова,8.0, Художественный,87.0
Любви не бывает?,,Любви не бывает?,Любви не бывает?,1267224,2024,Russia,"мелодрама, комедия",Дмитрий Фикс,7.8, Художественный,104.0
Любви не бывает?,,Любви не бывает?,Любви не бывает?,1267224,2024,Russia,"мелодрама, комедия",Дмитрий Фикс,7.8, Художественный,105.0
Люби снова,Love Again,Люби снова,Love Again,758336,2023,United States of America,"мелодрама, драма, комедия",Jim Strouse,6.735, Художественный,104.0
Любимая ученица Вивальди,PRIMAVERA,Любимая ученица Вивальди,Primavera,1365683,2025,"France, Italy","музыка, драма, история",Damiano Michieletto,7.1, Художественный,111.0
Любить Билла,,,,,,,,,,Документальный,57.0
Любовники,,Любовники,Любовники,650233,2022,Russia,комедия,Елена Хазанова,3.7, Художественный,102.0
Любовное письмо,Chere Lea,Любовное письмо,Chère Léa,833428,2021,France,"драма, мелодрама, комедия",Jérôme Bonnell,5.7, Художественный,91.0
Любовные штучки,LOVE THING,"То, что называют любовью",The Thing Called Love,27804,1993,United States of America,"драма, мелодрама, музыка",Питер Богданович,6.166, Художественный,91.0
Любовный апокалипсис,Amour Apocalypse / Peak Everything,Любовный апокалипсис,Amour Apocalypse,1283671,2025,Canada,"комедия, мелодрама, драма",Anne Émond,6.6, Художественный,100.0
Любовный переполох,LOVE FAIL REPEAT,Любовный переполох,Love Fail Repeat,1374087,2025,Netherlands,"мелодрама, комедия, фэнтези",Erwin van den Eshof,4.2, Художественный,82.0
Любовь Советского Союза,,Любовь Советского Союза,Любовь Советского Союза,1152700,2024,Russia,"драма, мелодрама","Никита Высоцкий, Дмитрий Иосифов, Илья Лебедев",5.8, Художественный,148.0
Любовь без памяти,Blackout Love,Любовь без памяти,Blackout Love,776327,2022,Italy,"мелодрама, комедия",Francesca Marino,5.0, Художественный,97.0
Любовь без памяти,Love Reset,Love Reset,Love Reset,1069515,2016,,,Imran Siddiquee,0.0, Художественный,119.0
Любовь без фильтров,Un mondo sotto social ,Un mondo sotto social,Un mondo sotto social,891639,2022,Italy,комедия,"Claudio Casisa, Annandrea Vitrano",3.7, Художественный,92.0
Любовь в городе,L'amore in citta,Любовь в городе,L'amore in città,31293,1953,Italy,"драма, мелодрама","Francesco Maselli, Федерико Феллини, Alberto Lattuada, Carlo Lizzani, Микеланджело Антониони, Dino Risi",6.563, Художественный,75.0
Любовь до последнего,Casi muerta,Любовь до последнего,Casi muerta,791295,2023,"Argentina, Uruguay","комедия, мелодрама",Fernán Mirás,7.013, Художественный,106.0
Любовь зла,,Любовь зла...,Любовь зла...,432222,1999,Russia,"мелодрама, комедия",Vladimir Zaykin,6.2, Художественный,83.0
Любовь зла или нанотехнологии Средней полосы,,"Любовь зла, или Нанотехнологии средней полосы","Любовь зла, или Нанотехнологии средней полосы",1622348,2023,Russia,"комедия, драма, мелодрама",Aleksey Sokolov,8.0, Художественный,103.0
Любовь и ничего лишнего,My Awkward Sexual Adventure,Секс и ничего лишнего,My Awkward Sexual Adventure,128136,2012,Canada,"комедия, мелодрама, драма",Sean Garrity,6.766, Художественный,93.0
Любовь и пёсики,Ai quan qi yuan,Любовь и пёсики,爱犬奇缘,973173,2023,,"драма, мелодрама","Shya Wing-Hong, 陳國輝",6.0, Художественный,100.0
"Любовь моя, печаль моя",,"Любовь моя, печаль моя","Любовь моя, печаль моя",693888,1978,"Turkey, Soviet Union",мелодрама,Аждар Ибрагимов,5.2, Художественный,94.0
Любовь на миллион,Modelizer,Любовь на миллион,The Modelizer,1149108,2023,,"комедия, мелодрама",Keoni Waxman,5.0, Художественный,96.0
Любовь не купишь за деньги,Stan the Man,Любовь не купишь за деньги,Stan the Man,677622,2020,,мелодрама,Steven Chase,2.5, Художественный,91.0
Любовь с того света,You Found Me,Leave Me Like You Found Me,Leave Me Like You Found Me,97606,2012,,драма,Adele Romanski,0.0, Художественный,98.0
Любовь со вкусом,Foodies,Любовь со вкусом,Foodies,970311,2022,Netherlands,"мелодрама, комедия",Mannin de Wildt,6.7, Художественный,93.0
Любовь со второго взгляда,,Любовь со второго взгляда,Любовь со второго взгляда,1250575,2024,"Kazakhstan, Russia","мелодрама, комедия",Олжас Нурбай,0.0, Художественный,97.0
Любовь-морковь. Восстание машин,,Любовь-морковь: Восстание машин,Любовь-морковь: Восстание машин,741080,2023,Russia,комедия,Андрей Волгин,4.0, Художественный,95.0
Любовь: Инструкция по расставанию, Una relazione,Любовь: Инструкция по расставанию,Una relazione,794246,2021,Italy,"драма, комедия",Стефано Сардо,6.6, Художественный,109.0
Люди Севера. Истории спасения,,,,,,,,,,Документальный,60.0
Люди большой воды,,Люди большой воды,Люди большой воды,1664129,2026,Russia,документальный,Андрей Кирсанов,0.0,Документальный,100.0
Люди с зонтиками,The Umbrella Men,The Umbrella Men,The Umbrella Men,997288,2022,South Africa,"музыка, комедия, криминал",John Barker,0.0, Художественный,117.0
Людочка,,,,,,,,,,Документальный,58.0
Лёд 3,,Лёд 3,Лёд 3,1205088,2024,Russia,"мелодрама, драма",Юрий Хмельницкий,6.7, Художественный,134.0
Лёнечка,,,,,,,,,,Документальный,52.0
МЁРТВАЯ ЗОНА,SILENT ZONE,Тихая зона,Silent Zone,1419229,2025,Hungary,"ужасы, триллер",Peter Deak,6.15, Художественный,119.0
МАЙКЛ ,MICHAEL,Майкл,Michael,936075,2026,United States of America,"музыка, драма",Антуан Фукуа,7.586, Художественный,127.0
МАКСИН XXX,MAXXXINE,Максин XXX,MaXXXine,1023922,2024,United States of America,"ужасы, триллер",Тай Уэст,6.296, Художественный,103.0
МАЛЕНЬКАЯ ПЕРЕМЕНА,,,,,,,,,, Художественный,62.0
МАЛЫШКА ДЖО,JOE BABY,Малышка Джо,Joe Baby,1224374,2026,United States of America,"боевик, триллер, криминал, детектив",Стивен Брэнд,5.8, Художественный,82.0
"МАЛЬЧИК, КОТОРЫЙ ПРЯТАЛСЯ В ЛЕСУ",THE BOY IN THE WOODS,"Мальчик, который прятался в лесу",The Boy in the Woods,1083612,2023,Canada,"драма, военный, история",Rebecca Snow,6.83, Художественный,97.0
МАМЕ СНОВА 19,THE THROWBACK,Маме снова 19,The Throwback,1249199,2024,,комедия,Mario Garcia,7.3, Художественный,102.0
МАНКИМЭН,MONKEY MAN,Манкимэн,Monkey Man,560016,2024,"Canada, Singapore, United States of America","боевик, триллер",Дев Патель,6.864, Художественный,121.0
МАХАТМА ХАВКИН,,Махатма Хавкин,Махатма Хавкин,1036927,2022,Russia,документальный,Галина Евтушенко,0.0,Документальный,95.0
МЕТОД ИСКЛЮЧЕНИЯ,NO OTHER CHOICE,La badil,La badil,314002,2012,United Kingdom,документальный,Dominic Brown,0.0, Художественный,139.0
МЕЧТАТЬ НЕ ВРЕДНО,American dream,Американская мечта,American Dream,777670,2021,,драма,Януш Каминский,4.1, Художественный,126.0
МИКАЭЛА,MIKAELA,Микаэла,Mikaela,1315988,2025,Spain,"боевик, триллер, приключения",Daniel Calparsoro,6.167, Художественный,91.0
МИЛЛИОН ЛАЙКОВ,1 Million Followers,Миллион лайков,1 Million Followers,1117126,2024,"Canada, Thailand",триллер,Harvey Lowry,4.8, Художественный,98.0
МИНИСТЕРСТВО НЕДЖЕНТЛЬМЕНСКИХ ДЕЛ,THE MINISTRY OF UNGENTLEMANLY WARFARE,Министерство неджентльменских дел,The Ministry of Ungentlemanly Warfare,799583,2024,"United Kingdom, United States of America","боевик, комедия, военный",Гай Ричи,7.013, Художественный,120.0
МИР В МОЕЙ ГОЛОВЕ,Yumiui sepodeul deo mubi,Мир в моей голове,Out of My Mind,971606,2024,United States of America,"драма, семейный",Amber Sealey,7.771,Анимационный,93.0
МИР В ОГНЕ,AFTERBURN,Мир в огне,Afterburn,507244,2025,"United States of America, United Kingdom","боевик, фантастика, комедия",Джей Джей Перри,6.243, Художественный,106.0
МИТТЕЛЬМАРШ,,Миттельмарш,Миттельмарш,772759,2023,Russia,"комедия, драма",Софья Меледина,8.0, Художественный,75.0
МОЁ ПРЕКРАСНОЕ НЕСЧАСТЬЕ 2,BEAUTIFUL WEDDING,Моё прекрасное несчастье 2,Beautiful Wedding,1096342,2024,United States of America,"мелодрама, комедия, драма",Roger Kumble,5.551, Художественный,93.0
МОЖНО Я НЕ БУДУ УМИРАТЬ?,,Можно я не буду умирать?,Do I Really Have to Die?,1313859,2024,Poland,документальный,Елена Ласкари,0.0,Документальный,92.0
МОЙ ВЧЕРАШНИЙ ДЕНЬ,,,,,,,,,, Художественный,99.0
МОЙ СЕВЕР,,Мой друг северный верблюд,Kamel,583981,2019,"Denmark, Mongolia, Norway, Sweden","документальный, приключения",Karl Emil Rikardsen,7.3, Художественный,106.0
МОСТ,,Шпионский мост,Bridge of Spies,296098,2015,"United States of America, Germany","триллер, драма",Стивен Спилберг,7.24, Художественный,575.0
МОСТ,,Шпионский мост,Bridge of Spies,296098,2015,"United States of America, Germany","триллер, драма",Стивен Спилберг,7.24, Художественный,884.0
МОСТ 2025,,,,,,,,,,Документальный,771.0
МОСТ В ОГНЕ,AFTERMATH,Последствия. Мост в огне,Aftermath,1081012,2024,United States of America,"боевик, триллер",Патрик Люсье,6.222, Художественный,95.0
МОЯ ЖЕНА - КИЛЛЕР,ROLE PLAY,Моя жена - киллер,Role Play,848187,2023,"France, Germany, United States of America","боевик, комедия, мелодрама",Thomas Vincent,5.98, Художественный,100.0
МУЖЧИНЫ НА ГРАНИ НЕРВНОГО СРЫВА,Hommes au bord de la crise de nerfs,Мужчины на грани нервного срыва,Hommes au bord de la crise de nerfs,783556,2022,"Belgium, France",комедия,Одри Дана,5.22, Художественный,97.0
МУЛЬТ в кино. Выпуск №164,,,,,,,,,,Анимационный,54.0
МЫ,,Мы,Us,458723,2019,United States of America,"ужасы, детектив",Джордан Пил,6.948, Художественный,119.0
МЫШИНЫЙ ПЕРЕПОЛОХ,A Mouse Hunt for Christmas,Мышиный переполох,Hvis ingen går i fella,1427833,2025,Norway,"семейный, мультфильм, комедия",Henrik Martin Dahlsbakken,6.471, Художественный,80.0
Магдалина,,Мария Магдалина,Мария Магдалина,1226815,1990,Soviet Union,драма,Gennadi Voronin,0.0, Художественный,112.0
Магеллан: Повелитель морей,Sin limites,Sin límites,Sin límites,1326876,2024,,документальный,Gerardo Diego,0.0, Художественный,254.0
Магия четырех стихий,A Girl Named Willow,Магия четырёх стихий,Ein Mädchen namens Willow,1176932,2025,"Germany, Austria","семейный, приключения, фэнтези",Mike Marzuk,6.196, Художественный,100.0
Мад,Mud,Мад,Mud,103731,2013,United States of America,драма,Jeff Nichols,7.058, Художественный,131.0
Мадам Клико,Widow Clicquot,Мадам Клико,Widow Clicquot,1042650,2024,United States of America,драма,Thomas Napper,6.673, Художественный,90.0
Мажор в Дубае,,Мажор в Дубае,Мажор в Дубае,1286477,2025,Russia,"комедия, приключения",Егор Чичканов,6.4, Художественный,116.0
Мажор в Дубае ,,Мажор в Дубае,Мажор в Дубае,1286477,2025,Russia,"комедия, приключения",Егор Чичканов,6.4, Художественный,116.0
Мажор в Сочи,,Мажор в Сочи,Мажор в Сочи,1025576,2022,Russia,"боевик, комедия",Никита Власов,5.5, Художественный,109.0
Мазепа,,Мазепа,Мазепа,194041,1909,Russia,"драма, история",Василий Гончаров,5.0, Художественный,136.0
Май Декабрь,,Май декабрь,May December,839369,2023,United States of America,драма,Тодд Хейнс,6.579, Художественный,117.0
Майор Гром: Игра,,Майор Гром: Игра,Майор Гром: Игра,1080252,2024,Russia,"боевик, приключения, детектив",Олег Трофим,6.136, Художественный,168.0
"Майор Пердунеску, или хроники 13 отдела",,"Майор Пердунеску, или Хроники 13-го отдела",Major Fartunescu and the Misadventures of Department 13,1062173,2022,Moldova,"комедия, боевик","Yuri Volodarsky, Юрій Стицьковський",0.0, Художественный,83.0
Максимум,,Ваня Усович: 40 лет максимум,Ваня Усович: 40 лет максимум,1222351,2023,Russia,комедия,,0.0,Документальный,57.0
Маленькая девочка в голубом,Little Girl Blue,Little Girl Blue,Little Girl Blue,436464,2016,,драма,Molly Fisher,5.0, Художественный,96.0
Маленькая принцесса,Pyali,khali pyali,khali pyali,1696447,,,,Zara Imran,0.0, Художественный,96.0
Маленький Будда,Little Buddha,Маленький Будда,Little Buddha,1689,1993,"France, Italy, Liechtenstein, United Kingdom","драма, история",Bernardo Bertolucci,6.3, Художественный,141.0
Маленький Николя,Little Nicolas,Маленький Николя,Le Petit Nicolas,31203,2009,"Belgium, France","комедия, семейный",Laurent Tirard,6.069,Анимационный,85.0
Маленький Шеф,,Маленький шеф,Маленький шеф,1381945,2025,Russia,комедия,"Илья Чижиков, Антон Чижиков",0.0, Художественный,79.0
Маленький ловец привидений,Le petit chasseur de fantomes,Autisme : le petit chasseur de fantômes,Autisme : le petit chasseur de fantômes,1429462,2022,France,документальный,"Mickey Mahut, Laurent Kouchner",8.0,Документальный,58.0
Малыш,,Малыш,Малыш,1469513,2026,Russia,"драма, военный",Андрей Симонов,5.5, Художественный,114.0
Малыш и Карлсон в городе грехов,,,,,,,,,, Художественный,76.0
Малышарики. День Рождения,,Малышарики. День рождения,Малышарики. День рождения,1387395,2024,Russia,"мультфильм, семейный, музыка","Катерина Савчук, Oksana Bychkova",10.0,Анимационный,61.0
Малышка на драйве,Teuksong / Special Delivery,Малышка на драйве,특송,606403,2022,South Korea,"боевик, криминал",Пак Тэ Мин,7.007, Художественный,108.0
Мальдивы подождут,,Мальдивы подождут,Мальдивы подождут,1105771,2023,Russia,комедия,Анарио Мамедов,5.8, Художественный,88.0
Мальчик и Робот,,Мальчик и робот,Мальчик и робот,1587485,2025,Russia,фантастика,Екатерина Задорина,0.0, Художественный,63.0
Мальчик и птица (субтитровая версия),The Boy and the Heron,Мальчик и птица,君たちはどう生きるか,508883,2023,Japan,"мультфильм, фэнтези, драма",Хаяо Миядзаки,7.402,Анимационный,123.0
Мальчик и птица 2D,The Boy and the Heron,Мальчик и птица,君たちはどう生きるか,508883,2023,Japan,"мультфильм, фэнтези, драма",Хаяо Миядзаки,7.402,Анимационный,123.0
Мальчик и птица 2D Дубляж Студийная банда,The Boy and the Heron,Мальчик и птица,君たちはどう生きるか,508883,2023,Japan,"мультфильм, фэнтези, драма",Хаяо Миядзаки,7.402,Анимационный,123.0
Мальчик-Дельфин,,Мальчик-дельфин,Мальчик-дельфин,947938,2022,"Germany, Iran, Russia, Turkey","мультфильм, приключения, фэнтези, комедия",Mohammad Kheyrandish,6.3,Анимационный,85.0
Мальчик-Дельфин 2,,پسر دلفینی ۲,پسر دلفینی ۲,1450374,2025,Russia,"мультфильм, семейный, фэнтези, приключения",Mohammad KheirAndish,5.7,Анимационный,95.0
Мальчик-Птица,,Мальчик и птица,君たちはどう生きるか,508883,2023,Japan,"мультфильм, фэнтези, драма",Хаяо Миядзаки,7.402, Художественный,90.0
Мальчики,,Мальчики,Мальчики,849885,1972,Soviet Union,"драма, музыка, семейный",Екатерина Сташевская-Народицкая,0.0, Художественный,96.0
Мама,,Мама,Mama,132232,2013,"Canada, Spain",ужасы,Энди Мускетти,6.3, Художественный,91.0
Мама всегда права,,,,,,,,,, Художественный,194.0
Мама мафия,Mafia Mamma,Мама мафия,Mafia Mamma,809787,2023,"United Kingdom, United States of America, Italy","комедия, криминал, боевик",Кэтрин Хардвик,6.088, Художественный,101.0
"Мама, не плачь",,"Мама, не плачь","Мама, не плачь",1644360,2024,Russia,документальный,Ruslan Kechedzhiyan,0.0,Документальный,59.0
Маме снова 17,,Маме снова 17,Маме снова 17,1359389,2024,Russia,"комедия, фэнтези, семейный",Анна Курбатова,7.7, Художественный,108.0
Мамино письмо,,Мамино письмо,Мамино письмо,1387458,2024,Russia,"драма, документальный",Александр Сукачев,5.5, Художественный,68.0
Мамины Сказки,,,,,,,,,,Документальный,63.0
Мамочки,Matky,Мамочки,Matky,663294,2021,Czech Republic,комедия,Vojtěch Moravec,4.6, Художественный,96.0
Мамы и дети,,"Мамы, дети и закон","Мамы, дети и закон",1515662,,Russia,"драма, документальный","Kirill Sakharnov, Kseniya Sakharnova",0.0,Научно-популярный,95.0
Мангул,,Мангул,Мангул,1628661,2026,Russia,триллер,Иван Шерстников,0.0, Художественный,75.0
Мандариния - страна чудес,,Мандариния – страна чудес,Мандариния – страна чудес,1655912,2026,Russia,"фэнтези, приключения",Сергей Герай,0.0, Художественный,81.0
Мандерлей,Manderlay,Мандерлей,Manderlay,1951,2005,"Denmark, Finland, France, Germany, Netherlands, Sweden, United Kingdom, Italy",драма,Ларс фон Триер,6.893, Художественный,138.0
Манифест мечты,,,,,,,,,,Научно-популярный,60.0
Мания ,Novice,Мания,The Novice,821427,2021,United States of America,драма,Lauren Hadaway,6.4, Художественный,88.0
Мануфактура культуры,,,,,,,,,,Научно-популярный,58.0
Манюня,,Манюня: Приключения в Москве,Манюня: Приключения в Москве,1265308,2024,Russia,комедия,Денис Гуляр,8.0, Художественный,88.0
Манюня: День рождения Ба,,Манюня: День рождения Ба,Манюня: День рождения Ба,1219818,2025,Russia,"комедия, семейный",Арман Марутян,0.0, Художественный,81.0
Манюня: Приключения в Москве,,Манюня: Приключения в Москве,Манюня: Приключения в Москве,1265308,2024,Russia,комедия,Денис Гуляр,8.0, Художественный,90.0
Манюня: Приключения в деревне,,Манюня: Приключения в деревне,Манюня: Приключения в деревне,1284384,2024,Russia,"комедия, семейный",Денис Гуляр,8.0, Художественный,88.0
Манюня: новогодние приключения,,Манюня: Новогодние приключения,Манюня: Новогодние приключения,1233708,2023,Russia,драма,Арман Марутян,7.5, Художественный,85.0
Марадона,Maradona by Kusturica,Марадона глазами Кустурицы,Maradona by Kusturica,8908,2008,"Spain, France",документальный,Эмир Кустурица,6.307,Документальный,90.0
Марадона. Смерть бога,La Muerte de Dios/The Death of God,Марадона. Смерть бога,La Muerte De Dios,917408,2021,Argentina,документальный,Ivan Kasanzew,5.0,Научно-популярный,88.0
Маракуда,,Маракуда,Маракуда,1202152,2025,Russia,"семейный, мультфильм, приключения, комедия",Виктор Глухушин,7.9,Анимационный,89.0
Марийские сказки,,Марийские сказки,Марийские сказки,1524487,2025,Russia,фэнтези,Денис Шаблий,0.0, Художественный,90.0
Мариуполь. Возвращение,,,,,,,,,,Документальный,52.0
Мариуполь. Русский город,,,,,,,,,,Документальный,136.0
Мария,Maria,Мария,Maria,1038263,2024,"Germany, Italy, United States of America","история, драма, музыка",Пабло Ларраин,6.455, Художественный,122.0
Мария,,Мать Мария,Mother Mary,1102883,2026,"United States of America, Germany, Ireland, Finland","музыка, драма, триллер",David Lowery,5.859, Художественный,73.0
Марка страны Гонделупы,,Марка страны Гонделупы,Марка страны Гонделупы,253354,1977,Soviet Union,"семейный, комедия",Юлий Файт,8.0, Художественный,61.0
Марли Мэтлин. Больше не одна,Marlee Matlin: Not Alone Anymore,Марли Мэтлин: Больше не одна,Marlee Matlin: Not Alone Anymore,1340117,2025,United States of America,документальный,Shoshannah Stern,7.3,Научно-популярный,97.0
Марлоу,Marlowe,Марлоу,Marlowe,844417,2023,"France, Ireland, Spain, United States of America",криминал,Нил Джордан,5.707, Художественный,109.0
Мармадюк,Marmaduke,Мармадюк,Marmaduke,38579,2010,United States of America,"семейный, комедия",Tom Dey,5.212,Анимационный,87.0
Мармелад,Marmalade,Мармелад,Marmalade,997162,2024,"United Kingdom, United States of America","криминал, триллер, мелодрама, драма, комедия",Кейр О'Доннелл,6.7, Художественный,99.0
Марс Экспресс,Mars Express,Марс Экспресс,Mars Express,586810,2023,France,"мультфильм, фантастика, триллер",Жереми Перен,7.451,Анимационный,88.0
Марсель Дюшан. Искусство возможного,Marcel Duchamp: Art of the Possible,Marcel Duchamp: The Art of the Possible,Marcel Duchamp: The Art of the Possible,614848,2020,United States of America,документальный,Matthew A. Taylor,6.0,Научно-популярный,86.0
Марсупилами. Пушистый круиз,Marsupilami,Марсупилами. Пушистый круиз,Marsupilami,1145899,2026,"France, Belgium","приключения, комедия",Филипп Лашо,6.6, Художественный,98.0
Марти Великолепный,Marty Supreme,Марти Великолепный,Marty Supreme,1317288,2025,United States of America,"драма, триллер",Джош Сафди,7.382, Художественный,150.0
"Мартышкины (серии: «Дом мечты», «Талисман», «Апчхи!», «Магазин игрушек», «Гора желаний», «Приз», «Мы - супергерои!», «Песочные игры», «Пять капитанов», «Сказка на ночь»)",,,,,,,,,,Анимационный,71.0
Маскарад,,Маскарад,"광해, 왕이 된 남자",133200,2012,South Korea,"драма, история",추창민,7.726, Художественный,101.0
Маскерад,,Маскерад,Маскерад,654568,2023,Russia,"драма, детектив, триллер",Михаил Шевчук,1.0, Художественный,113.0
Маски,,Маски,Маски,1254980,2005,Russia,мультфильм,Кирилл Кравченко,0.0, Художественный,69.0
Мастер,A working man,Мастер,A Working Man,1197306,2025,"United Kingdom, United States of America","боевик, криминал, триллер",Дэвид Эйер,6.688, Художественный,116.0
Мастер Кид,Master Kid,紅衣喇嘛,紅衣喇嘛,284814,1978,"Taiwan, Hong Kong",боевик,Sung Ting-Mei,5.667,Анимационный,93.0
Мастер и Маргарита,,Мастер и Маргарита,Мастер и Маргарита,586353,2024,Russia,"фэнтези, драма",Михаил Локшин,6.758, Художественный,157.0
Мастер и его муза,Alma amd Oskar,Мастер и его муза,Alma und Oskar,997777,2023,"Austria, Czech Republic, Germany, Switzerland","драма, история, мелодрама",Dieter Berner,4.75, Художественный,88.0
Матадор,Matador,Матадор,The Matador,9515,2005,"Germany, Mexico, United States of America","боевик, комедия, криминал, драма, триллер",Richard Shepard,6.318, Художественный,101.0
Материнский инстинкт,Mothers' Instinct,Материнский инстинкт,Mothers' Instinct,758679,2024,"Belgium, United Kingdom, United States of America","триллер, драма",Benoît Delhomme,6.847, Художественный,94.0
Матерь Скорбящая,Mater dolorosa,Mater Dolorosa,Mater Dolorosa,463437,1933,France,драма,Abel Gance,8.0, Художественный,70.0
Матч длиною в 75 лет,,,,,,,,,,Документальный,59.0
Матч жизни,The Match,The Match,The Match,1323873,2024,,триллер,Cas Sigers-Beedles,0.0, Художественный,114.0
Мать Тереза,Mother Teresa and Me,Мать Тереза,Kavita & Teresa,885583,2022,"India, Switzerland, United Kingdom","драма, история",Kamal Musale,6.9, Художественный,122.0
Мать моего сына,,Мать моего сына,Мать моего сына,741072,2022,Russia,"драма, триллер",Илья Максимов,6.0, Художественный,105.0
Маша и Медведи,,Маша и Медведи,Маша и Медведи,1448028,2025,Russia,"приключения, фэнтези",Антонина Руже,7.0, Художественный,79.0
Маша и Медведь в кино: Парк Чудес,Masha and the Bear in cinema: Wonder park and other adventures,Маша и Медведь в кино: Парк чудес,Маша и Медведь в кино: Парк чудес,1388440,2026,Russia,мультфильм,"Елена Чернова, Dzhalil Rizvanov, Васико Бедошвили, Vasily Volkov, Ekaterina Grosheva",0.0,Анимационный,60.0
"Маша, давай! Дейтинг",,,,,,,,,,Документальный,170.0
Маэстро,,Эннио. Маэстро,Ennio,396194,2022,"Belgium, China, Germany, Italy, Japan, Netherlands","документальный, музыка, история",Джузеппе Торнаторе,8.312, Художественный,97.0
Маэстро#манифест,Maestro#manifesto,,,,,,,,, Художественный,87.0
Мгла,Lockdown Tower,Мгла,La Tour,852432,2023,France,"ужасы, фэнтези, драма",Guillaume Nicloux,4.79, Художественный,89.0
Мегазавр,Right Beyond,Beyond Right & Wrong: Stories of Justice and Forgiveness,Beyond Right & Wrong: Stories of Justice and Forgiveness,270885,2012,"Ireland, United Kingdom, Israel, Palestinian Territory, Rwanda",документальный,"Роджер Споттисвуд, Lekha Singh",6.2, Художественный,94.0
Мегалодон,The Black Demon,Мегалодон,The Black Demon,890771,2023,"United States of America, Mexico, Dominican Republic","триллер, ужасы",Adrian Grünberg,5.904, Художественный,100.0
Мегаломаньяк. Реинкарнация,Megalomaniac,Мегаломаньяк. Реинкарнация,Megalomaniac,841742,2023,Belgium,"ужасы, детектив, триллер",Karim Ouelhaj,5.491, Художественный,101.0
Мегалополис,Megalopolis,Мегалополис,Megalopolis,592831,2024,United States of America,"фантастика, драма, фэнтези",Фрэнсис Форд Коппола,5.2, Художественный,138.0
Меган: к вашим услугам,Subservience,Меган: К вашим услугам,Subservience,1064028,2024,United States of America,"фантастика, ужасы, триллер",С. К. Дэйл,6.6, Художественный,106.0
Мегрэ и таинственная девушка,Maigret,Мегрэ,Maigret,390395,1988,United Kingdom,"детектив, телевизионный фильм",Paul Lynch,7.5, Художественный,88.0
Медведева VS Медведева,,Медведева против Медведевой,Медведева против Медведевой,1150405,2023,Russia,документальный,"Andrey Furmanchuk, Ruslan Treschev",0.0,Документальный,64.0
Медвежий переполох,Milagros: Una osa extraordinaria,Milagros: Una osa extraordinaria,Milagros: Una osa extraordinaria,1133792,2023,Peru,"мультфильм, комедия, приключения",Eduardo Schuldt,7.3,Анимационный,63.0
Медея,,Медея,Медея,819998,2021,"Russia, United Kingdom, United States of America",драма,Aleksandr Zeldovich,3.3, Художественный,91.0
Меж ладожских берегов,,,,,,,,,,Документальный,59.0
Между жизнью и смертью,On the Edge,On the Edge,On the Edge,25496,1986,United States of America,драма,Rob Nilsson,6.071, Художественный,101.0
Между камнем и цветком,Between the Stone and the Flower,,,,,,,,,Научно-популярный,69.0
Между нами лето,,Между нами лето,Между нами лето,1256724,2024,Russia,"комедия, мелодрама, музыка",Юрий Шаров,7.7, Художественный,113.0
Между нами химия 1 и 2 серии (фестивальная версия),,,,,,,,,, Художественный,56.0
Межсезонье,,Межсезонье,Межсезонье,587617,2022,Russia,"драма, криминал, приключения",Александр Хант,6.6, Художественный,109.0
Мейбридж: Поймать движение,Exposing Muybridge,Exposing Muybridge,Exposing Muybridge,851306,2021,United States of America,документальный,Marc Shaffer,7.0,Научно-популярный,88.0
Мелодии белой ночи,,Мелодии белой ночи,Мелодии белой ночи,65677,1976,"Japan, Soviet Union","мелодрама, драма","Сергей Соловьёв, 西村潔",4.8, Художественный,96.0
Мелочи жизни,Small Things Like,Мелочи жизни,Small Things Like These,1102493,2024,"Belgium, Ireland, United States of America",драма,Тим Милантс,6.7, Художественный,98.0
Мельников,,Мельников,Мельников,1165134,2023,Russia,документальный,Марина Мария Мельник,0.0,Документальный,99.0
Мельнице-25!,,,,,,,,,,Документальный,52.0
Мемра / Memra,,,,,,,,,,Документальный,79.0
Мемуары Улитки,Memoir of a Snail,Мемуары улитки,Memoir of a Snail,1064486,2024,Australia,"мультфильм, комедия, драма",Адам Эллиот,8.034,Анимационный,94.0
Меньшее зло,,Меньшее зло,Меньшее зло,1052900,2022,Russia,драма,Виктор Шамиров,10.0, Художественный,94.0
Меньшее зло,,Меньшее зло,Меньшее зло,1052900,2022,Russia,драма,Виктор Шамиров,10.0, Художественный,92.0
Месть,,Специалист: Месть,धुरंधर: द रिवेंज,1582770,2026,India,"боевик, криминал, триллер",Адитья Дхар,7.3, Художественный,84.0
Месть Банши,Banshee,Banshee,Banshee,46952,2006,Canada,"криминал, триллер, телевизионный фильм",Кари Скогланд,6.9, Художественный,93.0
Месть Золушки,Cinderella's Revenge,Месть Золушки,Cinderella's Revenge,1140847,2024,United Kingdom,"фэнтези, ужасы",Andy Edwards,5.447, Художественный,85.0
Месть женщины,Die Rache einer Frau,Die Rache einer Frau,Die Rache einer Frau,427016,1921,Germany,драма,Robert Wiene,7.0, Художественный,82.0
Месье Азнавур,Monsieur Aznavour,Месье Азнавур,Monsieur Aznavour,1002155,2024,"Belgium, France, Bulgaria","история, музыка, драма","Grand Corps Malade, Mehdi Idir",7.197, Художественный,132.0
Метанойя. Исповедь бродяги,,Метанойя.Исповедь бродяги,Метанойя.Исповедь бродяги,1271360,2023,Russia,драма,Roman Polovikov,0.0, Художественный,69.0
Метки тьмы,A Savannah Haunting,Метки тьмы,A Savannah Haunting,852917,2022,United States of America,"ужасы, драма, триллер",Уильям Марк МакКалло,5.867, Художественный,97.0
Метод Pavement,Pavements,Метод Pavements,Pavements,1063307,2025,"United States of America, Germany","комедия, музыка, документальный",Alex Ross Perry,6.846,Научно-популярный,128.0
Меч короля,The Promised Land/Bastarden,Меч короля,Bastarden,980026,2023,"Denmark, Germany, Sweden","боевик, драма, история",Николай Арсель,7.681, Художественный,127.0
Мечта с подвохом,American Dreamer,Мечта с подвохом,American Dreamer,931461,2022,United States of America,комедия,Paul Dektor,5.868, Художественный,98.0
Мечта. Дорога на маяк,,,,,,,,,,Научно-популярный,58.0
Мечтатели,The Dreamers,Мечтатели,The Dreamers,1278,2003,"France, Italy, United Kingdom, United States of America","драма, мелодрама",Bernardo Bertolucci,7.179, Художественный,115.0
Мечты робота,Robot Dreams,Мечты робота,Robot Dreams,838240,2023,"France, Spain","мультфильм, драма, комедия, фантастика",Пабло Бергер,7.964,Анимационный,102.0
Мечты сбываются,,Мечты сбываются,Мечты сбываются,533950,1960,Soviet Union,драма,Михаил Винярский,5.0, Художественный,70.0
Мешок картошки,,Мешок картошки,Мешок картошки,1442418,2025,Russia,драма,Марта Котова,0.0, Художественный,75.0
Ми-8. Легенды неба,,,,,,,,,,Документальный,90.0
Ми-ми-мишки (серии 235-247),,,,,,,,,,Анимационный,72.0
Мизантроп,Misanthrope,Le Misanthrope,Le Misanthrope,495380,1977,France,комедия,Jean-Paul Carrère,9.333, Художественный,119.0
Микки Монстр,ScreamBoat,Микки Монстр,Screamboat,1225572,2025,United States of America,"ужасы, комедия",Steven LaMorte,5.1, Художественный,102.0
Микулай,,Микулай,Микулай,1010424,2023,Russia,"драма, триллер",Ilshat Rakhimbay,0.0, Художественный,110.0
Миллиардер в трущобах,Zhua wa wa,Миллиардер в трущобах,抓娃娃,1299537,2024,China,комедия,"Peng Damo, Yan Fei",7.006, Художественный,132.0
Миллиардер в трущобах (субтитры),Zhua wa wa,Миллиардер в трущобах,抓娃娃,1299537,2024,China,комедия,"Peng Damo, Yan Fei",7.006, Художественный,132.0
Миллионер на три дня,Three Day Millionaire,Миллионер на три дня,Three Day Millionaire,1035057,2022,United Kingdom,"комедия, криминал",Jack Spring,4.9, Художественный,96.0
Милости просим,,Милости просим,Милости просим,1570183,2025,Russia,"комедия, семейный, фэнтези",,1.0, Художественный,109.0
Мин аатым Таптал (Меня зовут Любовь),,Меня зовут Любовь,Мин аатым Таптал,1420366,2025,Russia,"комедия, мелодрама",Valentin Makarov,6.7, Художественный,98.0
Мини диско. Танцуют все!,Auntie Rita's Party,Мини-диско. Танцуют все!,Het Feest van Tante Rita,1052467,2022,Netherlands,семейный,Dennis Bots,5.0, Художественный,83.0
Мини-мишки (серии 1-26),,,,,,,,,,Анимационный,143.0
Минидетективы и тайна скорпиона,LasseMajas detektivbryra-Skorpiones gata,Мини-детективы и тайна скорпиона,LasseMajas Detektivbyrå - Skorpionens gåta,779229,2022,Sweden,"семейный, приключения, детектив, комедия",Tina Mackic,5.9, Художественный,83.0
Минск,,Минск,Минск,835561,2022,"Belarus, Estonia, Italy, Latvia, Poland, Russia",драма,Boris Guts,7.2, Художественный,82.0
Минтимер и его друзья,,,,,,,,,, Художественный,78.0
Минута молчания,,Минута молчания,Минута молчания,464141,1971,Soviet Union,"приключения, семейный, драма, военный",Игорь Шатров,7.0, Художественный,95.0
Мир Эндрю Уайета,Wyeth,Wyeth,Wyeth,548107,2018,United States of America,документальный,Glenn Holsten,8.0,Научно-популярный,87.0
Мир входящему,,Мир входящему,Мир входящему,204194,1961,Soviet Union,"драма, военный","Владимир Наумов, Александр Алов",5.7, Художественный,90.0
Мир на ощупь,,,,,,,,,,Документальный,53.0
Мир по Либерману или Бог в клетке,,Мир по Либерману или Бог в клетке,Мир по Либерману или Бог в клетке,1225856,2023,,документальный,Vladimir Nepevny,0.0,Документальный,75.0
Мира,,Мира,Мира,864101,2022,Russia,"фантастика, драма, приключения, семейный",Дмитрий Киселёв,7.47, Художественный,115.0
Мирай из будущего,Mirai no Mirai,Hangyodon no Parallel Daisakusen: Mirai Sekai wa Oosawagi,Hangyodon no Parallel Daisakusen: Mirai Sekai wa Oosawagi,1418221,1992,Japan,мультфильм,,0.0,Анимационный,98.0
Мироздание Георгия Голицына,,,,,,,,,,Документальный,52.0
Миры Майи,,Миры Майи,Миры Майи,1250302,2022,Russia,документальный,Marina Chuvaylova,0.0,Документальный,69.0
Мисс Мымра и волшебное кольцо,Miss Vomit and the magical ring,Мисс Мымра и волшебное кольцо,Juf Braaksel en De Magische Ring,1209090,2023,Netherlands,"семейный, комедия",Aram van de Rest,4.5, Художественный,97.0
Миссия Ассасина,Assasin/Soul Assasin,Миссия ассасина,Assassin,921355,2023,United States of America,"боевик, триллер, фантастика, криминал",Jesse Atlas,5.12, Художественный,88.0
Миссия в Москве,Mo Si Ke xing dong,Миссия в Москве,93国际列车大劫案：莫斯科行动,783121,2023,"China, Russia","криминал, боевик, приключения, триллер",邱禮濤,6.1, Художественный,122.0
Миссия: Чужой,Star Abyss,Миссия: Чужой,星门深渊,1235020,2024,China,"фантастика, приключения, боевик, ужасы",Zhang Xiaobei,5.4, Художественный,106.0
Миссия: взломать экзамен,F Plus,Миссия: Взломать экзамен,F+,1165096,2025,United States of America,"комедия, семейный",Kenny Beaumont,6.611, Художественный,93.0
Мистер Гага,Mr.Gaga,מיסטר גאגא,מיסטר גאגא,361474,2015,"Israel, Sweden",документальный,Томер Хейманн,7.5,"Прочее (Учебный, Спектакль, …)",100.0
Мистер К.,Mr. K,Мистер К.,Mr. K,1242669,2025,"Belgium, Finland, Netherlands, Norway","драма, детектив, фэнтези",Tallulah Hazekamp Schwab,6.286, Художественный,95.0
Мистер Робот,Mr. Robot,Mr. Robot: Behind the Mask,Mr. Robot: Behind the Mask,1624040,,,,Hugo Diaz,0.0,Анимационный,90.0
Мистер Робот (версия с субтитрами),Mr. Robot,Mr. Robot: Behind the Mask,Mr. Robot: Behind the Mask,1624040,,,,Hugo Diaz,0.0,Анимационный,90.0
Мистер и Миссис Икс,Killing Romance,殺手的童話,殺手的童話,191563,1994,Hong Kong,"боевик, криминал, мелодрама, триллер",Veronica Chan,6.7, Художественный,106.0
Мистер нокаут,,Мистер Нокаут,Мистер Нокаут,586386,2022,Russia,драма,Артём Михалков,7.5, Художественный,117.0
"Мифы о Гефесте, боге и стройотряде",,,,,,,,,,Научно-популярный,58.0
Михаил Горшенев. Легенда о Короле и Шуте,,,,,,,,,,Научно-популярный,185.0
Михаэль,Michael,Майкл,Michael,936075,2026,United States of America,"музыка, драма",Антуан Фукуа,7.586, Художественный,90.0
Мишель Гондри: Сделай это сам,"MICHEL GONDRY, DO IT YOURSELF",Мишель Гондри: DIY,Michel Gondry: Do It Yourself,1156333,2023,France,"документальный, история",François Nemeta,7.643,Научно-популярный,80.0
Мишка,,Мишка,Мишка,583829,2019,Russia,,Anastasiya Pavlova,0.0, Художественный,71.0
Мишки обнимашки,Hug Me,Hug me dad,Hug me dad,956666,2021,,драма,Randa Ghattas,0.0,Анимационный,72.0
Мия и я: Легенда Сентопии,Mia and Me: The Hero of Centopia,Мия и я: Легенда Сентопии,Mia and Me: The Hero of Centopia,955644,2022,"Australia, Belgium, Germany, India","мультфильм, фэнтези, приключения, семейный","Adam Gunn, Matthias Temmermans",6.746,Анимационный,81.0
Млечный путь,The Milky way,The Milky Way,The Milky Way,339024,2014,"Sweden, United States of America, Germany","документальный, семейный",Jon Fitzgerald,7.0, Художественный,97.0
Мне не нужен успех,,,,,,,,,, Художественный,84.0
Мне тебя обещали…,,Мне тебя обещали,Мне тебя обещали,1267769,2024,Kazakhstan,драма,Ovanes Ovanesyan,0.0, Художественный,102.0
Многоликий Петербург. История великих юбилеев,,,,,,,,,,Научно-популярный,53.0
Многоэтажка,,Многоэтажка,Многоэтажка,941727,2022,Russia,"драма, триллер",Антон Маслов,6.526, Художественный,100.0
Модель,,Модель,Модель,969778,2022,Russia,"драма, триллер",Olga Land,10.0, Художественный,89.0
"Модернизм, Inc.","Modernism, Inc,.","Модернизм, Inc.","Modernism, Inc.: The Eliot Noyes Design Story",1188377,2024,United States of America,документальный,Jason Cohn,4.0,Научно-популярный,79.0
Моди: Три дня на крыльях безумия,Modi: Three Days on the Wing of Madness,Моди: Три дня на крыльях безумия,"Modi, Three Days on the Wing of Madness",1013406,2024,"Italy, Hungary, Saudi Arabia, United Kingdom, United States of America","драма, история",Джонни Депп,6.222, Художественный,110.0
Мое поле. Мой сугроб,,,,,,,,,,Документальный,66.0
Мое собачье дело,,Моё собачье дело,Мое собачье дело,1388437,2024,Russia,"драма, комедия",Александр Бабаев,3.0, Художественный,77.0
Мозаика Ленинграда,,,,,,,,,,Документальный,75.0
Мозг. Традиция. Мечта,,,,,,,,,,Научно-популярный,64.0
Мои медведи. Гималайцы,,Мои медведи. Гималайцы,Мои медведи. Гималайцы,1535045,2025,Russia,документальный,Ирина Шапман,0.0,Документальный,60.0
Мой Марчелло,Marcello Mio,Марчелло Мио,Marcello Mio,1145608,2024,"France, Italy","комедия, драма",Крістоф Оноре,5.8, Художественный,120.0
Мой Хатико,Hachiko,アニメ ハチ公物語,アニメ ハチ公物語,1540386,1990,Japan,мультфильм,,0.0, Художественный,125.0
Мой брат доктор Мольс,FILM-M STUDIO Lсс.,Мой брат доктор Мольс,Мой брат доктор Мольс,1237153,2023,Russia,документальный,Vadim Tsalikov,0.0,Документальный,52.0
Мой дед ,,Мой дед,Мой дед,1628664,2026,Russia,приключения,Святослав Власов,5.5, Художественный,108.0
Мой дед - цыган Шапиро,,Мой дед - цыган Шапиро,Мой дед - цыган Шапиро,1038433,2022,,документальный,Игорь Холодков,0.0,Документальный,58.0
Мой дикий друг,,Мой дикий друг,Мой дикий друг,1214082,2024,Russia,"семейный, приключения",Анна Курбатова,0.0, Художественный,99.0
Мой друг,,Мой друг Иван Лапшин,Мой друг Иван Лапшин,83491,1985,Soviet Union,драма,Алексей Герман ст.,6.754, Художественный,95.0
Мой друг Сега (версия 18+),,,,,,,,,,Документальный,93.0
Мой друг Сега (режиссерская версия),,,,,,,,,,Документальный,93.0
Мой друг нерпа,,Мой друг нерпа,Мой друг нерпа,1271361,2025,Russia,драма,Вячеслав Бутуханов,0.0, Художественный,65.0
Мой друг панда,"Annyeong, halbuji",Мой друг панда,"안녕, 할부지",1314450,2024,South Korea,"документальный, мультфильм","Thomas Ko, 심형준",7.3, Художественный,94.0
"Мой друг, кот и Пушкин",,"Мой друг, кот и Пушкин","Мой друг, кот и Пушкин",1412173,2025,Russia,"комедия, семейный",Алёна Михайлова,0.0, Художественный,100.0
"Мой друг, кот и Пушкин",,"Мой друг, кот и Пушкин","Мой друг, кот и Пушкин",1412173,2025,Russia,"комедия, семейный",Алёна Михайлова,0.0, Художественный,79.0
Мой закадычный враг,,,,,,,,,,Документальный,65.0
Мой котик и я,A cat's life,A Cat's Life,A Cat's Life,227776,1920,United States of America,"комедия, мультфильм",Paul Terry,5.3, Художественный,83.0
Мой кузен,My Cousin,Мой кузен Винни,My Cousin Vinny,10377,1992,United States of America,"комедия, драма",Jonathan Lynn,7.5, Художественный,67.0
Мой легионер,Mon legionnaire/Our Men,Мой легионер,Mon légionnaire,660719,2021,"Belgium, France, United Kingdom",драма,Rachel Lang,5.0, Художественный,107.0
Мой ленивец-убийца,Slotherhouse,Мой ленивец-убийца,Slotherhouse,1040892,2023,"United States of America, Serbia","ужасы, комедия, триллер",Matthew Goodhue,4.623, Художественный,93.0
Мой любимый двортерьер,Runt,Runt,Runt,724574,2020,United States of America,драма,William Coakley,7.529, Художественный,92.0
Мой любимый призрак,Hui Buh And The Witch`s Castle,Мой любимый призрак,Hui Buh und das Hexenschloss,754158,2022,Germany,"семейный, фэнтези, приключения, комедия, мультфильм",Sebastian Niemann,5.581, Художественный,88.0
Мой любимый чемпион,,Мой любимый чемпион,Мой любимый чемпион,1250117,2024,Russia,"драма, семейный, приключения",Alexander Danilov,4.8, Художественный,98.0
Мой монстр,Underground monster,Мой монстр,地底怪物,943344,2023,China,"фэнтези, приключения",黄河,5.6, Художественный,92.0
Мой папа - вождь!,,Мой папа – вождь,Мой папа – вождь,591668,2022,Russia,"приключения, семейный, комедия",Егор Кончаловский,5.7, Художественный,94.0
Мой папа - медведь,,Мой папа — медведь,Мой папа — медведь,1448439,2025,Russia,"комедия, семейный, фэнтези",Максим Максимов,0.0, Художественный,91.0
Мой парень - Айдол! ,,Мой парень - Айдол!,Мой парень - Айдол!,1420371,2025,Russia,"мелодрама, комедия",Ayal Strukin,9.3, Художественный,94.0
Мой парень - маньяк,"Nyu nomeol, New Normal",,,,,,,,, Художественный,113.0
Мой парень - принц,Perdida,Потерянная,Perdida,513223,2018,"Argentina, Spain","драма, детектив, криминал",Alejandro Montiel,6.1, Художественный,115.0
"Мой парень, манекен",,"Мой парень, манекен","Мой парень, манекен",1484451,2025,Russia,драма,Дмитрий Николенко,0.0, Художественный,78.0
Мой пингвин,The Penguin and The Fisherman,Мой пингвин,My Penguin Friend,1159799,2024,"Brazil, United States of America","семейный, приключения, драма",Дэвид Шурманн,7.358, Художественный,97.0
Мой пёс Руни,My lovely Puppy,Мой пёс Руни,멍뭉이,610249,2023,South Korea,"мелодрама, комедия, драма, семейный",김주환,6.7, Художественный,112.0
Мой сосед - монстр,Your Monster,Мой сосед — монстр,Your Monster,1098378,2024,"United Kingdom, United States of America","мелодрама, комедия, ужасы",Caroline Lindy,6.5, Художественный,103.0
Мой сосед Тоторо,Tonari no Totoro,Мой сосед Тоторо,となりのトトロ,8392,1988,Japan,"фэнтези, мультфильм, семейный",Хаяо Миядзаки,8.061,Анимационный,86.0
Мой сосед пришелец,Ayalaan,Инопланетянин,அயலான்,755388,2024,India,"фантастика, боевик, приключения",R. Ravi Kumar,5.8, Художественный,155.0
Мой сын,,Мой сын,Мой сын,1545972,2025,Russia,драма,Вячеслав Клевцов,3.5, Художественный,85.0
Мой тигр,The Tider`s Nest,Мой друг Тигр,Мой друг Тигр,863991,2021,Russia,мультфильм,Татьяна Киселева,0.0, Художественный,94.0
Мокрячок Попай,Popeye the Slayer Man,Мокрячок Попай,Popeye the Slayer Man,1388366,2025,United States of America,ужасы,Роберт Майкл Райан,5.6, Художественный,88.0
Молли и ботан,The Re-Education Of Molly Singer,Молли и ботан,The Re-Education of Molly Singer,856156,2023,United States of America,"комедия, драма",Andy Palmer,5.635, Художественный,119.0
Молодая гвардия,,Молодая гвардия,Молодая гвардия,106248,1948,Soviet Union,"драма, военный",Сергей Герасимов,5.5, Художественный,160.0
Молоди,,Молоди,Молоди,819150,2021,Russia,драма,Александр Селиверстов,5.0, Художественный,80.0
Молодой Папа,Padre Pio,Padre Pio,Padre Pio,1473916,2000,,драма,Carlo Carlei,7.0, Художественный,102.0
Молодой человек,,Молодой человек,Молодой человек,650253,2022,Russia,комедия,Александр Фомин,6.8, Художественный,110.0
Молох,Moloch,Молох,Moloch,959558,2022,Netherlands,"ужасы, детектив, триллер",Nico van den Brink,6.008, Художественный,98.0
Молочная девочка,Молочная девочка,Молочная девочка,Молочная девочка,1088130,2021,Kazakhstan,драма,Mady Balzhanov,7.7, Художественный,89.0
Молчаливый друг,Stille Freundin,Молчаливый друг,Silent Friend,1168719,2026,"France, Germany, Hungary, China, Belgium",драма,Enyedi Ildikó,7.172, Художественный,147.0
Молчаливый друг (субтитры),Stille Freundin,Молчаливый друг,Silent Friend,1168719,2026,"France, Germany, Hungary, China, Belgium",драма,Enyedi Ildikó,7.172, Художественный,147.0
Молчание,,Молчание,Silence,68730,2016,"Mexico, Taiwan, United States of America","драма, история",Мартин Скорсезе,7.115, Художественный,81.0
Молчание,Tystnaden/The Silence,Moreno & tystnaden,Moreno & tystnaden,100521,2006,"Sweden, Norway, Germany, Finland, Denmark","криминал, драма, детектив, триллер",Эрик Лейжонборг,6.0, Художественный,95.0
Молчание ангелов,Englemageren,Молчание ангелов,Englemageren,1115377,2023,Denmark,"детектив, триллер, криминал, ужасы","Julie R. Ølgaard, Esben Tønnesen",5.5, Художественный,98.0
Молчание доктора Ивенса,,Молчание доктора Ивенса,Молчание доктора Ивенса,181924,1974,Soviet Union,"фантастика, драма",Будимир Метальников,5.1, Художественный,81.0
"Молъни: к океану, к берегу","Malni: Towards the Ocean, Towards the Shore","Молъни — к океану, к берегу","maɬni—towards the ocean, towards the shore",655520,2020,United States of America,документальный,Sky Hopinka,5.0,"Прочее (Учебный, Спектакль, …)",82.0
Момент истины,,Момент истины,Last Moment of Clarity,567608,2020,United States of America,"драма, детектив, триллер","James Krisel, Colin Krisel",5.178, Художественный,164.0
Момо,Momo,Момо,Momo,1175842,2025,"Germany, Croatia","семейный, фэнтези, приключения, драма",Кристиан Диттер,7.2, Художественный,92.0
Мон. Анлатма (Мон. Объяснение),,,,,,,,,,Научно-популярный,55.0
Монахиня из Борли. Возвращение,Borley Rectory: The Awakening,Монахиня из Борли. Возвращение,Borley Rectory: The Awakening,1464773,2026,United Kingdom,"ужасы, драма",Steven M. Smith,0.0, Художественный,88.0
Монк в деталях ,Monk in pieces ,Монк в деталях,Monk in Pieces,1418515,2025,"United States of America, Germany, France","документальный, музыка","Billy Shebar, David C. Roberts",8.0,Научно-популярный,95.0
Монстр и маги синих морей,Goodbye Monster,"Goodbye, Monster","Goodbye, Monster",1641832,,United States of America,ужасы,Люк Барнетт,0.0,Анимационный,99.0
Монтессори: воспитание любовью,Maria Montessori,Maria Montessori: The Visionary Educator,Maria Montessori: The Visionary Educator,836135,2020,,,,0.0, Художественный,100.0
Мора,,Мора,Мора,1494600,2025,Russia,"ужасы, триллер",Daniil Tigulev,0.0, Художественный,81.0
Морбиус,Morbius,Морбиус,Morbius,526896,2022,United States of America,"боевик, фантастика, фэнтези",Даниэль Эспиноса,5.91, Художественный,110.0
Море в огне,,Море в огне,Море в огне,534463,1972,Soviet Union,военный,Lev Saakov,7.0, Художественный,145.0
Море на двоих,,Море на двоих,Море на двоих,1328123,2024,Russia,"драма, комедия, мелодрама",Владимир Рудак,0.0, Художественный,83.0
Море на двоих. Режиссёрская версия,,,,,,,,,, Художественный,94.0
Море страха,Into the Deep,Инстинкт выживания,Into the Deep,1388808,2025,United States of America,"ужасы, боевик, триллер",Кристиан Сесма,5.865, Художественный,90.0
Морис Бежар. Дыхание танца,"Maurice Bejart, the Soul of Dance",,,,,,,,,Научно-популярный,53.0
Морские монстрики ,SEA MONSTERS,Перси Джексон и Море чудовищ,Percy Jackson: Sea of Monsters,76285,2013,United States of America,"приключения, семейный, фэнтези",Thor Freudenthal,6.028,Анимационный,106.0
"Москва, любовь моя",,"Москва, любовь моя","Москва, любовь моя",270246,1974,"Japan, Soviet Union","драма, мелодрама","Александр Митта, 吉田憲二",5.2, Художественный,95.0
Мост с русским характером,,,,,,,,,,Документальный,88.0
Мосфильм,,Один день «Мосфильма»,Один день «Мосфильма»,1211477,1985,Soviet Union,документальный,"Олег Мещанинов, Олег Гречихо",0.0,Научно-популярный,59.0
Мосфильма,,Один день «Мосфильма»,Один день «Мосфильма»,1211477,1985,Soviet Union,документальный,"Олег Мещанинов, Олег Гречихо",0.0,Документальный,79.0
Мотокросс через всю жизнь,,,,,,,,,,Научно-популярный,122.0
Мотыль. Свет. Пламя. Пыль.,,Мотыль. Свет. Пламя. Пыль,Мотыль. Свет. Пламя. Пыль,1364805,2023,Russia,драма,Владимир Аршинин,0.0, Художественный,52.0
Мох,,Мох,Мох,1294022,2024,Russia,драма,Никита Миклушов,0.0, Художественный,52.0
Моя вторая половинка ,She's the One,Только она единственная,She's the One,11363,1996,United States of America,"мелодрама, комедия",Эдвард Бёрнс,5.48, Художественный,103.0
Моя девочка,,Девочка моя,Девочка моя,70155,2008,,"мелодрама, драма",Yevgeni Lungin,0.0, Художественный,75.0
Моя лошадь,A Sunday Horse,Воскресная лошадь,A Sunday Horse,382951,2016,United States of America,"драма, семейный",Vic Armstrong,6.345, Художественный,101.0
Моя мама - волшебница,"Ma mere, Dieu et Sylvie Vartan",Моя мама — волшебница,"Ma mère, Dieu et Sylvie Vartan",1107215,2025,"France, Canada, United States of America","драма, комедия",Ken Scott,6.973, Художественный,103.0
Моя мама - волшебница (субтитровая версия),"Ma mere, Dieu et Sylvie Vartan",Моя мама — волшебница,"Ma mère, Dieu et Sylvie Vartan",1107215,2025,"France, Canada, United States of America","драма, комедия",Ken Scott,6.973, Художественный,103.0
Моя пиратская свадьба,Shotgun Wedding,Моя пиратская свадьба,Shotgun Wedding,758009,2022,United States of America,"боевик, комедия, мелодрама",Jason Moore,6.2, Художественный,102.0
Моя семья,Treasure,Сокровище нации,National Treasure,2059,2004,United States of America,"приключения, боевик, триллер, детектив",Jon Turteltaub,6.649, Художественный,111.0
Моя собака-Космонавт,,Моя собака – космонавт,Моя собака – космонавт,1446942,2026,Russia,"комедия, приключения, семейный",Михаил Морсков,0.0, Художественный,103.0
Моя ужасная сестра,,Моя ужасная сестра,Моя ужасная сестра,762963,2022,Russia,семейный,Александр Галибин,2.0, Художественный,77.0
Моя ужасная сестра-2,,Моя ужасная сестра 2,Моя ужасная сестра 2,1198760,2023,Russia,"комедия, семейный",Александр Галибин,0.0, Художественный,84.0
Моя фея - проказница,My fairy troublemaker,Моя фея-проказница,Meine Chaosfee & Ich,681303,2022,"Germany, Luxembourg","мультфильм, приключения, комедия, семейный, фэнтези",Caroline Origer,7.125,Анимационный,79.0
Моя чудная семейка,My Freaky Family,Моя чудная семейка,My Freaky Family,974397,2024,"Australia, Germany, Ireland","мультфильм, семейный, фэнтези",Mark Gravas,7.0,Анимационный,82.0
Моё итальянское лето,Gli anni belli,Мое итальянское лето,Gli anni belli,889021,2022,"Italy, Portugal, Serbia",комедия,Lorenzo d'Amico de Carvalho,5.6, Художественный,103.0
Моё любимое привидение,,Моё любимое привидение,Мое любимое привидение,1359393,2024,Russia,драма,Анарио Мамедов,6.5, Художественный,92.0
Моё прекрасное несчастье,Beautiful Disaster,Моё прекрасное несчастье,Beautiful Disaster,1016121,2023,United States of America,"мелодрама, драма, комедия",Roger Kumble,6.64, Художественный,95.0
Моё преступление,Mon crime,Моё преступление,Mon crime,977506,2023,"France, Belgium","криминал, комедия, детектив, драма",Франсуа Озон,6.479, Художественный,103.0
Мститель,,Мститель,Protector,1383731,2026,United States of America,"боевик, триллер",Adrian Grünberg,6.4, Художественный,93.0
Мститель: игра на выживание,"I, the Executioner",The G.I. Executioner,The G.I. Executioner,140684,1971,"United States of America, Philippines","приключения, боевик",Joel M. Reed,4.5, Художественный,118.0
Мужик-медведь,Ungnami: Bear man ,Мужик-медведь,웅남이,995063,2023,South Korea,"комедия, боевик, фэнтези",박성광,6.0, Художественный,97.0
Мужские правила моего деда,,Мужские правила моего деда,Мужские правила моего деда,1529382,2025,Russia,"комедия, семейный",Павел Воронин,0.0, Художественный,85.0
Мужское слово,,Мужское слово,Мужское слово,1265304,2024,Russia,"драма, триллер, криминал",Сарик Андреасян,7.4, Художественный,93.0
Мужское-женское,Masculin féminin,Мужское-женское,Masculin féminin,4710,1966,"France, Sweden","драма, мелодрама",Жан-Люк Годар,7.208, Художественный,104.0
Мужу привет,,Мужу привет,Мужу привет,1458043,2025,Russia,"комедия, драма",Антон Маслов,6.3, Художественный,103.0
Мужчина и Женщина,,Мужчина и женщина,Мужчина и женщина,1271724,2025,Russia,драма,Владимир Котт,0.0, Художественный,115.0
Мужчина и Женщина (16+),,,,,,,,,, Художественный,113.0
Мужчина к Новому Году,,Мужчина к Новому году,Мужчина к Новому году,1232027,2023,Russia,драма,Андрей Носков,0.0, Художественный,90.0
Муза моей мечты,,Муза моей мечты,Муза моей мечты,1380073,2024,Russia,"драма, мелодрама",Андрей Носков,0.0, Художественный,76.0
Музей,,Музей,Музей,1383599,2023,,документальный,Anna Grave,0.0,Документальный,85.0
Музыкальная слава России,,,,,,,,,,Документальный,113.0
Мулан: Рождение легенды,Hua Mulan,Hua Mulan,Hua Mulan,738585,1997,Italy,"мультфильм, приключения, драма",Orlando Corradi,7.5, Художественный,77.0
Мультивселенная,Multiverse,Доктор Стрэндж: В мультивселенной безумия,Doctor Strange in the Multiverse of Madness,453395,2022,United States of America,"фэнтези, боевик, приключения",Сэм Рэйми,7.229, Художественный,86.0
Мумия. Возрождение зла,The Morrigan,Мумия. Возрождение зла,The Morrigan,1189885,2026,"United Kingdom, Northern Ireland",ужасы,Colum Eastwood,4.0, Художественный,96.0
Мунк в аду,Munch i helvete / Munch in Hell,Munch i helvete,Munch i helvete,931624,2018,Norway,документальный,Stig Andersen,0.0,Научно-популярный,75.0
Мурильо: Путь художника,Murillo. El último viaje,"Murillo, el último viaje","Murillo, el último viaje",482522,2018,,документальный,José Manuel Gómez Vidal,10.0,Научно-популярный,70.0
Мусульманин,,Мусульманин,Мусульманин,124624,1995,Russia,драма,Владимир Хотиненко,5.944, Художественный,110.0
Мухадракон,,Мухадракон,Мухадракон,1294024,2024,Russia,драма,Татьяна Колганова,0.0, Художественный,114.0
Мы - Спартак!,,Мы – Спартак,Мы – Спартак,962043,2022,Russia,документальный,Yury Chichkov,0.0,Документальный,52.0
Мы - дети 41-го года,,Без – 41нче ел балалары (Мы — дети 41-го года),We are the children of 1941,1625008,2021,,,Амир Галиаскаров,0.0, Художественный,77.0
Мы купили птицеферму,,Мы купили птицеферму,Coco Ferme,1080951,2023,Canada,"комедия, семейный",Sébastien Gagné,5.8, Художественный,81.0
Мы победим!,Iseung,Мы победим,1승,714650,2024,South Korea,"драма, комедия",신연식,7.0, Художественный,107.0
Мы рожаем,,Мы рожаем,Мы рожаем,1407267,2025,Russia,комедия,Дмитрий Суворов,0.0, Художественный,114.0
Мы строим будущее,,,,,,,,,,Документальный,52.0
Мыслить как убийца,Seuteuriming,Мыслить как убийца,스트리밍,764842,2025,South Korea,"триллер, детектив, криминал",Cho Jang-ho,5.0, Художественный,91.0
Мэгги Мур(ы),MaggieMoore(s),Мэгги Мур(ы),Maggie Moore(s),800089,2023,United States of America,"детектив, комедия",Джон Слэттери,5.8, Художественный,99.0
Мэр поневоле,,Мэр поневоле,Мэр поневоле,1482039,2025,Russia,комедия,Радда Новикова,0.0, Художественный,85.0
Мэри Сью против всех,Killing Mary Sue,Мэри Сью против всех,Killing Mary Sue,1362849,2025,United States of America,"боевик, комедия, триллер",James Sunshine,5.861, Художественный,97.0
Мэхээлэчээн булчут/Мои таёжные каникулы,,Мои таёжные каникулы,Мэхээлэчээн Булчут,1627982,2026,Russia,драма,Александр Лукин,0.0, Художественный,90.0
Мясной фарш,Operation Mincemeat,Операция «Мясной фарш»,Operation Mincemeat,661231,2022,"United Kingdom, United States of America","военный, история, драма",John Madden,6.5, Художественный,127.0
Мясо убивает,Meat kills,Мясной день,Vleesdag,1459725,2025,Netherlands,ужасы,Martijn Smits,6.0, Художественный,84.0
Мятный пряник,,Мятный пряник,Мятный пряник,938589,2022,Russia,драма,Андрей Карасов,0.0, Художественный,97.0
Мёртвые души,,Мёртвые души,Мёртвые души,893103,2008,Russia,"боевик, криминал",Валерий Спирин,0.0,"Прочее (Учебный, Спектакль, …)",149.0
Мёртвые не причиняют боли,The Dead Don't Hurt,Мёртвые не причиняют боли,The Dead Don't Hurt,1032425,2024,"Canada, Denmark, Mexico, United Kingdom, United States of America","вестерн, драма",Вигго Мортенсен,6.517, Художественный,129.0
НА ГЛУБИНЕ СТРАХА (локальная версия),DEEP FEAR,На глубине страха,Deep Fear,899445,2023,United Kingdom,"ужасы, триллер, боевик, детектив",Marcus Adams,5.269, Художественный,85.0
НА ГЛУБИНЕ СТРАХА (расширенная версия),DEEP FEAR,На глубине страха,Deep Fear,899445,2023,United Kingdom,"ужасы, триллер, боевик, детектив",Marcus Adams,5.269, Художественный,84.0
НА ГРАНИЦЕ МИРОВ,,На границе миров,Gräns,517839,2018,"Denmark, Sweden","фэнтези, драма, криминал",Али Аббаси,6.691,Документальный,67.0
НА СТРАЖЕ ПЛЯЖА,,,,,,,,,, Художественный,362.0
НА ЦЕПИ,GOOD BOY,На цепи,Good Boy,1381027,2026,"United Kingdom, Poland","триллер, драма, детектив",Ян Комаса,7.346, Художественный,109.0
НА ЦЕПИ (субтитры),GOOD BOY,На цепи,Good Boy,1381027,2026,"United Kingdom, Poland","триллер, драма, детектив",Ян Комаса,7.346, Художественный,109.0
НА ЭТОЙ ЗЕМЛЕ,,На этой земле,На этой земле,1327684,2025,Russia,"драма, история",Рената Джало,0.0, Художественный,99.0
НАДО БЫЛО ЕХАТЬ В ГРЕЦИЮ,WE SHOULD HAVE GONE TO GREECE,Надо было ехать в Грецию,On aurait dû aller en Grèce,1293086,2024,France,комедия,Nicolas Benamou,4.952, Художественный,82.0
НАРОДНЫЙ ГЕРОЙ,,Народный герой,ஜன நாயகன்,1235877,,India,"боевик, драма, фантастика",H. Vinoth,0.0,Документальный,78.0
НАСЛЕДНИК,HOW TO MAKE A KILLING,Наследник,How to Make a Killing,467905,2026,"United Kingdom, France, South Africa","комедия, триллер",Джон Паттон Форд,7.1, Художественный,105.0
НАСЛЕДНИК (субтитры) ,HOW TO MAKE A KILLING,Наследник,How to Make a Killing,467905,2026,"United Kingdom, France, South Africa","комедия, триллер",Джон Паттон Форд,7.1, Художественный,105.0
НАСЛЕДНИКИ: ИГРА НА ВЫЖИВАНИЕ,La Fortaleza,Крепость,La Fortaleza,995081,2023,Spain,комедия,Chiqui Carabante,5.2, Художественный,92.0
НАСЛЕДНИЦЫ,,Наследницы,Наследницы,1419401,2001,Russia,"мелодрама, драма","Эльёр Ишмухамедов, Ирада Польских",0.0, Художественный,98.0
НАСТОЯЩИЕ ДЕТЕКТИВЫ,NEIGHBORHOOD WATCH,Настоящие детективы,Neighborhood Watch,1208983,2025,United States of America,"триллер, криминал",Duncan Skiles,6.38, Художественный,93.0
НАУЧНАЯ ФАНТАЗИЯ,,,,,,,,,,Документальный,75.0
НЕ ГОВОРИ НИКОМУ,SPEAK NO EVIL,Не говори никому,Speak No Evil,1114513,2024,United States of America,"ужасы, триллер",Джеймс Уоткинс,7.117, Художественный,97.0
НЕ ДОЖДЕТЕСЬ!,,,,,,,,,, Художественный,184.0
НЕ ОСТАВЛЯЙТЕ ДЕТЕЙ ОДНИХ!,No dejes a los niños solos,No dejes a los niños solos,No dejes a los niños solos,1339274,2026,Mexico,"ужасы, драма, триллер",Emilio Portes,8.5, Художественный,97.0
НЕ ХОРОНИТЕ МЕНЯ БЕЗ ИВАНА,,Кэрэни Көрбyт,Кэрэни Көрбyт,930095,2023,Russia,драма,Любовь Борисова,8.0, Художественный,124.0
НЕВИДИМОЗАВР,The Invisible Raptor,Невидимозавр,The Invisible Raptor,1181212,2024,United States of America,"комедия, триллер, детектив",Mike Hermosa,6.063, Художественный,114.0
НЕГОГЕН,,,,,,,,,, Художественный,60.0
НЕДЕЕСПОСОБНЫЕ,,Недееспособные,Недееспособные,821121,2020,,документальный,"Максим Якубсон, Georgy Porotov",0.0,Документальный,73.0
НЕИЗВЕСТНЫЙ ХУДОЖНИК. ХХ век,,,,,,,,,,Документальный,52.0
НЕМАЯ КУКУШКА,,Немая кукушка,Немая кукушка,1455407,2024,Russia,"военный, драма",Рауф Кубаев,0.0, Художественный,98.0
НЕМАЯ ЯРОСТЬ,SILENT NIGHT,"Тихая ночь, смертельная ночь","Silent Night, Deadly Night",801937,2025,"United States of America, Canada, France","ужасы, триллер",Майк П. Нельсон,6.306, Художественный,104.0
НЕРВНЫЙ СРЫВ,Blackwater Lane,Нервный срыв,Blackwater Lane,1215918,2024,United States of America,"триллер, драма, детектив, ужасы, криминал",Джефф Челентано,6.0, Художественный,108.0
НЕУВОЛЬНЯЕМЫЙ,Irreductible,Неувольняемый,Irréductible,745608,2022,France,комедия,Jérôme Commandeur,5.998, Художественный,84.0
НЕЧИСТЬ,BAGHEAD,Нечисть,Baghead,845783,2023,"Germany, United Kingdom, United States of America",ужасы,Alberto Corredor,6.463, Художественный,95.0
НИША,,Ниша,Ниша,1036824,2023,Russia,"драма, детектив",Anton Ermolin,0.0, Художественный,97.0
НЛО,UFO Sweden,Миссия «НЛО»,UFO Sweden,916401,2022,Sweden,"фантастика, приключения",Victor Danell,6.12, Художественный,115.0
НОВОГОДНЕЕ ЧУДО,,Новогоднее чудо,Новогоднее чудо,1404498,2024,Russia,"комедия, семейный",Оксана Сташенко,0.0, Художественный,73.0
НОВЫЙ ГОД В БЕРЕЗОВКЕ,,Новый год в Берёзовке,Новый год в Берёзовке,1271256,2024,Russia,"комедия, семейный",Olga Land,0.0, Художественный,94.0
НОРМАЛЬНАЯ СЕМЬЯ,Normal Family,Нормальная семья,보통의 가족,973628,2024,South Korea,"драма, триллер",허진호,6.947, Художественный,109.0
НОЧЬ С ПСИХОПАТОМ,BORDERLINE,Ночь с психопатом,Borderline,1013482,2025,"Canada, United States of America","комедия, ужасы, триллер",Jimmy Warden,5.7, Художественный,94.0
На Адаманте,On the Adamant,На Адаманте,Sur l'Adamant,1070449,2023,"France, Japan",документальный,Nicolas Philibert,7.1,Документальный,109.0
На Рубле без рубля,,На Рубле без рубля,На Рубле без рубля,1186056,2023,Russia,комедия,Айсурат Шаманова,0.0, Художественный,111.0
На всех парах!,¡A todo tren! Destino Asturias,На всех парах!,A todo tren: destino Asturias,800823,2021,Spain,"комедия, семейный",Сантьяго Сегура,5.6, Художественный,88.0
На всю катушку,Zivot k sezrání,На всю катушку,Život k sežrání,947512,2024,"Czech Republic, France, Slovakia","мультфильм, семейный, комедия",Kristina Dufková,6.733,Анимационный,79.0
На выброс,,На выброс,На выброс,1253708,2025,"Russia, Canada",мультфильм,Константин Бронзит,0.0,Анимационный,84.0
На выдохе,,На выдохе,На выдохе,875521,2022,Russia,драма,Ринат Махмудов,0.0, Художественный,102.0
На высоте страха,The Occupant,На высоте страха,The Occupant,1280444,2025,"Georgia, Netherlands, United Kingdom, United States of America","фантастика, драма, триллер",Hugo Keijzer,5.72, Художественный,104.0
На границе,,На границе,На границе,529199,1938,Soviet Union,"драма, военный",Александр Иванов,7.5,Научно-популярный,75.0
На гребне волны,Point Break,На гребне волны,Point Break,1089,1991,United States of America,"боевик, триллер, криминал",Кэтрин Бигелоу,7.158, Художественный,122.0
На гребне волны. Возвращение,Sons of summer,На гребне волны. Возвращение,Sons of Summer,1152238,2023,,"боевик, триллер, криминал",Clive Fleury,6.3, Художественный,87.0
На деревню дедушке,,На деревню дедушке,На деревню дедушке,1448824,2025,Russia,"комедия, семейный",Владислав Богуш,7.2, Художественный,90.0
На другом берегу,,На другом берегу,На другом берегу,1310078,2023,Belarus,"история, драма",Андрей Хрулёв,0.0, Художественный,115.0
На краю,The Ledge,На краю,The Ledge,924482,2022,"Serbia, United Arab Emirates, United Kingdom","триллер, приключения",Говард Дж. Форд,6.542, Художественный,86.0
На краю Земли,The Convert,На краю Земли,The Convert,1066262,2024,"Australia, New Zealand, United Kingdom","драма, боевик",Ли Тамахори,6.116, Художественный,119.0
На краю света: Камчатка,Corners of the earth - Kamchatka,На краю света. Камчатка,Corners of the Earth: Kamchatka,1082354,2023,Australia,документальный,"Guy Williment, Spencer Frost",9.0,Научно-популярный,84.0
На мели,En rade,En rade,En rade,283452,1927,France,драма,Alberto Cavalcanti,6.6, Художественный,84.0
На обочине жизни,Tow,На обочине жизни,Tow,1244517,2026,United States of America,драма,Стефани Лэйн,6.923, Художественный,105.0
На ощупь,,На ощупь,На ощупь,59092,2010,Russia,"драма, комедия, приключения",Юрий Грымов,3.2, Художественный,87.0
На перепутье (Юллар чатында),,,,,,,,,, Художественный,61.0
На пороге смерти,The Elderly,The Elderly Man,The Elderly Man,1258253,2019,,драма,Trevor Rothman,0.0, Художественный,95.0
На посошок,The Last One for the Road,На посошок,Le città di pianura,1462322,2025,"Italy, Germany",комедия,Francesco Sossai,7.59, Художественный,100.0
На пути к Мосту Дружбы,,На пути к мосту дружбы,На пути к мосту дружбы,1250305,2022,Russia,документальный,Maxim Shamrikov,0.0,Документальный,62.0
На расстоянии,,На близком расстоянии,На близком расстоянии,862202,2021,"Lithuania, Russia",драма,Григорий Добрыгин,1.0,Документальный,60.0
На расстоянии удара,,На расстоянии удара,Striking Distance,11074,1993,United States of America,"криминал, боевик, детектив, триллер",Rowdy Herrington,5.901, Художественный,105.0
На семи ветрах,,На семи ветрах,На семи ветрах,94696,1962,Soviet Union,"драма, военный, мелодрама",Станислав Ростоцкий,5.273, Художественный,106.0
"На солнце, вдоль рядов кукурузы",,"На солнце, вдоль рядов кукурузы","На солнце, вдоль рядов кукурузы",1049998,2023,Russia,"триллер, приключения, драма",Сарик Андреасян,5.7, Художественный,90.0
На стыке жанров,,На стыке жанров,На стыке жанров,1327963,2024,Russia,документальный,Yuliya Mironova,0.0,Документальный,65.0
На тебе сошелся клином белый свет,,На тебе сошелся клином белый свет,На тебе сошелся клином белый свет,635434,2022,Russia,драма,Игорь Поплаухин,4.0, Художественный,94.0
На тлеющих углях,From embers,На тлеющих углях,From Embers,1223177,2024,United States of America,"драма, триллер",Kate Bohan,3.6, Художественный,95.0
На ярком солнце,Plein Soleil,На ярком солнце,Plein soleil,10363,1960,"France, Italy","криминал, драма, триллер",René Clément,7.563, Художественный,119.0
Навар,,Навар,Навар,1446602,2025,Russia,"драма, криминал",Артур Григорьев,0.0, Художественный,85.0
Наводнение,The Flood,Наводнение,The Flood,1006462,2023,"Thailand, United States of America","боевик, детектив, триллер, ужасы",Brandon Slagle,6.1, Художественный,91.0
Наводнение,,Наводнение,The Flood,1006462,2023,"Thailand, United States of America","боевик, детектив, триллер, ужасы",Brandon Slagle,6.1, Художественный,97.0
Навсикая из долины ветров,Kaze no tani no Naushika,Навсикая из Долины Ветров,風の谷のナウシカ,81,1984,Japan,"приключения, мультфильм, фэнтези",Хаяо Миядзаки,8.0,Анимационный,117.0
Над вечным покоем,,Над вечным покоем,Над вечным покоем,1550938,2025,Russia,драма,Светлана Проскурина,0.0, Художественный,104.0
Над уровнем моря,,Над уровнем моря,Над уровнем моря,1124324,2022,Russia,документальный,Denis Shabanov,3.0,Документальный,81.0
Надо снимать фильмы о любви,,Надо снимать фильмы о любви,Надо снимать фильмы о любви,1259200,2025,"India, Russia",драма,Роман Михайлов,4.3, Художественный,73.0
Наемник,The Contractor,Наёмник,The Contractor,628900,2022,"United Kingdom, United States of America","боевик, триллер",Тарик Салех,6.365, Художественный,103.0
Назад к динозаврам,Timescape,Назад к динозаврам,Timescape,948163,2022,"Canada, United States of America","фантастика, приключения, семейный, фэнтези",Aristomenis Tsirbas,7.3, Художественный,80.0
Найти и обезвредить,,Найти и обезвредить,Найти и обезвредить,182487,1982,Soviet Union,"боевик, приключения",Георгий Кузнецов,4.167, Художественный,87.0
Накануне,,Накануне,Накануне,818419,2022,Russia,драма,Алиса Ерохина,1.0, Художественный,90.0
Налог на спасение,,,,,,,,,,Документальный,63.0
Нам Джун Пайк: Луна — первый телевизор,Nam June Paik: Moon Is the Oldest TV,Нам Джун Пайк: Луна — первый телевизор,Nam June Paik: Moon Is the Oldest TV,916738,2023,"South Korea, United States of America",документальный,Amanda Kim,6.778,Научно-популярный,109.0
Нам здесь тесно,,Нам здесь тесно,Нам здесь тесно,1489006,2025,Russia,документальный,"Антон Петров, Артем Игнатьев",0.0,Научно-популярный,67.0
Нандор Фодор и говорящий мангуст,Nandor Fodor and the Talking Mongoose,Нандор Фодор и говорящий мангуст,Nandor Fodor and the Talking Mongoose,979287,2023,"United Kingdom, United States of America","детектив, комедия",Adam Sigal,5.441, Художественный,98.0
Нанкинский фотограф,Nanjing Zhao Xiang Guan,Нанкинский фотограф,南京照相馆,1500536,2025,China,"драма, военный, история",Shen Ao,8.037, Художественный,137.0
Наперекор,,Наперекор,Наперекор,1523484,2025,Russia,документальный,Мария Васенина,0.0,Документальный,58.0
Наполеон,Operation Napoleon,Operation Napoleon: Tears of the Wolf,Operation Napoleon: Tears of the Wolf,1563558,,"Iceland, Finland, Germany","драма, триллер",Jyri Kähönen,0.0, Художественный,117.0
Народный,,Народный герой,ஜன நாயகன்,1235877,,India,"боевик, драма, фантастика",H. Vinoth,0.0,Документальный,71.0
Нарты. Театр вопреки (Нарты. На коне по жизни),,,,,,,,,,Документальный,60.0
Наследие,,Потрошитель. Наследие,Bloodline Killer,1058710,2024,United States of America,"ужасы, триллер",Ante Novakovic,6.19, Художественный,67.0
Наследник,Le successeur,Наследник,Le Successeur,1072269,2023,"Belgium, Canada, France","драма, триллер",Xavier Legrand,6.5, Художественный,112.0
Наследник,The Childe,The Childeater,The Childeater,244710,1989,,драма,Jonathan Tammuz,7.667, Художественный,118.0
Наследники Ван Хельсинга. Проклятие Дракулы,Abraham's Boys,Abraham's Boys,Abraham's Boys,842938,2009,United States of America,ужасы,Dorothy Street,0.0, Художественный,90.0
Наследники Победы,,Наследники Победы,Наследники Победы,1482268,2025,Russia,"военный, драма",Дарья Беднарская,0.0, Художественный,62.0
Наследный принц Республики,,Наследный принц республики,Наследный принц республики,170148,1934,Soviet Union,комедия,Эдуард Иогансон,5.75, Художественный,66.0
Наставник Царевича. История Чарльза Сиднея Гиббса,,Наставник царевича. История Чарльза Сиднея Гиббса,Наставник царевича. История Чарльза Сиднея Гиббса,1462544,2025,Russia,документальный,Анна Чернакова,0.0,Документальный,52.0
Настало время собирать...,,,,,,,,,,Документальный,52.0
Настоящий Дед Мороз,,Настоящий Дед Мороз,Настоящий Дед Мороз,864528,2023,Russia,"комедия, семейный",Mikhail Krupin,0.0, Художественный,92.0
Наступит лето,,Наступит лето,Наступит лето,1320369,2025,"Germany, Russia",драма,Кирилл Султанов,0.0, Художественный,94.0
Насыщенная жизнь,,,,,,,,,,Документальный,58.0
Наука и технологии сегодня,,,,,,,,,,Документальный,265.0
Наука о Жизни,,Наука о жизни,Наука о жизни,1650256,2024,Russia,документальный,Mikhail Rodionov,0.0,Документальный,90.0
Наука побеждать,,Наука побеждать,Наука побеждать,1237155,2024,Russia,документальный,Valery Timoschenko,0.0,Научно-популярный,87.0
"Наука, победившая смерть",,,,,,,,,,Документальный,53.0
Наум. Предчувствия,,Наум. Предчувствия,Наум. Предчувствия,1379035,2026,Russia,документальный,Андрей Натоцинский,0.0,Документальный,71.0
Научи меня жить,,Научи меня жить,Научи меня жить,1266782,2023,Kazakhstan,"драма, комедия",Акан Сатаев,0.0, Художественный,95.0
Нахимовцы. Янтарный берег,,Нахимовцы. Янтарный берег,Нахимовцы. Янтарный берег,1522864,2025,Russia,"комедия, приключения, семейный",Дмитрий Губарев,0.0, Художественный,91.0
Начать сначала,,Начать сначала,Начать сначала,999531,2022,Russia,"комедия, драма",Ирина Гобозашвили,5.0, Художественный,107.0
Наш папа - Дед Мороз!,,Наш папа – Дед Мороз!,Наш папа – Дед Мороз!,1545535,2025,Russia,"драма, комедия",Ирина Гурьянова,0.0, Художественный,94.0
Наша Russia. 8 марта,,Наша Russia. 8 марта,Наша Russia. 8 марта,1443148,2025,Russia,"комедия, музыка","Саша Абдуллаев, Gosha Evdokimov, Катя Як, Давид Кочаров, Иван Глубоков",0.0, Художественный,85.0
Наши берега,,Наши берега,Наши берега,1644359,2023,Russia,документальный,Клим Поплавский,0.0,Документальный,55.0
Не Дыши: Игра на выживание,Goldsmith,Stuart Goldsmith: Spoilers,Stuart Goldsmith: Spoilers,1331476,2024,,комедия,,0.0, Художественный,87.0
Не бросайте пепел на пол,,,,,,,,,, Художественный,75.0
Не буди во мне киллера,Les complices,Сообщники,Les complices,294639,2013,France,"драма, телевизионный фильм",Christian Vincent,4.8, Художественный,97.0
Не в деньгах счастье,,Деньги — это не всё,Pieniądze to nie wszystko,39317,2001,Poland,комедия,Юлиуш Махульский,6.712, Художественный,87.0
Не дыши: Начало,Old Man,Old Man,Old Man,226520,1997,United States of America,"драма, история, телевизионный фильм",John Kent Harrison,6.375, Художественный,97.0
Не забывай помнить,Don't Forget to Remember,Don't Forget to Remember,Don't Forget to Remember,1250102,2024,Ireland,документальный,Ross Killeen,0.0,Документальный,77.0
Не звезди!,Menteur,Menteur,Menteur,244913,1996,Belgium,драма,Damien de Pierpont,4.8, Художественный,93.0
Не золото,,Не золото,Не золото,1699563,2026,Russia,драма,Тахмина Мюссе,0.0, Художественный,64.0
Не кошер,Less than Kosher,Less Than Kosher,Less Than Kosher,1142662,,,,Daniel AM Rosenberg,0.0, Художественный,66.0
Не могу сказать прощай,,Не могу сказать «Прощай»,Не могу сказать 'Прощай',63563,1982,Soviet Union,"драма, мелодрама","Борис Дуров, Mark Levin",6.563, Художественный,91.0
Не напрасно посетил эту сторону. Пушкин в Казани,,,,,,,,,,Научно-популярный,54.0
Не одна дома,,Не одна дома,Не одна дома,1266070,2024,Russia,комедия,Vasily Sviridov,5.1, Художественный,79.0
Не одна дома 2,,Не одна дома 2,Не одна дома 2,1448540,2025,Russia,"комедия, приключения, семейный",Митрий Семенов-Алейников,0.0, Художественный,104.0
Не одна дома 3. Выпускной,,Не одна дома 3. Выпускной,Не одна дома 3. Выпускной,1530389,2026,Russia,"комедия, приключения, семейный",Митрий Семенов-Алейников,0.0, Художественный,108.0
Не самый удачный день,,Не самый удачный день,Не самый удачный день,462354,1967,Soviet Union,"комедия, мелодрама",Юрий Егоров,6.286, Художественный,85.0
Не скажу,,Не скажу,Не скажу,51070,2010,Russia,драма,Игорь Копылов,5.1, Художественный,87.0
Не слышу зла,Mideunaiteu,Не слышу зла,미드나이트,628704,2021,South Korea,"триллер, криминал",권오승,7.154, Художественный,103.0
Не смотри туда,Dont Look Away,Не смотри туда,Don't Look Away,1102425,2023,Canada,"ужасы, триллер",Michael Bafaro,4.542, Художественный,82.0
Не стучи,The Knocking,The Knocking on the Door,The Knocking on the Door,628302,1923,United Kingdom,"криминал, драма, детектив",A.E. Coleby,10.0, Художественный,89.0
"Не трепещи, Америка",,,,,,,,,,Анимационный,67.0
"Не ходите, девки, замуж",,"Не ходите, девки, замуж","Не ходите, девки, замуж",265436,1985,Soviet Union,"комедия, мелодрама, музыка",Евгений Герасимов,4.333, Художественный,65.0
Не_жилец,Clawfoot,Не_жилец,Clawfoot,1059643,2024,United States of America,триллер,Michael Day,5.022, Художественный,88.0
Неаполь-Нью Йорк,,Неаполь – Нью-Йорк,Napoli-New York,1112637,2024,Italy,"драма, приключения",Gabriele Salvatores,7.2, Художественный,123.0
Небесные ласточки,,Небесные ласточки,Небесные ласточки,85332,1976,Soviet Union,"мелодрама, драма, комедия",Леонид Квинихидзе,6.406, Художественный,126.0
Небесный замок Лапута,Tenkuu no Shiro Laputa,Небесный замок Лапута,天空の城ラピュタ,10515,1986,Japan,"приключения, фэнтези, мультфильм, боевик, семейный",Хаяо Миядзаки,8.0,Анимационный,124.0
Небо над Берлином,Der Himmel über Berlin,Небо над Берлином,Der Himmel über Berlin,144,1987,"Germany, France","драма, фэнтези, мелодрама",Вим Вендерс,7.8, Художественный,129.0
Невада,,Невада,Невада,1110749,2023,"Argentina, Russia","драма, триллер","Matías Musa, Anna Tyurina",5.5, Художественный,89.0
"Невероятно, но факт",Incroyable mais vrai,"Невероятно, но факт",Incroyable mais vrai,735697,2022,France,"комедия, фэнтези, детектив",Quentin Dupieux,6.025, Художественный,72.0
Невероятные приключения Шурика,,Невероятные приключения Шурика,Невероятные приключения Шурика,1533843,2025,Russia,"комедия, музыка","Роман Ким, Михаил Семичев",5.5, Художественный,123.0
Невероятные приключения в стране чудес,Tonttu,Невероятные приключения в стране чудес,Tonttu,1286995,2025,"Finland, Norway, Belgium","семейный, фэнтези, приключения","Joonas Berghäll, Hannes Vartiainen",4.5, Художественный,80.0
Невероятные приключения кота,Oggy et les cafards,Невероятные приключения кота,Oggy et les Cafards,205048,2013,France,"мультфильм, комедия, семейный",Olivier Jean-Marie,7.1, Художественный,80.0
Невидимая война,,Невидимая война,The War You Don't See,51795,2010,United Kingdom,документальный,"John Pilger, Alan Lowery",7.8,Научно-популярный,158.0
Невидимки,The invisibles,Невидимки,The Invisibles,1193077,2024,Canada,"фэнтези, драма",Andrew Currie,6.5, Художественный,112.0
Невидимое исчезновение,The Invisible Extinction,The Invisible Extinction,The Invisible Extinction,943432,2022,,документальный,Steve Lawrence,4.0,"Прочее (Учебный, Спектакль, …)",85.0
Невидимые миру слезы,,,,,,,,,, Художественный,106.0
Невидимый мир,The Playground/Un Monde,Невидимый мир,The World Unseen,31031,2007,"South Africa, United Kingdom","мелодрама, драма",Shamim Sarif,7.024, Художественный,72.0
Невидимый мой,,Невидимый мой,Невидимый мой,707960,2023,Russia,драма,Антон Бильжо,4.0, Художественный,90.0
Невский (серии 1-6),,,,,,,,,,Анимационный,91.0
Недомашние животные,,,,,,,,,,Документальный,112.0
Неестественный отбор,,Неестественный отбор,Неестественный отбор,1219411,2023,Russia,"триллер, криминал",Tatyana Yarmak,0.0, Художественный,96.0
Нежить,In a Violent Nature,Нежить,In a Violent Nature,1214509,2024,"Canada, United States of America","драма, ужасы, триллер",Chris Nash,5.552, Художественный,94.0
Нежить. Нападение тигров,Mutant Tiger,Нежить. Нападение тигров,狂虎危城,1024392,2022,China,"драма, боевик",Liu Wenpu,3.7, Художественный,73.0
Нежная кожа,La peau douce,Нежная кожа,La Peau douce,1719,1964,France,"драма, мелодрама",François Truffaut,7.148, Художественный,118.0
Нежный восток,The Sweet East,Сладкий восток,The Sweet East,1010639,2023,United States of America,"комедия, драма, фэнтези",Sean Price Williams,6.5, Художественный,104.0
Незваные гости,De invasive arter,De Invasive Arter,De Invasive Arter,889321,2023,Denmark,документальный,David Krøyer,0.0,Научно-популярный,75.0
Незнакомцы. Начало,The Strangers: Chapter 1,Незнакомцы: Начало,The Strangers: Chapter 1,1010600,2024,"United Kingdom, United States of America","ужасы, триллер",Ренни Харлин,5.685, Художественный,91.0
Неизвестная Цветаева,,Неизвестная Цветаева,Неизвестная Цветаева,1650292,2024,Russia,документальный,Lyubov Kuryanova,0.0,Документальный,53.0
Неизвестные страницы советской истории,,,,,,,,,,Документальный,140.0
Неизвестный Джон Леннон (дубляж),Borrowed Time: Lennon's Last Decade,Borrowed Time: Lennon's Last Decade,Borrowed Time: Lennon's Last Decade,1436359,2025,United Kingdom,"документальный, музыка",Alan G. Parker,7.3,Научно-популярный,140.0
Неизвестный Джон Леннон (субтитры),Borrowed Time: Lennon's Last Decade,Borrowed Time: Lennon's Last Decade,Borrowed Time: Lennon's Last Decade,1436359,2025,United Kingdom,"документальный, музыка",Alan G. Parker,7.3,Научно-популярный,140.0
Нейробатя,,Нейробатя,Нейробатя,1448830,2025,Russia,"комедия, фантастика",Виталий Дудка,6.0, Художественный,90.0
Нейросеть,Neiroset,Нейросеть,#No_Filter,991291,2022,"Belgium, France","ужасы, триллер, фэнтези, телевизионный фильм",Michael Dupret,4.7,Документальный,52.0
Нейросеть,#No_Filter,#No_Filter,#No_Filter,1124621,2019,,ужасы,Michael Dupret,0.0, Художественный,87.0
Нелегал,,Нелегал,Нелегал,389928,2006,Russia,драма,"Борис Фрумин, Yury Lebedev",0.0, Художественный,97.0
Нелюбимка,,Нелюбимка,Нелюбимка,1268325,2024,Russia,документальный,Stanislav Sorokin,3.0,Документальный,73.0
Нелюбимка (версия 16+),,,,,,,,,,Документальный,88.0
Немая жизнь: История женщины в черном,,,,,,,,,, Художественный,108.0
Немного о любви,Something about Love,Something About Love,Something About Love,226726,1988,,,Tom Berry,6.875, Художественный,105.0
Ненастоящий детектив,Citizen Sleuth,Ненастоящий детектив,Citizen Sleuth,1081710,2023,United States of America,документальный,Chris Kasick,0.0,Научно-популярный,81.0
Ненастоящий папа,Today We fix the World,Ненастоящий папа,Hoy se arregla el mundo,656796,2022,Argentina,"комедия, драма",Ariel Winograd,6.8, Художественный,113.0
Ненасытные люди,Greedy People,Ненасытные люди,Greedy People,974250,2024,United States of America,"комедия, детектив, криминал",Potsy Ponciroli,6.387, Художественный,112.0
Ненормальный,,Ненормальный,Ненормальный,1226743,2024,Russia,"драма, комедия",Илья Маланин,9.2, Художественный,103.0
Неожиданные связи,Cocorico,Неожиданные связи,Cocorico,973912,2024,"France, Belgium",комедия,Julien Hervé,5.59, Художественный,91.0
Неожиданные связи 2,Cocorico 2,Неожиданные связи 2,Cocorico 2,1437939,2026,France,комедия,Julien Hervé,5.8, Художественный,90.0
Непобедимые,,Непобедимые,Непобедимые,437776,1943,Soviet Union,"драма, военный","Сергей Герасимов, Михаил Калатозов",4.9, Художественный,88.0
Непокой,,Непокой,Непокой,1254812,2025,Russia,"мультфильм, драма",Леонид Шмельков,0.0,Анимационный,85.0
Непослушная,,Непослушная,Непослушная,1057491,2023,Russia,драма,Дмитрий Суворов,6.214, Художественный,109.0
Непослушник,,Непослушник,Непослушник,778970,2022,Russia,"комедия, драма",Владимир Котт,6.8, Художественный,115.0
Непослушник 2,,Непослушник 2,Непослушник 2,999594,2022,Russia,комедия,Владимир Котт,6.8, Художественный,110.0
Непослушники,,Непослушники,Непослушники,1268220,2024,Russia,комедия,Владимир Котт,7.2, Художественный,109.0
Неприкрытые амбиции,Naked Ambition - Bunny Yeager,Naked Ambition,Naked Ambition,1204539,2025,United States of America,документальный,"Dennis Scholl, Kareem Tabsch",6.25,Научно-популярный,73.0
Неприличные гости,,Неприличные гости,Неприличные гости,1211898,2024,Russia,комедия,Гога Мамаджанян,7.0, Художественный,83.0
Непробиваемые,Armor,Непробиваемые,Armor,1182387,2024,United States of America,"боевик, криминал, триллер",Justin Routt,5.523, Художественный,84.0
Непрохожий храм,,,,,,,,,,Документальный,57.0
Неразделимые,,,,,,,,,,Документальный,68.0
Нерешительный жених ,Lo sposo indeciso che non poteva o forse non voleva più uscire dal bagno,Нерешительный жених,Lo sposo indeciso,1058954,2023,Italy,комедия,Giorgio Amato,5.8, Художественный,97.0
Несвятая Валентина,,Несвятая Валентина,Несвятая Валентина,1493976,2026,Russia,"мелодрама, фэнтези, комедия",Андрей Пантелеев,0.0, Художественный,104.0
Неслучайный архитектор,,Неслучайный архитектор,Неслучайный архитектор,1650293,2024,Russia,документальный,Viktor Yushchenko,0.0,Научно-популярный,53.0
Неспокойной ночи,Nightman,Неспокойной ночи,Nightman,1000173,2023,Belgium,"триллер, ужасы",Mélanie Delloye-Betancourt,5.926, Художественный,101.0
Неспящие в Сеуле,Single in Seoul,Неспящие в Сеуле,싱글 인 서울,717088,2023,South Korea,"мелодрама, комедия",박범수,6.235, Художественный,103.0
Несси. Чудище из Лохх-Несс,Rufus - The seamonster who couldn't swim,Несси. Чудище из Лохх-Несс,Ruffen: Sjøormen som ikke kunne svømme,1512207,2025,"Norway, Belgium, Germany","мультфильм, семейный",Endre Skandfer,6.0,Анимационный,82.0
Неубиваемый,Bullet Proof,Неубиваемый,Bullet Proof,993145,2022,Canada,"боевик, криминал",James Clayton,5.329, Художественный,90.0
Неудержимые,The Expendables,Неудержимые,The Expendables,27578,2010,"United States of America, Bulgaria, Germany","триллер, приключения, боевик",Сильвестр Сталлоне,6.25, Художественный,103.0
Неудержимые 2,The Expendables 2,Неудержимые 2,The Expendables 2,76163,2012,"United States of America, Bulgaria, Germany","боевик, приключения, триллер",Саймон Уэст,6.352, Художественный,103.0
Неудержимые 3,The Expendables 3,Неудержимые 3,The Expendables 3,138103,2014,"United States of America, France, Germany, Bulgaria, Romania","боевик, приключения, триллер",Патрик Хьюз,6.205, Художественный,126.0
Неудержимые 4,Expendables 4,Неудержимые 4,Expend4bles,299054,2023,"Bulgaria, France, United States of America, Greece","боевик, приключения, триллер",Скотт Во,6.073, Художественный,103.0
Нефариус,Nefarious,Нефариус,Nefarious,913673,2023,United States of America,"ужасы, драма","Cary Solomon, Chuck Konzelman",6.689, Художественный,97.0
Нечисть в Сеуле,The Sin,SIN: Создатели монстров,Sin: The Movie,34772,2000,"United States of America, Japan","мультфильм, фантастика, ужасы, боевик, триллер",Ясунори Урата,5.545, Художественный,103.0
Нечто. Монстр из глубин,The Tank,Нечто. Монстр из глубин,The Tank,1098160,2023,"Australia, New Zealand, United Kingdom, United States of America","ужасы, триллер",Scott Walker,5.1, Художественный,99.0
Ниже нуля,Beyond Zero,Beyond Zero,Beyond Zero,1537080,2023,United States of America,"фантастика, детектив","Taylor Ervin, Stephanie J Kim",0.0,Научно-популярный,82.0
Нижинский. Путь к свободе,,,,,,,,,,Документальный,54.0
Ник Кейв и Зе Бёздей Пати (The Birthday Party),Mutiny in Heaven: The Birthday Party,Ник Кейв и The Birthday Party,Mutiny in Heaven: The Birthday Party,1151531,2023,Australia,"документальный, музыка",Ian White,5.9,Научно-популярный,99.0
Ника,,Ника,Ника,913276,2022,Russia,драма,Vasilisa Kuzmina,4.6, Художественный,96.0
Никаких новостей,,Никаких новостей,Никаких новостей,1365360,2024,Russia,документальный,Denis Shabaev,0.0,Документальный,52.0
Никита,,Никита,Nikita,9322,1990,"France, Italy","боевик, триллер",Люк Бессон,7.111,Документальный,70.0
Никита Михалков,,Никита Михалков. Метод,Никита Михалков. Метод,1506803,2025,Russia,документальный,Вера Водынски,0.0,Документальный,93.0
Никита Михалков. Метод,,Никита Михалков. Метод,Никита Михалков. Метод,1506803,2025,Russia,документальный,Вера Водынски,0.0,Документальный,69.0
Никто не выжил,No One Lives,Никто не выжил,No One Lives,123109,2013,"United States of America, United Kingdom","ужасы, триллер",北村龍平,5.994, Художественный,86.0
Никулин. Правила жизни великого клоуна,,,,,,,,,,Документальный,52.0
Нина,,Нина,Нина,610328,2023,"Georgia, Russia",драма,Oksana Bychkova,1.0, Художественный,89.0
Ниндзя против пиратов,De piraten van hiemaast 2: De ninja's van de overkant,Ниндзя против пиратов,De Piraten van Hiernaast II: De Ninja's van de Overkant,946310,2022,Netherlands,"семейный, боевик, приключения",Pim van Hoeve,6.4, Художественный,92.0
Нитрам,Nitram,Нитрам,Nitram,797457,2021,Australia,"триллер, криминал, драма",Джастин Курзель,6.928, Художественный,111.0
Новая биография Си Ши,New Biography of Хishi,Новая биография Си Ши,西施新传,1355200,2024,China,"история, мелодрама, детектив",代艺霖,7.0, Художественный,116.0
Новая волна,Nouvelle Vague,Новая волна,Nouvelle Vague,1254808,2025,"France, United States of America","комедия, драма, история",Ричард Линклейтер,7.338, Художественный,106.0
Новая волна (субтитры),Nouvelle Vague,Новая волна,Nouvelle Vague,1254808,2025,"France, United States of America","комедия, драма, история",Ричард Линклейтер,7.338, Художественный,106.0
Новая игрушка,The New Toy,"Banjo-Kazooie: The New Adventure Begins June 30, 1999 (Toys“R”Us)","Banjo-Kazooie: The New Adventure Begins June 30, 1999 (Toys“R”Us)",571735,1998,,боевик,,0.0, Художественный,112.0
Новая тёща,,Новая тёща,Новая тёща,1455679,2026,Russia,комедия,Аскар Узабаев,5.8, Художественный,96.0
Новеллы России,,,,,,,,,,Документальный,179.0
Новенькая,,Новенькая,Новенькая,597191,1969,Soviet Union,драма,Павел Любимов,7.75, Художественный,90.0
Новогоднее письмо,,Новогоднее письмо,Новогоднее письмо,1589590,2025,Russia,"драма, комедия, семейный",Ирина Гобозашвили,8.0, Художественный,87.0
Новогодние истории зверушек,Animal Tales of Christmas Magic,Новогодние истории зверушек,Le Grand Noël des animaux,978102,2024,"France, Germany","мультфильм, семейный, фэнтези","Caroline Attia, Camille Alméras, Ceylan Beyoğlu, Olesya Shchukina, Natalia Chernysheva, Haruna Kishi",7.3,Анимационный,72.0
Новогодний ол инклюзив,,Новогодний ол инклюзив,Новогодний ол инклюзив,1219795,2023,Russia,"комедия, семейный",Олег Асадулин,8.0, Художественный,87.0
Новогодний переполох,Triple Trouble,Triple Trouble,Triple Trouble,184328,1950,United States of America,комедия,Jean Yarbrough,7.0,Анимационный,64.0
Новогодний шеф,,Новогодний шеф,Новогодний шеф,1200629,2023,Russia,комедия,Василий Ровенский,8.3, Художественный,88.0
Новогодняя Сказка,,Новогодняя сказка,Новогодняя сказка,440515,1972,Soviet Union,мультфильм,Владимир Дегтярёв,8.0, Художественный,129.0
Новогодняя поэма,,,,,,,,,, Художественный,99.0
Новое движение,,,,,,,,,, Художественный,866.0
Новое движение,,,,,,,,,, Художественный,479.0
"Новое небо, новая земля",,,,,,,,,,Научно-популярный,78.0
Новое чудо,,Новое чудо,Новое чудо,610371,2023,Russia,драма,Александра Стреляная,0.0, Художественный,96.0
Новые Приключения Кота Леопольда,,Новые приключения кота Леопольда. Лавина с гор,Новые приключения кота Леопольда. Лавина с гор,400504,2015,,,Анатолий Резников,6.2,Анимационный,175.0
Новые боги: Ян Цзянь,New Gods: Yang Jian,封神天下杨戬传,封神天下杨戬传,1266889,2024,China,"история, фэнтези",Чжэн Вэнь Сэнь,6.0,Анимационный,127.0
Новые похождения кота в сапогах,,Новые похождения кота в сапогах,Новые похождения кота в сапогах,14486,1958,Soviet Union,"приключения, семейный, фэнтези",Александр Роу,5.2, Художественный,83.0
Новые штаммы,New Strains,New Strains,New Strains,1063676,2024,United States of America,"комедия, мелодрама","Prashanth Kamalakanthan, Artemis Shaw",6.0, Художественный,78.0
Новый Берлин,,Новый Берлин,Новый Берлин,1187222,2023,Russia,драма,Алексей Федорченко,5.0, Художественный,125.0
Новый Год на Связи,,Новый Год на Связи,Новый Год на Связи,1610151,2025,Russia,"драма, комедия, семейный",Михаил Лысковцев,0.0, Художественный,81.0
Новый мир,,Капитан Америка: Новый мир,Captain America: Brave New World,822119,2025,United States of America,"боевик, триллер, фантастика",Джулиус Она,5.978,Документальный,91.0
Новый мячик,,,,,,,,,,Анимационный,55.0
Новый парень моей жены,Un Novio Para Mi Mujer,Новый парень моей жены,Un novio para mi mujer,932339,2022,Spain,"комедия, мелодрама",Laura Mañá,5.9, Художественный,93.0
Нормал,Normal,Нормал,Normal,1242332,2026,United States of America,"боевик, криминал, триллер",Ben Wheatley,6.451, Художественный,91.0
Нормальный женский человек,,,,,,,,,, Художественный,95.0
Норсоян,,Норсоян,Норсоян,1414437,2024,Russia,документальный,Денис Неробеев,0.0,Научно-популярный,71.0
Ностальгия,Nostalgia,Ностальгия,Nostalgia,442709,2018,United States of America,драма,Mark Pellington,5.4, Художественный,117.0
Ностальгия,Nostalghia,Nostalghia Nostalghia,Nostalghia Nostalghia,997152,2012,Japan,,大西健児,0.0, Художественный,125.0
Ночи Кабирии,Le notti di Cabiria,Ночи Кабирии,Le notti di Cabiria,19426,1957,"Italy, France","драма, комедия",Федерико Феллини,8.0, Художественный,118.0
Ночная сова,The Night Owl,The Night Owl,The Night Owl,227619,2005,,"ужасы, триллер",Steven Shea,4.333, Художественный,118.0
Ночной замес,Wake Up,Ночной замес,Wake Up,1165466,2024,France,"ужасы, триллер, боевик","François Simard, Anouk Whissell, Yoann-Karl Whissell",6.779,Художественный,80.0
Ночной режим,,Ночной режим,Ночной режим,1003558,2022,Russia,"триллер, фэнтези, детектив",Andrey Libenson,8.0, Художественный,122.0
Ночной рейд,Topakk,Ночной рейд,Topakk,1132491,2024,Philippines,"боевик, триллер, криминал",Richard Somes,5.4, Художественный,112.0
Ночные ангелы Марины Расковой ,,,,,,,,,,Документальный,52.0
Ночные налетчики,Night Raiders,Ночные налётчики,Night Raiders,795778,2021,"Canada, New Zealand",фантастика,Данис Гуле,4.8, Художественный,97.0
Ночь,La notte,Ночь,La notte,41050,1961,"Italy, France","драма, мелодрама",Микеланджело Антониони,7.9, Художественный,123.0
Ночь в зоопарке,Night of the Zoopocalypse,Ночь в зоопарке,Night of the Zoopocalypse,1205229,2025,"Canada, France, Belgium","мультфильм, комедия, ужасы, приключения, фантастика, семейный","Ricardo Curtis, Rodrigo Perez-Castro",6.6,Анимационный,92.0
Ночь в магазине ужастиков,Spirit halloween aka Spooky night,Ночь в магазине ужастиков,Spirit Halloween: The Movie,961427,2022,United States of America,"приключения, семейный, ужасы, фэнтези, детектив",David Poag,5.713, Художественный,84.0
Ночь живых мертвецов 2.0,Night of the living dead,Ночь живых мертвецов,Night of the Living Dead,19185,1990,United States of America,ужасы,Том Савини,6.861, Художественный,87.0
Ночь перед Рождеством,,Ночь перед Рождеством,Ночь перед Рождеством,475147,1997,Russia,"мультфильм, комедия",Yekaterina Mikhailova,7.0, Художественный,80.0
"Ну, погоди! Каникулы (серии: «Гипноз», «День рождения зайца», «Марафон», «Лонгборды», «Оркестр», «Хоккей», «Машинки», «Скорость», «Роботы», «Горный триатлон», «Пляжное многоборье», «Спектакль», «Ненастоящий герой»)",,,,,,,,,,Анимационный,91.0
"Ну, погоди! Каникулы (серии: «Фотография», «Кибердуэль», «Детектив», «Субботник», «Конкурс талантов», «Шаромания», «Футбол», «Дом на дереве», «Елки моталки», «Хулиган», «Талисман», «Редкий цветок», «Необитаемый остров»)",,,,,,,,,,Анимационный,91.0
Нужды путешественника,A Traveler`s Needs,Нужды путешественника,여행자의 필요,1146410,2024,"South Korea, France",драма,Хон Сан-су,6.5, Художественный,90.0
Ньургун Боотур,,,,,,,,,, Художественный,126.0
Нэчжа побеждает Царя драконов,Nezha's Demon Boy in the Sea,Нэчжа побеждает Царя драконов,哪吒之魔童闹海,980477,2025,China,"мультфильм, боевик, фэнтези, приключения",饺子,8.158,Анимационный,144.0
Нюрнберг,,Нюрнберг,Nuremberg,1214931,2025,"United States of America, Hungary","история, драма",Джеймс Вандербилт,7.522, Художественный,131.0
Нюрнбергская история,,,,,,,,,, Художественный,199.0
Нянька для Рогожиных,,,,,,,,,, Художественный,180.0
О ЛЮДЯХ И КИТАХ,,О людях и китах,О людях и китах,1537604,2025,Russia,документальный,Владислав Гришин,0.0,Документальный,71.0
О любви,,О любви,О любви,435901,2017,Russia,"мелодрама, драма, триллер",Владимир Бортко,5.4, Художественный,77.0
О медицине и чудесах,Of Medicine And Miracles,Of Medicine and Miracles,Of Medicine and Miracles,964815,2022,United States of America,документальный,Ross Kauffman,0.0,Научно-популярный,97.0
О моём перерождении в слизь. Слёзы Синего моря,Tensei shitara Slime Datta Ken Movie 2: Soukai no Namida-hen,О моём перерождении в слизь: Слёзы синего моря,劇場版 転生したらスライムだった件 蒼海の涙編,1363974,2026,Japan,"мультфильм, фэнтези, приключения, комедия",Ясухито Кикути,6.2,Анимационный,104.0
О моём перерождении в слизь. Слёзы Синего моря (версия с субтитрами),Tensei shitara Slime Datta Ken Movie 2: Soukai no Namida-hen,О моём перерождении в слизь: Слёзы синего моря,劇場版 転生したらスライムだった件 蒼海の涙編,1363974,2026,Japan,"мультфильм, фэнтези, приключения, комедия",Ясухито Кикути,6.2,Анимационный,104.0
"О тех, кого помню и люблю",,"О тех, кого помню и люблю","О тех, кого помню и люблю",535680,1974,Soviet Union,"военный, драма","Наталья Трощенко, Анатолий Вехотко",7.5, Художественный,76.0
О чем говорят мужчины. Простые удовольствия,,О чём говорят мужчины. Простые удовольствия,О чём говорят мужчины. Простые удовольствия,1002444,2023,Russia,"комедия, мелодрама",Миша Поляков,5.9, Художественный,93.0
О чем говорят незнакомцы,UNDER THERAPY,О чем говорят незнакомцы,Bajo terapia,1008003,2023,Spain,комедия,Херардо Эрреро,6.929, Художественный,93.0
О чём молчат памятники,,,,,,,,,,Документальный,104.0
О! ПОЙМАЛ АТОМ СОЛНЦА! ОЛЕГ ТАБАКОВ!,,,,,,,,,,Документальный,52.0
"О, Канада","Oh, Canada","О, Канада","Oh, Canada",1113583,2024,"United States of America, Israel, Canada",драма,Пол Шредер,5.698, Художественный,95.0
ОБРЫВКИ,,Обрывки рэпа,Обрывки рэпа,853750,2021,Russia,,Grigory Klimenko,0.0, Художественный,85.0
ОГОНЬ,,Огонь,Огонь,585257,2020,Russia,"боевик, драма",Алексей Нужный,7.9,Документальный,85.0
ОДЕРЖИМЫЕ,MadS,Одержимые,MadS,1262983,2024,France,"ужасы, триллер",David Moreau,6.504, Художественный,89.0
ОДНАЖДЫ В ПУСТЫНЕ ,,Однажды в пустыне,Однажды в пустыне,589764,2022,Russia,"военный, драма",Андрей Кравчук,7.0, Художественный,121.0
ОДНИМ ДЫХАНИЕМ С ПОБЕДОЙ,,Одним дыханием с Победой,Одним дыханием с Победой,1477106,2025,Russia,документальный,Дмитрий Чернецов,0.0,Документальный,57.0
ОДНО ЦЕЛОЕ,TOGETHER,Одно целое,Together,1242011,2025,"Australia, United States of America","ужасы, мелодрама",Майкл Шэнкс,6.922, Художественный,101.0
ОЗИ: ГОЛОС ДЖУНГЛЕЙ,Ozi: Voice of the Forest,Ози: Голос джунглей,OZI: Voice of the Forest,785429,2024,"United States of America, United Kingdom, France, India","мультфильм, приключения, семейный",Tim Harper,6.182,Анимационный,87.0
ОПЕРАЦИЯ «ПАНДА»,PANDA PLAN \ Xiong mao ji hua,Операция «Панда»,熊猫计划,1160956,2024,China,"боевик, комедия",張欒,6.814, Художественный,97.0
ОПЕРАЦИЯ КРОВАВАЯ ОХОТА,Operation Blood Hunt,Операция «Кровавая охота»,Operation Blood Hunt,1084222,2024,"Thailand, United States of America","боевик, приключения, ужасы",Луис Мэндилор,6.5, Художественный,94.0
ОСЕННЯЯ СОНАТА,Autumn Sonata,The Making of Autumn Sonata,The Making of Autumn Sonata,1537970,1978,Sweden,документальный,"Arne Carlsson, Ингмар Бергман",7.0, Художественный,92.0
ОСОБЕННОСТИ НАЦИОНАЛЬНОЙ БОЛЬНИЦЫ,,Особенности национальной больницы,Особенности национальной больницы,1248915,2024,Russia,комедия,Станислав Светлов,0.0, Художественный,78.0
ОСТАВЬ ЭТО ВЕТРУ,Ruzgara Birak,Оставь это ветру,Rüzgara Bırak,1318917,2025,Turkey,мелодрама,Engin Erden,6.4, Художественный,96.0
ОСТРОВ НОЕХОН,,,,,,,,,,Документальный,58.0
ОСТРОВ ТЕНЕЙ,Shadow Island,Остров теней,Shadow Island,1103726,2023,Sweden,"триллер, детектив",Johan Storm,5.2, Художественный,90.0
ОТ ОРЛА ДО ПРАГИ. ДИВИЗИЯ ЧЕРНЫХ НОЖЕЙ,,От Орла до Праги. Дивизия черных ножей,От Орла до Праги. Дивизия черных ножей,776484,2020,,документальный,Pavel Pechenkin,0.0,Документальный,82.0
ОТЕЦ МАТЬ СЕСТРА БРАТ ,FATHER MOTHER SISTER BROTHER,"Отец, мать, сестра, брат",Father Mother Sister Brother,1159206,2025,"United States of America, France, Ireland, Italy, Germany, United Kingdom","комедия, драма",Джим Джармуш,6.4, Художественный,110.0
ОТРАЖЕНИЕ БАЛТИЙСКОГО НЕБА,,,,,,,,,,Документальный,52.0
ОФФЛАЙН (1-5 серии),,,,,,,,,, Художественный,252.0
ОФФЛАЙН (6-10 серии),,,,,,,,,, Художественный,259.0
ОХОТА ЗА ТЕНЬЮ,SHADOW'S EDGE,Shadow's Edge,Shadow's Edge,1375520,2024,United Kingdom,"драма, боевик",Joao De Andrade Tosta,0.0, Художественный,142.0
ОЧАГ,,Очаг,Очаг,535686,2013,Russia,документальный,Veniamin Tronin,0.0, Художественный,88.0
ОЧЕНЬ СТРАШНОЕ КИНО 5,SCARY MOVIE 5,Очень страшное кино 5,Scary Movie 5,4258,2013,United States of America,комедия,Malcolm D. Lee,4.8, Художественный,88.0
Обе две,,Обе две,Обе две,1226745,2024,Russia,комедия,Владимир Котт,8.0, Художественный,91.0
Обезьяна,The Monkey,Обезьяна,The Monkey,1124620,2025,"Canada, United States of America","ужасы, комедия",Оз Перкинс,6.014, Художественный,98.0
Обещание,,Обещание,Обещание,1025427,2022,,"криминал, драма",Араик Давоян,0.0, Художественный,94.0
Обещаю вернуться живым,,Обещаю вернуться живым,Обещаю вернуться живым,1650294,2025,Russia,,Ekaterina Golovnya,0.0,Документальный,52.0
Обитель,The Home,Обитель,The Home,926606,2025,United States of America,"детектив, ужасы, триллер",Джеймс ДеМонако,6.853, Художественный,95.0
Обитель зла: Мутация,The Cure,Лекарство,The Cure,6715,1995,United States of America,"драма, семейный",Питер Хортон,7.9, Художественный,91.0
Обитель лжи,House of Lies,House of Lies,House of Lies,1296736,2024,India,"детектив, драма, криминал",Saumitra Singh,0.0, Художественный,86.0
Обитель смерти,The Rule of Jenny Pen,Обитель смерти,The Rule of Jenny Pen,1212742,2025,New Zealand,"ужасы, триллер",James Ashcroft,6.203, Художественный,104.0
Обитель страха,Lazareth,Обитель страха,Lazareth,1123278,2024,United States of America,триллер,Alec Tibaldi,6.066, Художественный,86.0
Обложка,,,,,,,,,, Художественный,70.0
Обломок империи,,Обломок империи,Обломок империи,167354,1929,Soviet Union,драма,Фридрих Эрмлер,5.7, Художественный,74.0
Обнаженная муза Пьера Боннара,"Bonnard, Pierre et Marthe",Обнажённая муза Пьера Боннара,"Bonnard, Pierre et Marthe",995749,2024,"Belgium, France","история, мелодрама",Martin Provost,6.303, Художественный,122.0
Оболочка,Shell,Призрак в доспехах,Ghost in the Shell,315837,2017,"China, Hong Kong, India, United States of America","фантастика, драма, боевик",Руперт Сандерс,6.107, Художественный,101.0
Оборотень,Animale,Оборотень,Animale,1020822,2024,"Belgium, France","фэнтези, драма, ужасы",Emma Benestan,6.136, Художественный,100.0
Образ будущего,,,,,,,,,, Художественный,70.0
Обрушение,Sinkhole,Sinkhole,Sinkhole,728505,,,"ужасы, триллер",,0.0, Художественный,114.0
Обряд,The Long Night,Длинная ночь,The Long Night,44626,1947,United States of America,"драма, триллер, криминал, мелодрама",Анатоль Литвак,5.8, Художественный,90.0
Обряд. Во власти демона,Di Ambang Kematian,Обряд. Во власти демона,Di Ambang Kematian,1074299,2023,Indonesia,"ужасы, триллер, драма, детектив",Azhar Kinoi Lubis,6.105, Художественный,97.0
Обсессия (дубляж),Obsession,Обсессия,Obsession,1339713,2026,"United States of America, United Kingdom",ужасы,Curry Barker,7.88, Художественный,108.0
Обсессия (субтитры),Obsession,Обсессия,Obsession,1339713,2026,"United States of America, United Kingdom",ужасы,Curry Barker,7.88, Художественный,108.0
Обходные пути,,Обходные пути,Обходные пути,822175,2021,"Netherlands, Russia",драма,Ekaterina Selenkina,0.0, Художественный,74.0
Объясни мне любовь,Ingeborg Bachmann - Reise in die Wüste,Ингеборг Бахман: Путешествие в пустыню,Ingeborg Bachmann - Reise in die Wüste,978580,2023,"Germany, Austria, Luxembourg, Switzerland","драма, история",Margarethe von Trotta,6.2, Художественный,109.0
Обыкновенное чудо,,Обыкновенное чудо,Обыкновенное чудо,63449,1964,Soviet Union,"драма, мелодрама, фэнтези, комедия","Эраст Гарин, Хеся Локшина",6.6, Художественный,99.0
Оглянись ,Look Back,Look Back,Look Back,948121,2016,,"криминал, драма",Queen Kim,3.0,Анимационный,57.0
Оглянись (версия с субтитрами),Look Back,Look Back,Look Back,948121,2016,,"криминал, драма",Queen Kim,3.0,Анимационный,57.0
Оглянись вперёд,,,,,,,,,, Художественный,56.0
Огненный лис,,Огненный лис,Огненный лис,1273871,2024,Russia,документальный,Dmitry Shpilenok,9.0,Документальный,81.0
Огненный лис,,Огненный лис,Огненный лис,1273871,2024,Russia,документальный,Dmitry Shpilenok,9.0,Документальный,90.0
Огненный мальчик,,Огненный мальчик,Огненный мальчик,1488173,2025,Russia,драма,Надежда Михалкова,0.0, Художественный,102.0
Огниво,,Огниво,Огниво,1216997,2024,Russia,"драма, фэнтези, приключения, семейный",Александр Войтинский,8.8, Художественный,107.0
Огниво против Волшебной Скважины,,Огниво против Волшебной скважины,Огниво против Волшебной скважины,650058,2025,Russia,"фэнтези, музыка",Анджей Петрас,0.0, Художественный,100.0
Огород,,Огород,Огород,820006,2022,Russia,"драма, комедия",Лариса Садилова,0.0, Художественный,92.0
Ограбление из будущего,The Tomorrow Job,Ограбление из будущего,The Tomorrow Job,1064912,2023,United States of America,"фантастика, боевик",Bruce Wemple,4.519, Художественный,101.0
Ограбление по-неаполитански,Bang Bank,Ограбление по-неаполитански,Bang Bank - L'occasione fa l'uomo morto,1225520,2024,Italy,комедия,"Mimmo Manfredi, Raffaele Ferrante, Francesco De Fraia",5.6, Художественный,90.0
Одержимая,,Одержимая,Possession,21484,1981,"France, Germany",ужасы,Andrzej Żuławski,7.3, Художественный,91.0
Одержимая,Des Teufels Bad,Одержимая,Des Teufels Bad,931944,2024,"Austria, Germany","драма, детектив, история, ужасы","Severin Fiala, Veronika Franz",6.588, Художественный,121.0
Одержимость,,Одержимость,Whiplash,244786,2014,United States of America,"драма, музыка, триллер",Дэмьен Шазелл,8.375, Художественный,76.0
Одержимость,,Одержимость,Whiplash,244786,2014,United States of America,"драма, музыка, триллер",Дэмьен Шазелл,8.375,Научно-популярный,65.0
Одержимость. Проклятие Лиззи Борден,THE INHABITANT,Одержимость. Проклятие Лиззи Борден,The Inhabitant,772973,2022,"Czech Republic, United States of America","триллер, ужасы, детектив",Jerren Lauder,5.944, Художественный,96.0
Одержимые,The Possessed,Одержимые,The Possessed,739901,2021,Australia,"ужасы, триллер",Chris Sun,6.089, Художественный,97.0
Одержимые злом,When Evil Lurks,Cuando acecha la maldad 2,Cuando acecha la maldad 2,1502876,,"Argentina, United States of America","ужасы, триллер",Демиан Рунья,0.0, Художественный,100.0
Одержимые: наследие дьявола,The Demon Disorde,Одержимые: Наследие дьявола,The Demon Disorder,1128941,2024,Australia,ужасы,Стив Бойл,5.7, Художественный,85.0
Один в темноте,Alone in the Dark,Один в темноте,Alone in the Dark,12142,2005,"Canada, Germany, United States of America","боевик, фэнтези, ужасы",Uwe Boll,3.313, Художественный,99.0
Один день в Стамбуле,,Один день в Стамбуле,Один день в Стамбуле,1226497,2024,Russia,комедия,Авет Оганесян,7.0, Художественный,84.0
Один день в Стамбуле,,Один день в Стамбуле,Один день в Стамбуле,1226497,2024,Russia,комедия,Авет Оганесян,7.0, Художественный,85.0
Один настоящий день,,Один настоящий день,Один настоящий день,1026091,2022,Russia,драма,Георгий Шенгелия,7.2, Художественный,104.0
Один пропущенный звонок,Chakushin ari,Один пропущенный звонок,着信アリ,9694,2003,Japan,"ужасы, детектив, фэнтези",三池崇史,6.2, Художественный,112.0
Один хороший день,,Один хороший день,Один хороший день,1273676,2025,Russia,драма,Кирилл Белевич,6.7, Художественный,83.0
Одиннадцать молчаливых мужчин,,Одиннадцать молчаливых мужчин,Одиннадцать молчаливых мужчин,635440,2022,Russia,драма,Алексей Пиманов,6.4, Художественный,121.0
Одиноки вместе,Alone together,Одиноки вместе,Alone Together,826113,2022,United States of America,"мелодрама, драма",Кэти Холмс,5.1, Художественный,102.0
Одиссея капитана Блада,,Одиссея капитана Блада,Одиссея капитана Блада,127481,1992,"France, Soviet Union","боевик, приключения",Андрей Праченко,6.875, Художественный,141.0
Одна,,Одна,Одна,610363,2022,Russia,"приключения, триллер, драма",Дмитрий Суворов,6.645, Художественный,107.0
Одна дома,,Одна дома,Одна дома,1224743,2023,Russia,"комедия, семейный",Анарио Мамедов,8.0, Художественный,92.0
Одна дома 3,,Не одна дома 3. Выпускной,Не одна дома 3. Выпускной,1530389,2026,Russia,"комедия, приключения, семейный",Митрий Семенов-Алейников,0.0, Художественный,82.0
Одна дома: Великолепная пятёрка,,,,,,,,,, Художественный,84.0
Одна жизнь,,Одна жизнь,Одна жизнь,1225895,2024,Russia,триллер,Vladimir Borovoy,8.0, Художественный,88.0
Одна жизнь,One Life,Одна жизнь,One Life,760774,2023,"Australia, United Kingdom","история, драма",Джеймс Хоуз,7.761, Художественный,109.0
Одна летом,Stinky Summer,Одна летом,Stinky Summer,1330319,2024,,"семейный, приключения, комедия",Amanda Raymond,0.0, Художественный,90.0
Одна ночь в Лондоне,A Knight in London/ Eine Nacht in London,Eine Nacht In London,Eine Nacht In London,269762,1928,"Germany, United Kingdom","комедия, мелодрама",Lupu Pick,4.857, Художественный,105.0
Одна память на двоих,,,,,,,,,,Документальный,53.0
Однажды в Дагестане,,,,,,,,,, Художественный,84.0
Однажды в Ла-Рое,LAROY,Однажды в Ла-Рое,"LaRoy, Texas",1001783,2024,United States of America,"криминал, комедия, триллер",Shane Atkinson,6.8, Художественный,112.0
Однажды в Ленинграде,,Однажды в Ленинграде,Однажды в Ленинграде,1560985,2025,Russia,документальный,Михаил Архипов,0.0,Документальный,70.0
Однажды в Техасе,Death in Texas,Однажды в Техасе,Death in Texas,783880,2022,United States of America,"криминал, драма, боевик",Scott Windhauser,4.333, Художественный,101.0
Однажды мы расскажем друг другу всё,Irgendwann werden wir uns alles erzahlen,Однажды мы расскажем друг другу всё,Irgendwann werden wir uns alles erzählen,1045205,2023,Germany,драма,Emily Atef,5.8, Художественный,133.0
Однажды ночью,,Однажды ночью,Однажды ночью,1524356,1960,Soviet Union,драма,"Александр Гинцбург, Эмир Файк",0.0, Художественный,77.0
Однажды… Мишель Легран,Il était une fois Michel Legrand,Однажды... Мишель Легран,Il était une fois Michel Legrand,1280476,2024,France,"документальный, музыка",David Hertzog Dessites,6.667,Документальный,110.0
Одни из нас,Please Don't Feed the Children,"Пожалуйста, не кормите детей",Please Don't Feed the Children,1103437,2025,"United States of America, United Kingdom","ужасы, триллер",Destry Allyn Spielberg,6.146, Художественный,93.0
Одни на каникулах,,Одни на каникулах,Hotel Sinestra,1020975,2022,"Netherlands, Switzerland",семейный,Michiel ten Horn,5.0, Художественный,85.0
Одним днём,,Одним летним днём,Ein Sommertag macht keine Liebe,287539,1961,East Germany,драма,"Herbert Ballmann, Gerhard Klein",7.0, Художественный,109.0
Одной безумной ночью,It only takes a night,Одной безумной ночью,It Only Takes a Night,823105,2023,Australia,"комедия, мелодрама",Callan Durlik,6.0, Художественный,89.0
Ожидание жизни,,Ожидание жизни,Ожидание жизни,1026077,2022,,драма,Eduard Kovzan,0.0, Художественный,115.0
Ожоги любви,,,,,,,,,, Художественный,132.0
Озеро страха. Присутствие,Presencias,Озеро страха. Присутствие,Presencias,772450,2022,Mexico,ужасы,Luis Mandoki,6.7, Художественный,120.0
Ой!,Masha and the Bear in cinema: Say cheese!,Ой!,Ой!,749878,2020,Ukraine,комедия,Olga Zolotaryova,0.0,Анимационный,56.0
Океан чудес,Deep Sea,Глубокое синее море,Deep Blue Sea,8914,1999,"Australia, United States of America","боевик, ужасы, фантастика",Ренни Харлин,6.0,Анимационный,107.0
Оковы смерти,Revival,Оковы смерти,Revival,1383557,2024,Italy,"ужасы, триллер, фантастика",Dario Germani,5.364, Художественный,93.0
Олдбой,Oldeuboi,Олдбой,올드보이,670,2003,South Korea,"драма, триллер, детектив, боевик",Пак Чхан Ук,8.239, Художественный,120.0
Олег Целков,,,,,,,,,,Документальный,52.0
Олень,,Олень,Олень,1418134,2025,Russia,"комедия, мелодрама, фэнтези",Михаил Соловьёв,6.5, Художественный,99.0
Оливье,,Оливье,Оливье,1067179,2022,"Belarus, Russia","комедия, драма, мелодрама","Андрей Никифоров, Igor Chetverikov",2.0, Художественный,89.0
Олох тугэннэрэ (Моменты нашей жизни),,,,,,,,,, Художественный,100.0
Омар в большом городе 2,,,,,,,,,, Художественный,150.0
Омар в большом кино,,Омар в большом кино,Омар в большом кино,1371861,2024,Russia,"комедия, семейный",Дмитрий Грачёв,0.0, Художественный,86.0
Омен. Кладовая страхов,Possessions,Омен: Кладовая страхов,Possessions,1152619,2024,United States of America,ужасы,Brent Cote,5.5, Художественный,90.0
Омен.Непорочная,Immaculate,Омен. Непорочная,Immaculate,1041613,2024,United States of America,"ужасы, детектив, триллер",Michael Mohan,6.208, Художественный,89.0
Омерзительная четверка,,,,,,,,,, Художественный,88.0
Омоон суоллар. Искупление. (Незримые тропы. Искупление),,,,,,,,,, Художественный,102.0
Омут,,Омут,Омут,1037639,2022,"Russia, Slovenia","ужасы, триллер",Денис Крючков,5.1, Художественный,99.0
Он меня (не) любит,He loves me not,He Loves Me Not,He Loves Me Not,1231624,2024,Australia,"мелодрама, комедия",Tam Sainsbury,0.0, Художественный,97.0
Он — это пуля,God Is a Bullet,Он - это пуля,God Is a Bullet,808396,2023,"Mexico, United States of America","триллер, боевик, криминал",Nick Cassavetes,6.0, Художественный,119.0
Она такая классная (пилот),,,,,,,,,, Художественный,54.0
Она такая классная. Фильм о фильме,,,,,,,,,,Документальный,58.0
Она танцует,,Она танцует,Она танцует,772742,2024,Russia,мелодрама,Oksana Degtyareva,2.0, Художественный,60.0
Она. Татьяна Навка,,Она. Татьяна Навка,Она. Татьяна Навка,1648117,2025,Russia,документальный,Ангелина Ашман,0.0,Документальный,52.0
Онегин,,Онегин,Онегин,1214871,2024,Russia,"драма, мелодрама",Сарик Андреасян,6.8,Анимационный,86.0
Онегин,,Онегин,Онегин,1214871,2024,Russia,"драма, мелодрама",Сарик Андреасян,6.8, Художественный,141.0
Оно приходит за тобой,It Follows,Оно приходит за тобой,It Follows,270303,2015,United States of America,"ужасы, детектив",Дэвид Роберт Митчелл,6.583, Художественный,100.0
Оно. Дом зла,Bodycam,Оно. Дом зла,Bodycam,1510745,2026,Canada,ужасы,Brandon Christensen,5.616, Художественный,75.0
Оно. Кошмар на Мейпл-стрит,Traumatika,Оно. Кошмар на Мейпл-стрит,Traumatika,1319482,2025,United States of America,ужасы,Pierre Tsigaridis,5.2, Художественный,82.0
Оно. Новая глава,,Оно. Новая глава,It Feeds,1145221,2025,Canada,ужасы,Chad Archibald,6.72, Художественный,102.0
Оно. Первое пришествие,Diabolic,Оно. Первое пришествие,Diabolic,1375831,2025,Australia,ужасы,Daniel J. Phillips,6.314, Художественный,92.0
Опасная вечеринка,A Bavquet,Опасная вечеринка,A Banquet,775400,2022,United Kingdom,ужасы,Ruth Paxton,4.1, Художественный,97.0
Опасная игра,Game of love,Опасная игра,Game of Love,888479,2022,"Italy, United States of America","мелодрама, драма",Элиза Аморузо,6.063, Художественный,89.0
Опасное солнце,,,,,,,,,, Художественный,60.0
Опасные воды,The Last Breath,Опасные воды,The Last Breath,1241674,2024,"Sweden, United Kingdom","ужасы, триллер",Joachim Hedén,5.951, Художественный,96.0
Опасные отношения,Over Your Dead Body,Опасные отношения,Over Your Dead Body,1390300,2026,"United States of America, Norway, Finland","комедия, боевик, триллер",Йорма Такконе,6.4, Художественный,105.0
Опасные связи,Bone Lake,Опасные связи,Bone Lake,1330421,2025,United States of America,"ужасы, детектив, триллер",Mercedes Bryce Morgan,5.863, Художественный,94.0
Опасный мем,,Опасный мем,Dangerous meme,1701544,2023,Russia,"приключения, фэнтези, семейный",Daria Maslova,0.0, Художественный,100.0
Опасный мем,,Опасный мем,Dangerous meme,1701544,2023,Russia,"приключения, фэнтези, семейный",Daria Maslova,0.0, Художественный,176.0
Опасный свидетель,Wrong Place,Опасный свидетель,Wrong Place,921353,2022,United States of America,"боевик, криминал, триллер, драма",Mike Burns,4.348, Художественный,96.0
Операция «Холодно»,,Операция «Холодно»,Операция «Холодно»,1388433,2024,Russia,комедия,Данил Иванов,7.0, Художественный,86.0
Операция хвост и вымя,,Зина & Лёха: Операция «Хвост и вымя»,Зина & Лёха: Операция «Хвост и вымя»,1029223,2022,Russia,комедия,Roman Dorofeev,0.0, Художественный,92.0
Опередившие время,,,,,,,,,,Документальный,65.0
Оптимистическая трагедия,,Оптимистическая трагедия,Оптимистическая трагедия,198845,1963,Soviet Union,"военный, драма, история",Самсон Самсонов,5.154, Художественный,121.0
Опус,Opus,Опус,Opus,1202479,2025,United States of America,"ужасы, детектив, триллер",Mark Anthony Green,5.733, Художественный,104.0
"Оранжевая корова (серии: «Лиска уезжает», «Красный карандаш», «Непростая работа», «Мелки», «Новый самокат», «Защитник», «Особое приветствие», «Друг из озера», «День археолога», «Прятки», «Серьезный разговор», «Ганцевальное настроение», «Коробка дружбы»).",,,,,,,,,,Анимационный,84.0
Осада,american Siege,Осада,American Siege,766907,2022,"Canada, United States of America, Italy, Mexico","боевик, приключения, триллер",Эдвард Дрейк,5.341, Художественный,90.0
Освобождение,,Освобождение,Emancipation,715931,2022,United States of America,"драма, военный, история",Антуан Фукуа,7.759,Документальный,77.0
Освобождение,Liberation,Liberation,Liberation,179948,1994,,"документальный, военный, история",Arnold Schwartzman,7.857, Художественный,102.0
Осенние свадьбы,,Осенние свадьбы,Осенние свадьбы,458000,1968,Soviet Union,драма,Борис Яшин,7.333, Художественный,77.0
Осень,,Осень,Осень,72629,1974,Soviet Union,"драма, мелодрама",Андрей Смирнов,5.8, Художественный,99.0
Осетинская легенда,,Осетинская легенда,Осетинская легенда,832025,1966,Soviet Union,"история, мелодрама",Azanbek Dzhanaev,0.0, Художественный,82.0
Осечка,Misfire,Осечка,Misfire,294736,2014,United States of America,"триллер, боевик",R. Ellis Frazier,3.4, Художественный,91.0
"Осло, 31 августа","Oslo, 31.august","Осло, 31-го августа","Oslo, 31. august",75233,2011,Norway,драма,Хоаким Триер,7.489, Художественный,90.0
Особо опасный пассажир,Flight Risk,Особо опасный пассажир,Flight Risk,1126166,2025,United States of America,"боевик, триллер",Мел Гибсон,5.941, Художественный,91.0
Особые приметы: красавчик,Segni particolari:,Особые приметы: красавчик,Segni particolari: bellissimo,68275,1983,Italy,комедия,"Джузеппе Мочча, Франко Кастеллано",5.9, Художественный,90.0
Остановка,,Остановка,Остановка,570076,2018,Russia,мультфильм,Нина Бисярина,0.0, Художественный,72.0
Остаться в живых,The Boat,The Boat,Лодка,1681140,2023,Russia,драма,Сергей Саркисов,0.0, Художественный,90.0
Осторожно - любовь,,Кушать подано!,"Кушать подано! Или осторожно, любовь",154662,2006,Ukraine,"комедия, мелодрама",Максим Паперник,5.0, Художественный,110.0
Осторожно! Мечты сбываются,,Осторожно! Мечты сбываются,Осторожно! Мечты сбываются,1417512,2024,,фэнтези,Максим Воронков,0.0, Художественный,83.0
"Осторожно, коучи",,"Осторожно, коучи","Осторожно, коучи",1313575,2024,Russia,документальный,"Ксения Собчак, Родион Чепель",0.0,Научно-популярный,65.0
Остров Арарат,,Остров Арарат,Արարատ Կղզի,1472214,2025,"Russia, Armenia",драма,Дарья Полторацкая,10.0, Художественный,112.0
Остров Забвения: Харука и волшебное зеркало,Hottarake no Shima: Haruka to Mahou no Kagami,Остров забвения: Харука и волшебное зеркало,ホッタラケの島 遥と魔法の鏡,39544,2009,Japan,"мультфильм, приключения",Синсуке Сато,6.465,Анимационный,99.0
Остров Пасхи. Русский шифр,,,,,,,,,,Документальный,52.0
Остров Сухо,,Остров Сухо,Остров Сухо,1531052,,Russia,"драма, военный, история",Руслан Тихомиров,0.0, Художественный,103.0
Остров бессмертных,King Tide,Королевский прилив,The King Tide,1159477,2024,Canada,"триллер, детектив, фэнтези",Christian Sparkes,6.839, Художественный,103.0
Остров грешных,,,,,,,,,, Художественный,79.0
Остров изгоев,"Soudain, seuls",Остров изгоев,Soudain seuls,843843,2023,"Belgium, France, Iceland","триллер, драма, приключения",Тома Бидеген,6.425, Художественный,112.0
Остров иллюзий,Influencer,Остров иллюзий,Influencer,1020910,2023,"United States of America, Thailand, Canada","ужасы, триллер",Kurtis David Harder,6.291, Художественный,92.0
Остров нивхов,,Остров нивхов,Остров нивхов,1650295,2024,Russia,документальный,Ivan Golovnev,0.0,Документальный,52.0
Остров призраков,Shepherd,Shepherd,Shepherd,1194599,2023,United States of America,драма,Aaron Inman,1.0, Художественный,103.0
Остров проклятых,Shutter Island,Остров проклятых,Shutter Island,11324,2010,United States of America,"драма, триллер, детектив",Мартин Скорсезе,8.198, Художественный,138.0
Остров пропавших девчонок,Island of Lost Girls,Остров пропавших девчонок,The Island of Lost Girls,997892,2024,"United States of America, Mexico","семейный, приключения, триллер","Ann-Marie Schmidt, Brian Schmidt",5.3, Художественный,102.0
Остров сокровищ,,Остров сокровищ,Остров сокровищ,207720,1982,Soviet Union,"приключения, семейный",Владимир Воробьёв,7.133, Художественный,82.0
Осьминог,,Осьминог,Осьминог,1165114,2023,Russia,"драма, триллер",Алексей Степанов,3.5, Художественный,92.0
От ВОВ до СВО. Добровольцы,,,,,,,,,,Документальный,53.0
От конки к беспилотнику. Страницы истории. 1-я и 2-я серии,,,,,,,,,,Научно-популярный,78.0
От лекаря к врачу,,,,,,,,,,Научно-популярный,93.0
От рассвета до заката,American Carnage,От рассвета до заката,American Carnage,982752,2022,United States of America,"детектив, триллер, комедия, ужасы",Diego Hallivis,5.908, Художественный,100.0
Отбросы,,Отбросы,Отбросы,1363272,2024,Russia,"криминал, драма",Карен Арутюнов,0.0, Художественный,88.0
Отважные,,Отважные,Courageous,72213,2011,United States of America,драма,Alex Kendrick,7.624,Научно-популярный,79.0
Отважный Бим и пернатые колокольчики,Bim,Bim,Bim,249689,1974,Trinidad and Tobago,драма,Hugh A. Robertson,8.0,Анимационный,83.0
Отдохнуть по-людски,,Отдохнуть по-людски,Отдохнуть по-людски,1476018,2025,Russia,"комедия, фантастика",Андрей Никифоров,5.3, Художественный,84.0
Отец,,Крёстный отец,The Godfather,238,1972,United States of America,"драма, криминал",Фрэнсис Форд Коппола,8.687, Художественный,106.0
Отец Александр,,,,,,,,,,Документальный,101.0
Отец года,Goodrich,Отец года,Goodrich,1088096,2024,United States of America,"комедия, драма",Hallie Meyers-Shyer,6.442, Художественный,109.0
Отзвуки прошлого,The Old Way,Отзвуки прошлого,The Old Way,872954,2023,United States of America,"боевик, драма, вестерн",Brett Donowho,5.728, Художественный,94.0
Откройте кабельное,,,,,,,,,, Художественный,58.0
Открытие,,Открытие,Открытие,613968,1973,Soviet Union,драма,Барас Халзанов,10.0,Анимационный,77.0
Открытие,,Открытие,Открытие,613968,1973,Soviet Union,драма,Барас Халзанов,10.0, Художественный,55.0
Открытое море. Смерть рядом,Row,Крик в общаге,Sorority Row,26688,2009,United States of America,"ужасы, детектив",Stewart Hendler,5.564, Художественный,118.0
Открытое море: Игра на выживание,Flycatcher,Flycatcher,Flycatcher,1294812,2022,,,Forest Kinsey,0.0, Художественный,88.0
Открытое море: Монстр глубины,The Reef: Stalked,Открытое море: Монстр глубины,The Reef: Stalked,730167,2022,Australia,"ужасы, триллер",Andrew Traucki,5.386, Художественный,92.0
Отлив,,Отлив,Low Tide,493066,2019,"United Kingdom, United States of America",триллер,Kevin McMullin,6.158,Научно-популярный,61.0
"Отмороженные (серии 1, 2)",,,,,,,,,, Художественный,54.0
Отпуск без конца,Permanent Vacation,Permanent Vacation,Permanent Vacation,40727,2007,,"драма, комедия, документальный",W. Scott Peake,4.333, Художественный,75.0
Отпуск в октябре,,Отпуск в октябре,Отпуск в октябре,1162745,2023,Russia,драма,Роман Михайлов,5.0, Художественный,112.0
Отпуск не по-детски,Maison de retraite 2,Отпуск не по-детски,Maison de retraite 2,1083300,2024,France,комедия,Claude Zidi Jr.,5.343, Художественный,101.0
Отпуск по семейным обстоятельствам,See the Sea,See the Sea,See the Sea,1284031,,,,,0.0, Художественный,91.0
Отпуск по-корейски,Ajoomma,Отпуск по-корейски,花路阿朱妈,958937,2022,"Singapore, South Korea","драма, комедия",He Shuming,6.9, Художественный,90.0
Отравленная любовь,Poison,Отрава,Poison,47620,1991,United States of America,"драма, ужасы, фантастика",Тодд Хейнс,5.929, Художественный,89.0
Отражение,,Отражение тьмы,Отражение тьмы,1152368,2024,Russia,"ужасы, триллер",Серик Бейсеу,5.682, Художественный,91.0
Отражение тьмы,,Отражение тьмы,Отражение тьмы,1152368,2024,Russia,"ужасы, триллер",Серик Бейсеу,5.682, Художественный,95.0
Отражения № 3,Miroirs No. 3,Отражения № 3,Miroirs No. 3,1178602,2025,Germany,драма,Кристиан Петцольд,6.44, Художественный,86.0
Отряд Светлячков,,Отряд Светлячков,Отряд Светлячков,598217,2025,Russia,"военный, приключения, фэнтези",Станислав Мареев,1.0, Художественный,111.0
Отряд Трубачёва сражается,,Отряд Трубачева сражается,Отряд Трубачева сражается,65731,1957,Soviet Union,семейный,Илья Фрэз,7.5, Художественный,95.0
Отца сын,,Отца сын,Отца сын,1308213,2024,Russia,драма,Илья Зимин,0.0, Художественный,62.0
Отцы,,Отцы,Отцы,606196,1989,Soviet Union,драма,Аркадий Сиренко,7.5,Документальный,66.0
Отчаянные дольщики,,Отчаянные дольщики,Отчаянные дольщики,900348,2022,Russia,комедия,Илья Фарфель,6.1, Художественный,87.0
Отчаянные мстители,Freaks Out,Отчаянные мстители,Freaks Out,571468,2021,"Belgium, Italy","приключения, фэнтези, драма",Gabriele Mainetti,7.3, Художественный,141.0
Отчаянные наследники,El favor,El favor,El favor,163658,2004,Argentina,комедия,Pablo Sofovich,3.75, Художественный,98.0
Отчий дом,,Отчий дом,Отчий дом,369566,1959,Soviet Union,драма,Лев Кулиджанов,5.8, Художественный,94.0
Охота,Hunt,Охота,The Hunt,514847,2020,United States of America,"боевик, триллер, ужасы",Craig Zobel,6.646, Художественный,125.0
Охота на ведьм,Warhunt,Охота на ведьм,WarHunt,697799,2022,"Latvia, United States of America","боевик, ужасы, триллер, военный, фэнтези",Mauro Borrelli,4.98, Художественный,92.0
Охота на воров 2: Пантера,Den of Thieves 2: Pantera,Охота на воров 2: Пантера,Den of Thieves 2: Pantera,604685,2025,"Canada, United States of America","боевик, криминал, триллер",Кристиан Гьюдгэст,6.593, Художественный,130.0
Охота на киллера,CULT KILLER,Охота на киллера,Cult Killer,1059345,2024,"Ireland, United Kingdom, United States of America","детектив, триллер, криминал, ужасы",Джон Кейес,6.375, Художественный,104.0
Охота на короля,King of Killers,Охота на короля,King of Killers,1024127,2023,"Canada, United States of America","боевик, триллер",Кевин Гревье,6.266, Художественный,91.0
Охота на русского гения,,Охота на русского гения,Охота на русского гения,1247632,2024,Russia,"приключения, детектив",Mariya Efremova,0.0, Художественный,72.0
Охотник,,Морской охотник,Морской охотник,322804,1954,Soviet Union,"приключения, военный",Владимир Немоляев,10.0, Художественный,64.0
Охотники за деньгами,,Охотники за деньгами,獵金．遊戲,1200063,2025,"China, Hong Kong",драма,邱禮濤,6.0, Художественный,112.0
Охотники за призраком 2. Первая любовь,,,,,,,,,, Художественный,385.0
Охотники из рая,The Hunted,Загнанный,The Hunted,10632,2003,United States of America,"драма, боевик, триллер, криминал",William Friedkin,6.171, Художественный,94.0
Охотница за временем,Timestalker,Охотница за временем,Timestalker,706693,2024,United Kingdom,"фантастика, мелодрама, фэнтези, комедия",Элис Лоу,5.375, Художественный,88.0
Очаги. Продолжение. Жизни,,,,,,,,,,Научно-популярный,83.0
Очень большая любовь,Oversize love,Очень большая любовь,月半爱丽丝,731169,2020,China,"мелодрама, комедия",Zhang Linzi,6.1, Художественный,99.0
Очень голодные игры,The Starving Games,Очень голодные игры,The Starving Games,225703,2013,United States of America,комедия,"Jason Friedberg, Aaron Seltzer",4.237, Художественный,83.0
Очень лысая поездка,Por Los Pelos,Очень лысая поездка,Por los pelos,826218,2022,Spain,комедия,Nacho G. Velilla,6.4, Художественный,106.0
Очень плохая девчонка,Sick Girl,Очень плохая девчонка,Sick Girl,618165,2023,United States of America,комедия,Jennifer Cram,4.759, Художественный,99.0
Очень плохая семейка,The Estate,The Estate,The Estate,1321764,2025,United Kingdom,"триллер, драма",Carlo Gabriel Nero,0.0, Художественный,96.0
Очень плохие родители,You Keep The Kids!,Очень плохие родители,Mamá o papá,755437,2021,Spain,"комедия, семейный",Дани Де ла Орден,7.1, Художественный,102.0
Очень странные каникулы,Räkä ja Roiskis,Очень странные каникулы,Räkä ja Roiskis,716869,2024,Finland,"семейный, приключения, комедия",Теэму Никки,5.9, Художественный,89.0
Очи,The Legend of Ochi,Очи,The Legend of Ochi,896536,2025,"United States of America, Finland","семейный, фэнтези, приключения",Исайя Саксон,6.177, Художественный,95.0
ПЁС-САМУРАЙ И ГОРОД КОШЕК,Blazing Samurai,Пёс-самурай и город кошек,Paws of Fury: The Legend of Hank,366672,2022,"Canada, China, United Kingdom, United States of America","мультфильм, приключения, комедия, семейный","Роб Минкофф, Крис Бейли, Mark Koetsier",6.631,Анимационный,97.0
ПАДШИЕ АНГЕЛЫ,THE FALLEN ANGELS,Moses - Fallen in the City of Angels,Moses - Fallen in the City of Angels,863910,2005,United States of America,боевик,Ben Maccabee,10.0, Художественный,99.0
ПАМЯТЬ,MEMORY,Флешбэк,Memory,818397,2022,United States of America,"боевик, триллер, криминал",Мартин Кэмпбелл,6.731, Художественный,103.0
ПАНДА,Panda Plan 2: The Magical Tribe,Операция «Панда». Дикая миссия,熊猫计划之部落奇遇记,1421552,2026,China,"боевик, комедия, семейный, фэнтези",Сюй Хун Юй,6.5, Художественный,100.0
ПАНИЧЕСКИЕ АТАКИ,,Панические атаки,Панические атаки,1213778,2024,Russia,драма,Иван И. Твердовский,1.0, Художественный,112.0
ПАПА ИЗ СПЕЦНАЗА,THE RETIREMENT PLAN,Папа из спецназа,The Retirement Plan,866346,2023,United States of America,"боевик, комедия, криминал",Tim Brown,5.9, Художественный,103.0
"ПАПА, НЕ ЗВЕЗДИ! ",La tête dans les étoiles,"Папа, не звезди!",La Tête dans les étoiles,1035459,2023,"Belgium, France",комедия,Emmanuel Gillibert,6.1, Художественный,95.0
ПАПЫ,,Папы,Папы,598214,2022,Russia,"мелодрама, драма","Сергей Юдаков, Армен Ананикян, Анна Матисон, Карен Оганесян",4.0, Художественный,108.0
ПАРАНОЙЯ,Paranoia,Паранойя,Paranoia,115348,2013,"India, United States of America","драма, триллер",Robert Luketic,5.723, Художественный,99.0
ПАТХАН. СХВАТКА СО СМЕРТЬЮ,Pathaan,पठान II,पठान II,1247526,,India,боевик,,0.0, Художественный,147.0
ПЕКАРЬ,THE BAKER,Пекарь,The Baker,823395,2023,Canada,"боевик, драма, криминал",Jonathan Sobol,6.3, Художественный,104.0
ПЕРВЫЕ НАВСЕГДА,,,,,,,,,,Документальный,58.0
ПЕРВЫЙ НА ОЛИМПЕ,,Первый на Олимпе,Первый на Олимпе,1273698,2025,Russia,драма,Артём Михалков,6.167, Художественный,106.0
ПЕРЕВОПЛОТИТЬСЯ. ZOLOTO,,,,,,,,,,Музыкально-развлекательный,130.0
ПЕРЕРОЖДЕННЫЕ,DIE ALONE,Перерожденные,Die Alone,1141182,2024,Canada,"ужасы, триллер, фантастика",Lowell Dean,6.132, Художественный,91.0
ПЕРМЬ. ДОМ УЧЕНЫХ,,,,,,,,,,Документальный,85.0
ПЕРМЬ. ЗЕЛЁНЫЕ ОСТРОВА ПРИРОДЫ. Записки киноохотника,,,,,,,,,,Документальный,80.0
ПЕСНЯ В БОКАЛЕ,,Песня в бокале,Песня в бокале,1650297,2025,Russia,документальный,Maria Razdorskaya,0.0,Документальный,60.0
ПИГСИ: путешествие сквозь время,PIGSY,Pigsy Rescues vs Leopard,Pigsy Rescues vs Leopard,1078401,1959,,,Lee Hsing,0.0,Анимационный,95.0
ПИРАТЫ ОПАСНОГО МОРЯ: КАПИТАН КЛЫК,Captain Sabertooth and the Countess of Grel,Пираты опасного моря: Капитан Клык,Kaptein Sabeltann og Grevinnen av Gral,1342341,2025,Norway,"мультфильм, семейный, приключения","Are Austnes, Rasmus A. Sivertsen, Yaprak Morali",6.6,Анимационный,76.0
ПЛАНЕТА,,Планета 888,Планета 888,1048144,1985,Soviet Union,"фантастика, мультфильм",Vladimir Mailian,8.0, Художественный,111.0
ПЛАСТ,,Пласт,Пласт,952311,2022,Russia,"драма, криминал",Станислав Сапачёв,0.0, Художественный,102.0
ПО СЛЕДАМ НАЧАЛЬНИКА ЧУКОТКИ,,,,,,,,,,Документальный,60.0
ПО СЛЕДУ ТЕНИ,SIX JOURS,По следу тени,Six jours,1025527,2024,France,"триллер, боевик",Хуан Карлос Медина,5.951, Художественный,101.0
ПО ФРЕЙДУ,FREUD' LAST SESSION,По Фрейду,Freud's Last Session,1025491,2023,"Ireland, United Kingdom, United States of America",драма,Matt Brown,6.585, Художественный,106.0
ПОБЕГ,ESCAPE,План побега,Escape Plan,107846,2013,"United Kingdom, United States of America","боевик, триллер",Микаэль Хофстрём,6.722, Художественный,126.0
ПОВЕЛИТЕЛЬ: Священное Королевство (версия с субтитрами),OVERLORD: The Sacred Kingdom,Повелитель: Священное королевство,劇場版「オーバーロード」聖王国編,1014505,2024,Japan,"боевик, приключения, мультфильм, фэнтези",Наоюки Ито,7.874,Анимационный,133.0
ПОВЕЛИТЕЛЬ: Священное Королевство (дубляж Студийная Банда),OVERLORD: The Sacred Kingdom,Повелитель: Священное королевство,劇場版「オーバーロード」聖王国編,1014505,2024,Japan,"боевик, приключения, мультфильм, фэнтези",Наоюки Ито,7.874,Анимационный,133.0
ПОД ОГНЁМ,WARFARE,Под огнём,Warfare,1241436,2025,"United Kingdom, United States of America","военный, боевик","Ray Mendoza, Алекс Гарленд",7.076, Художественный,95.0
ПОДАРОК ФЕИ,,,,,,,,,, Художественный,94.0
ПОДЕЛЬНИКИ,,Подельники,Подельники,713174,2022,Russia,драма,Евгений Григорьев,6.6, Художественный,109.0
ПОЖИРАТЕЛЬ,CONSUMED,Употреблено,Consumed,333665,2015,United States of America,"триллер, драма",Daryl Wein,5.523, Художественный,89.0
ПОЛНАЯ ПЕРЕЗАГРУЗКА,REBOOT CAMP,Полная перезагрузка,Reboot Camp,750600,2020,United States of America,комедия,Ivo Raza,4.1, Художественный,97.0
ПОСЛЕ. НАВСЕГДА,AFTER EVERYTHING AKA AFTER 5,После. Навсегда,After Everything,820525,2023,United States of America,"мелодрама, драма",Castille Landon,6.885, Художественный,91.0
ПОСЛЕДНИЙ ДРАКОН,DRAGONKEEPER,Последний дракон,Guardiana de dragones (Dragonkeeper),588648,2024,"China, Spain","мультфильм, семейный, боевик, приключения, фэнтези","Jian-Ping Li, Salvador Simó",7.6,Анимационный,99.0
ПОСЛЕДНИЙ СВИДЕТЕЛЬ,,Последний свидетель,Последний свидетель,1250321,2023,Russia,документальный,Андрей Фёдоров,0.0,Документальный,53.0
ПОСЛЕДНЯЯ КОРОЛЕВА,THE LAST QUEEN,The Last Queen on Earth,The Last Queen on Earth,732471,2020,United States of America,"комедия, драма, ужасы",Michael Shumway,6.0, Художественный,113.0
ПОСЛЕДНЯЯ ОХОТА,THE LAST MANHUNT,Последняя охота,The Last Manhunt,754452,2022,United States of America,"вестерн, криминал, драма, мелодрама",Кристиан Камарго,5.851, Художественный,103.0
ПОСЛУШАЙ,,"Послушай, Феллини!..","Послушай, Феллини!..",474898,1993,Russia,драма,"София Милькина, Михаил Швейцер",0.0,Научно-популярный,94.0
ПОХИЩЕННАЯ КРАСОТА,,,,,,,,,,Документальный,52.0
ПРАЗДНИКИ,,Праздники,Праздники,1152710,2023,Russia,комедия,Борис Дергачёв,7.0, Художественный,80.0
ПРАХ ВРЕМЕН,Dubg che sai duk/Aches of time: Redux,Прах времен,東邪西毒,40751,1994,"Hong Kong, Taiwan, China","драма, боевик",Вон Ка-Вай,7.067, Художественный,93.0
ПРАХ ВРЕМЕН. ВОЗВРАЩЕНИЕ,Aches of time: Redux,,,,,,,,, Художественный,93.0
ПРИКЛЮЧЕНИЯ ПАДДИНГТОНА 3,"""PADDINGTON IN PERU"" aka ""PADDINGTON 3""",Приключения Паддингтона 3,Paddington in Peru,516729,2024,"United Kingdom, Japan","приключения, комедия, семейный",Dougal Wilson,6.808, Художественный,106.0
ПРИКЛЮЧЕНИЯ ПАНДЫ,PANDA BEAR IN AFRICA,Приключения панды,Pandabeer in Afrika,676685,2024,"Denmark, Estonia, France, Germany, Netherlands","мультфильм, приключения, комедия, семейный","Karsten Kiilerich, Richard Claus",7.1,Анимационный,89.0
ПРИСЦИЛЛА: ЭЛВИС И Я,PRISCILLA,Присцилла: Элвис и я,Priscilla,1020006,2023,"Italy, United States of America","драма, мелодрама",София Коппола,6.716, Художественный,112.0
ПРИТВОРИСЬ МОЕЙ НЕВЕСТОЙ,L'heureuse élue,Притворись моей невестой,L'heureuse élue,1235502,2024,France,"комедия, мелодрама",Frank Bellocq,5.0, Художественный,90.0
ПРИШЕЛЬЦЫ,ALIENOID,Пришельцы,외계+인 1부,601796,2022,South Korea,"фантастика, боевик, фэнтези, приключения",Чхве Дон-хун,6.8, Художественный,142.0
ПРИШЕЛЬЦЫ: НАЗАД В БУДУЩЕЕ,Alienoid: The Return to the Future,Пришельцы. Назад в будущее,외계+인 2부,626412,2024,South Korea,"боевик, фэнтези, приключения, фантастика",Чхве Дон-хун,6.636, Художественный,122.0
ПРО.ЗРЕНИЕ,,Про.зрение,Про.зрение,1637116,2025,Russia,драма,Сергей Виноградов,0.0, Художественный,121.0
ПРОДАВЕЦ СЧАСТЛИВОЙ ПИЦЦЫ,,,,,,,,,, Художественный,83.0
ПРОСТОЧЕЛОВЕК,,Просточеловек,Просточеловек,1001903,2022,Russia,драма,Яна Климова-Юсупова,0.0, Художественный,117.0
ПРОТИВ ВЕТРА,,Против ветра,Против ветра,889086,2024,Russia,документальный,Татьяна Соболева,0.0,Документальный,93.0
"ПСИХОТЕРАПИЯ: НЕЗАТЕЙЛИВАЯ ИСТОРИЯ ПИСАТЕЛЯ, КОТОРЫЙ РЕШИЛ НАПИСАТЬ О СЕРИЙНОМ УБИЙЦЕ",PSYCHO THERAPY: THE SHALLOW TALE OF A WRITER WHO DECIDED TO WRITE ABOUT A SERIAL KILLER ,"Психотерапия: Поверхностная история писателя, который решил написать о серийном убийце",Psycho Therapy: The Shallow Tale of a Writer Who Decided to Write About a Serial Killer,681434,2025,"Turkey, United States of America","криминал, комедия",Tolga Karaçelik,6.933, Художественный,102.0
ПУШИСТЫЙ ФОРСАЖ: ГРАН ПРИ,GRAND PRIX OF EUROPE,Пушистый форсаж: Гран-при Европы,Grand Prix of Europe,1316147,2025,"Germany, United Kingdom","мультфильм, приключения, комедия",Waldemar Fast,7.139,Анимационный,98.0
ПЯТЬ ПРОЦЕНТОВ,,Пять процентов,Пять процентов,1112412,2023,Russia,комедия,Дмитрий Светозаров,5.7, Художественный,104.0
ПЯТЬ СЫНОВЕЙ МАРИИ,,Пять сыновей Марии,Пять сыновей Марии,1450370,2025,Russia,драма,Павел Игнатов,0.0, Художественный,94.0
Павел I,,Иоан Павел II: Святой человек,Non avere paura - Un'amicizia con Papa Wojtyla,704636,2014,Italy,"телевизионный фильм, драма",Andrea Porporati,5.9, Художественный,134.0
Падает снег,,Падает снег,Падает снег,1649659,,Russia,"комедия, драма",Евгения Громова,0.0, Художественный,85.0
Падение Луны,Moonfall,Падение Луны,Moonfall,406759,2022,"Hong Kong, United Kingdom, United States of America","фантастика, приключения, боевик",Роланд Эммерих,6.253, Художественный,131.0
Падение Токио,Tokyo Shaking,Падение Токио,Tokyo Shaking,785199,2021,"Belgium, France",драма,Olivier Peyon,6.1, Художественный,97.0
Падение империи,Civil War,Падение империи,Civil War,929590,2024,"Finland, United Kingdom, United States of America","военный, боевик, драма",Алекс Гарленд,6.9, Художественный,109.0
Падение короны,The Flood,Наводнение,The Flood,1006462,2023,"Thailand, United States of America","боевик, детектив, триллер, ужасы",Brandon Slagle,6.1, Художественный,101.0
Палата,,Палата,The Ward,45657,2010,"United Kingdom, United States of America","ужасы, триллер",Джон Карпентер,5.752, Художественный,80.0
Палата №6,,Палата N°6,Палата N°6,72819,2009,Russia,драма,"Карен Шахназаров, Aleksandr Gornovsky",4.7, Художественный,90.0
Пальма 2,,Пальма 2,Пальма 2,1214069,2025,Russia,"драма, семейный",Vladimir Kondaurov,6.1, Художественный,127.0
Память сердец,Goldsmith's Secret,Память сердец,El secreto del orfebre,1310861,2025,Spain,"драма, мелодрама",Olga Osorio,7.302, Художественный,99.0
Панда из космоса,Mozart from Space,Моцарт из космоса,外太空的莫扎特,753569,2022,China,"фантастика, комедия, фэнтези, драма",Чэнь Сы Чэн,3.6, Художественный,136.0
Пантафа - пожирательница душ,Pantafa,Пантафа - пожирательница душ,Pantafa,876619,2023,Italy,ужасы,Emanuele Scaringi,4.5, Художественный,104.0
Папа,Ezra,Папа,Ezra,977262,2024,United States of America,"комедия, драма",Тони Голдуин,6.907, Художественный,100.0
Папа для всех 2,,,,,,,,,, Художественный,177.0
Папа может,,Папа может,Папа может,1519621,2026,Russia,"комедия, семейный",Дмитрий Суворов,5.5, Художественный,89.0
Папа умер в субботу,,Папа умер в субботу,Папа умер в субботу,1033786,2025,Russia,драма,Зака Абдрахманова,7.0, Художественный,92.0
"Папа, ты где…",,,,,,,,,, Художественный,95.0
Папаша в бегах,,Папаша в бегах,Папаша в бегах,1200535,2023,Russia,"комедия, приключения",Алексей Южаков,9.0, Художественный,96.0
Папины дочки. Мама вернулась,,Папины дочки. Мама вернулась,Папины дочки. Мама вернулась,1492201,2025,Russia,"комедия, семейный",Анатолий Колиев,6.0, Художественный,92.0
Папины дочки. Новогодние,,Папины дочки. Новогодние,Папины дочки. Новогодние,1225025,2023,Russia,"комедия, семейный, телевизионный фильм",Дмитрий Грибанов,7.2, Художественный,85.0
Папины дочки. Новые,,,,,,,,,, Художественный,97.0
Папу маме заверни,,Папу маме заверни,Папу маме заверни,1266523,2024,Russia,"комедия, семейный",Иван Архипов,7.5, Художественный,107.0
Папуля,Daddio,Папуля,Daddio,843416,2024,"United States of America, Luxembourg",драма,Кристи Холл,6.29, Художественный,100.0
Папы против мам,,Папы против мам,Папы против мам,1063806,2023,Russia,"комедия, семейный",Максим Малинин,6.0, Художественный,95.0
Пара на пару,,Пара на пару,Пара на пару,1381950,2025,Russia,комедия,Владимир Котт,5.5, Художественный,92.0
Парад планет,,Парад планет,Парад планет,600740,2018,Russia,драма,Vera Smolina,0.0, Художественный,96.0
Парадокс времени,Danger! Danger!,Danger 44,Danger 44,477031,1999,,,Азазель Джейкобс,9.0, Художественный,72.0
Паралимпиец,,Паралимпиадашы,Паралимпиадашы,1105203,2022,Kazakhstan,драма,Алдияр Байракимов,9.5, Художественный,123.0
Паранормальное явление. Сеул,Homecam,감시,감시,1496962,2025,South Korea,,김현수,0.0, Художественный,93.0
Паранормальное явление. Шум,Noijeu,Паранормальное явление. Шум,노이즈,1194963,2025,South Korea,"ужасы, триллер",김수진,6.857, Художественный,93.0
Паранормальное. Маяк,Faro,Паранормальное. Маяк,Faro,1172604,2024,"Argentina, Spain","ужасы, триллер, драма",Ángeles Hernández,6.0, Художественный,99.0
Паранормальное. Прямой эфир,Historia de lo oculto,Historia de lo oculto,Historia de lo oculto,649294,2023,Argentina,"драма, ужасы, триллер",Cristian Ponce,6.91, Художественный,86.0
Паранормальное. Страна призраков,The Resurrection of Charles Manson ,Паранормальное. Страна призраков,The Resurrection of Charles Manson,942251,2023,United States of America,"ужасы, триллер",Remy Grillo,4.0, Художественный,78.0
Паранормальные,De uskyldige / The Innocents,Паранормальные,De uskyldige,660942,2021,"Denmark, Finland, France, Norway, Sweden","ужасы, драма, фэнтези",Eskil Vogt,6.893, Художественный,117.0
Паранормальные явления. Дом призраков,Deadstream,Паранормальные явления. Дом призраков,Deadstream,886083,2022,"United States of America, United Kingdom","ужасы, комедия, фэнтези","Vanessa Winter, Joseph Winter",6.324, Художественный,87.0
Паранормальные явления. Другое измерение,The Bridge Curse: Ritual,Паранормальные явления: Другое измерение,女鬼橋2：怨鬼樓,999087,2023,Taiwan,"ужасы, триллер",奚岳隆,6.1, Художественный,102.0
Паранормальные явления. Медиум,Rang Zong,Паранормальные явления. Медиум,ร่างทรง,745881,2021,"South Korea, Thailand","ужасы, детектив",บรรจง ปิสัญธนะกูล,7.0, Художественный,131.0
Паранормальные явления. Мост призраков,Nu gui qiao,Проклятый мост,女鬼橋,678489,2020,Taiwan,"ужасы, триллер, детектив",奚岳隆,6.347, Художественный,88.0
Паранормальные явления. Отель призраков,Mean Spirited,Паранормальные явления: Отель призраков,Mean Spirited,876711,2023,United States of America,"ужасы, комедия",Jeff Ryan,6.2, Художественный,96.0
Паранормальные явления. Поместье призраков,Dagr,Паранормальные явления: Поместье призраков,Dagr,1208704,2024,United Kingdom,"ужасы, комедия",Matthew Butler-Hart,4.021, Художественный,80.0
Паранормальные явления. Ритуальный дом,#chadgetstheaxe,#ChadGetsTheAxe,#ChadGetsTheAxe,1051518,2022,United States of America,"ужасы, комедия",Travis Bible,5.158, Художественный,83.0
Паранормальные явления. Скинамаринк,Skinamarink,Паранормальные явления: Скинамаринк,Skinamarink,994143,2023,Canada,ужасы,Kyle Edward Ball,5.344, Художественный,99.0
Паранормальные явления: Обитель зла,Pasar Setan,Pasar Setan,Pasar Setan,1148358,2024,Indonesia,ужасы,Wisnu Surya Pratama,8.2, Художественный,96.0
Парень встречает девушку,Boy meets girl,Boy Meets Girl,Boy Meets Girl,263105,2014,United States of America,"комедия, драма, мелодрама",Eric Schaeffer,6.628, Художественный,104.0
Парень с того света,The lonelies boy in the world,Парень с того света,The Loneliest Boy in the World,992277,2022,United States of America,"комедия, ужасы",Martin Owen,4.713, Художественный,95.0
Пари по-итальянски,La scommessa - Una notte in corsia,Пари по-итальянски,La scommessa - Una notte in corsia,1116144,2024,Italy,комедия,Giovanni Dota,7.208, Художественный,85.0
"Париж, 13-й округ",,"Париж, 13-й округ",Les Olympiades,746131,2021,France,"драма, мелодрама",Жак Одиар,6.862, Художественный,104.0
"Париж, Техас","Paris, Texas","Париж, Техас","Paris, Texas",655,1984,"United Kingdom, Germany, France",драма,Вим Вендерс,8.092, Художественный,146.0
"Париж, я люблю тебя","Paris, je t'aime","Париж, я люблю тебя","Paris, je t'aime",2266,2006,"France, Liechtenstein, Switzerland, Germany, United States of America","драма, мелодрама","Olivier Assayas, Frédéric Auburtin, Gurinder Chadha, Sylvain Chomet, Isabel Coixet, Уэс Крэйвен, Альфонсо Куарон, Жерар Депардье, Christopher Doyle, Richard LaGravenese, Винченцо Натали, Александр Пэйн, Вальтер Саллес, Oliver Schmitz, 諏訪敦彦, Daniela Thomas, Том Тыквер, Гас Ван Сент, Джоэл Коэн, Итан Коэн, Bruno Podalydès",6.754, Художественный,115.0
Париж. Всё включено,Life for Real,Colin Hay: Waiting for My Real Life,Colin Hay: Waiting for My Real Life,350675,2015,,"музыка, документальный","Aaron Faulls, Nate Gowtham",5.3, Художественный,109.0
Парни не танцуют,Rumba La Vie,Парни не танцуют,Rumba la vie,665388,2022,France,комедия,Франк Дюбоск,6.184, Художественный,100.0
Парни под прикрытием,Panama,Парни под прикрытием,Panama,628878,2022,"Puerto Rico, United States of America","триллер, боевик",Mark Neveldine,5.177, Художественный,95.0
Парни с тату. Прямо в сердце,Marked Men,Парни с тату. Прямо в сердце,Marked Men: Rule + Shaw,1078600,2025,United States of America,"мелодрама, драма",Nick Cassavetes,6.66, Художественный,93.0
Паровоз Генерал,"The ""General""",Паровоз Генерал,The General,961,1926,United States of America,"боевик, приключения, комедия, военный, мелодрама, драма","Clyde Bruckman, Бастер Китон",7.919, Художественный,80.0
Пароль от сердца,So tutto di te,So tutto di te,So tutto di te,1148714,2023,Italy,комедия,Roberto Lipari,6.4, Художественный,90.0
"Паром ""Анна Каренина",,"Паром ""Анна Каренина""","Паром ""Анна Каренина""",1026185,1992,Russia,драма,Александра Яковлева,0.0, Художественный,114.0
Паромщик,,Паромщик,Barquero,32142,1970,United States of America,вестерн,Gordon Douglas,6.25, Художественный,121.0
Партенопа,Parthenope,Партенопа,Parthenope,1109255,2024,"France, Italy",драма,Паоло Соррентино,6.7, Художественный,127.0
Партизан,Partisan,Партизанка,The Partisan,1159939,2025,"Poland, United Kingdom, France","военный, триллер, история",James Marquand,6.026, Художественный,98.0
Партитура. Молодая музыка России,,,,,,,,,,Документальный,52.0
Парящий тигр ,The Tiger Rising,Парящий тигр,The Tiger Rising,793269,2022,United States of America,"приключения, семейный, драма",Ray Giarratana,5.5, Художественный,102.0
Пассажир,,Пассажир,Passenger,1368314,2026,United States of America,"ужасы, триллер",Андре Эвредал,5.944, Художественный,95.0
Пассажиры,,Пассажиры,Passengers,274870,2016,United States of America,"драма, мелодрама, фантастика",Мортен Тильдум,6.954, Художественный,80.0
Пассажиры ночи,Les passagers de la nuit,Пассажиры ночи,Les Passagers de la nuit,895659,2022,France,драма,Mikhaël Hers,6.9, Художественный,111.0
Пастбища богов,,Пастбища богов,Пастбища богов,1587494,2026,Russia,"приключения, боевик",Анар Аббасов,0.0, Художественный,120.0
Пастбища богов (версия 16+),,,,,,,,,, Художественный,100.0
Патруль Дино: В поисках древнего динозавра,Jurassic Cops the Movie: The Search for Legendary Ancient Creatures,Патруль Дино: В поисках древнего динозавра,쥬라기캅스 극장판: 전설의 고대생물을 찾아라,1314448,2024,,"мультфильм, приключения, фэнтези, фантастика",Lee Jae-min,0.0,Анимационный,75.0
Патруль времени,Timecop,Патруль времени,Timecop,8831,1994,"United States of America, Japan, Canada","триллер, фантастика, боевик, криминал",Peter Hyams,6.011, Художественный,100.0
Патруль. Миссия Тамби,,Патруль. Миссия Тамби,Патруль. Миссия Тамби,1555889,2025,Kazakhstan,,,0.0, Художественный,82.0
Патруль. Последний приказ,,Патруль. Последний приказ,Патруль. Последний приказ,1464799,2025,Kazakhstan,комедия,Рустем Омаров,4.0, Художественный,96.0
Патэма наоборот ,Sakasama no Patema/Patema inverted,Патэма наоборот,サカサマのパテマ,212167,2013,Japan,"мультфильм, фантастика, приключения, драма",吉浦康裕,7.37,Анимационный,99.0
Патэма наоборот (субтитры),Sakasama no Patema/Patema inverted,Патэма наоборот,サカサマのパテマ,212167,2013,Japan,"мультфильм, фантастика, приключения, драма",吉浦康裕,7.37,Анимационный,99.0
Паутина страха,Vermines,Паутина страха,Vermines,1063879,2023,France,"ужасы, триллер",Sébastien Vaniček,6.565, Художественный,106.0
Пацан против всех,Boy Kills World,Пацан против всех,Boy Kills World,882059,2024,United States of America,"криминал, триллер, боевик",Мориц Мор,6.701, Художественный,107.0
Пацаны Василия Великого,,,,,,,,,,Документальный,56.0
Пациенты,The Immaculate Room,Пациенты,The Immaculate Room,806929,2022,United States of America,"детектив, триллер, драма, фантастика",Мукунда Майкл Дьюил,5.254, Художественный,91.0
Пелевин,,Пелевин,Пелевин,1045732,2022,Russia,"документальный, мультфильм",Родион Чепель,10.0,Документальный,91.0
Пена,,Пена,Пена,639206,1979,Soviet Union,комедия,Александр Стефанович,5.4,Документальный,84.0
Пепел и Доломит,,Пепел и доломит,Пепел и доломит,1219672,2024,Russia,драма,Toma Selivanova,5.0, Художественный,88.0
Первая,,Первая,Первая,1618337,2026,Russia,драма,Аня Харичева,1.0, Художественный,98.0
Первая Ведьма. Долина Дьявола,Death Whisperer 3,Первая ведьма. Долина дьявола,ธี่หยด 3,1410399,2025,Thailand,"ужасы, боевик, триллер","Narint Yuvaboon, Thanadet Pradit",6.645, Художественный,104.0
Первая ведьма. Новые души,Tee yod 2,Первая ведьма. Новые души,ธี่หยด 2,1247019,2024,Thailand,"ужасы, триллер, боевик",Taweewat Wantha,6.9, Художественный,112.0
Первая ведьма. Реинкарнация,Tee Yod,Первая ведьма: Реинкарнация,ธี่หยด,1134433,2023,Thailand,"ужасы, триллер",Taweewat Wantha,7.4, Художественный,121.0
Первая дуэль,The Edge of the Blade,On the Edge of 'Blade Runner',On the Edge of 'Blade Runner',85214,2000,United Kingdom,"документальный, телевизионный фильм",Эндрю Эбботт,7.7, Художественный,100.0
Первая корова,First Cow,Первая корова,First Cow,558582,2020,United States of America,"драма, вестерн",Kelly Reichardt,7.064, Художественный,121.0
Первая любовь,,Первая любовь,Первая любовь,64064,2009,Russia,"комедия, семейный",Егор Дружинин,1.0, Художественный,89.0
Первая любовь,First Love,Первая любовь,First Love,834742,2022,United States of America,"мелодрама, драма",A.J. Edwards,5.7, Художественный,96.0
Первое лето,,Её первое лето,Primanerinnen,267258,1951,,,Рольф Тиле,8.0, Художественный,89.0
Первые ведьмы. Потомство,True Fear,Angstlust - Faszination True Crime,Angstlust - Faszination True Crime,1180405,2023,Germany,документальный,Memo Jeftic,0.0, Художественный,92.0
Первый Оскар,,Первый Оскар,Первый Оскар,598212,2022,Russia,"драма, боевик, история",Сергей Мокрицкий,6.4, Художественный,119.0
Первый встречный,Marry Me,Первый встречный,Marry Me,615904,2022,"China, United States of America","мелодрама, комедия, музыка",Kat Coiro,6.62, Художественный,112.0
Первый день моей жизни,The First Day of My Life,The First Day of My Life,The First Day of My Life,589121,2005,Canada,драма,David Uloth,10.0, Художественный,121.0
Первый рейс к звездам,,Первый рейс к звездам,Первый рейс к звездам,454159,1961,Soviet Union,документальный,"Илья Копалин, Grigory Kosenko, Dmitriy Bogolepov",0.0,Документальный,54.0
Перевод с турецкого,,,,,,,,,, Художественный,179.0
Переводчик,The Covenant/The Interpreter,Переводчик,Guy Ritchie's The Covenant,882569,2023,"United Kingdom, United States of America","военный, боевик, триллер",Гай Ричи,7.717, Художественный,122.0
Перевозчик душ,Black Cab,Перевозчик душ,Black Cab,1286767,2024,"France, United Kingdom","ужасы, триллер",Bruce Goodison,4.667, Художественный,91.0
Переговорщик: Операция Дамаск,,Переговорщик «Операция Дамаск»,Переговорщик «Операция Дамаск»,1667844,2026,Russia,драма,Станислав Сапачёв,0.0, Художественный,92.0
Перегонщик,,Перегонщик,Перегонщик,1591602,2024,Kyrgyz Republic,"триллер, криминал",Учкун Жакыпбеков,0.0, Художественный,63.0
Перейти Байкал,,Перейти Байкал,Перейти Байкал,1236759,2023,Russia,документальный,Anastasia Emelyanova,0.0,Научно-популярный,61.0
Переправа,,Переправа,Crossing Over,15577,2009,United States of America,"криминал, драма",Wayne Kramer,6.111,Документальный,82.0
Переулок мучениц,Martyrs Lane,Переулок Мучениц,Martyrs Lane,797815,2022,United Kingdom,ужасы,Ruth Platt,6.066, Художественный,96.0
Переходный возраст,,Переходный возраст,Переходный возраст,598211,,Russia,"комедия, музыка",Вадим Валиуллин,0.0, Художественный,89.0
Пермь. Балет. Опера,,Пермь. Балет. Опера,Пермь. Балет. Опера,1679305,2023,Russia,документальный,Dmitry Bogdanov,0.0,Документальный,56.0
Пернатый патруль,Goldbeak / Chicken Vs. Eagles,Пернатый патруль,老鹰抓小鸡,879913,2021,China,"мультфильм, приключения, семейный","Dong Long, Nigel W. Tierney",7.25,Анимационный,94.0
Перо и шпага. История одной авантюры,,,,,,,,,,Документальный,104.0
Песни лета,,Песни лета,Песни лета,977158,2022,Russia,"комедия, фэнтези",Дмитрий Давыдов,0.0, Художественный,120.0
Песни моря,,Песни моря,Песни моря,499108,1971,"Romania, Soviet Union",музыка,Франчиск Мунтяну,5.875, Художественный,86.0
Песня Сирин,,Песня Сирин,Песня Сирин,1464881,2024,Belarus,мультфильм,Елена Турова,0.0,Анимационный,85.0
Песочный человек,Eye for an Eye,Песочный человек,Eye for an Eye,1199869,2025,"United States of America, United Kingdom",ужасы,Colin Tilley,5.745, Художественный,99.0
Петербург в разрезе,,,,,,,,,,Документальный,56.0
Петербург! Жизнь в городе...,,Петербург! Жизнь в городе...,Петербург! Жизнь в городе...,1370475,2024,Russia,документальный,Ashot Dzhazoyan,0.0,Документальный,60.0
Петербургский дневник. Подчеркивая главное,,,,,,,,,,Научно-популярный,151.0
Петля времени,Looper,Петля времени,Looper,59967,2012,United States of America,"боевик, триллер, фантастика",Райан Джонсон,6.909, Художественный,118.0
Петр I. Последний царь и первый император,,Пётр I. Последний царь и первый император,Петр I. Последний царь и первый император,1034612,2022,Russia,"история, драма",Андрей Кравчук,2.0, Художественный,113.0
Петрушка,,Петрушка,Петрушка,1494140,2026,Russia,"комедия, фэнтези, семейный",Павел Воронин,0.0, Художественный,91.0
Пещера,,Пещера,La cueva,253376,2014,Spain,"ужасы, приключения",Alfredo Montero,5.914, Художественный,81.0
Пиккадилли,Piccadilly,Piccadilly,Piccadilly,51079,1929,United Kingdom,"драма, криминал",E.A. Dupont,6.529, Художественный,97.0
Пиковая дама,,Пиковая дама,Пиковая дама,160532,1910,Russia,"ужасы, драма",Пётр Чардынин,4.818, Художественный,169.0
Пила X,Saw X,Пила X,Saw X,951491,2023,United States of America,"ужасы, детектив",Кевин Гротерт,7.163, Художественный,119.0
Пила. Джокер,DarkGame,Пила. Джокер,DarkGame,1160923,2024,United Kingdom,"ужасы, триллер",Говард Дж. Форд,5.135, Художественный,101.0
Пила. Наследие,Nine Windows,Пила. Наследие,9 Windows,1355581,2024,United States of America,"криминал, детектив, ужасы, триллер",Lou Simon,4.9, Художественный,82.0
Пилот,,Пилот,Modelář,637236,2020,"Czech Republic, Slovakia, Slovenia",драма,Petr Zelenka,5.182, Художественный,536.0
Пилот,,Пилот,Modelář,637236,2020,"Czech Republic, Slovakia, Slovenia",драма,Petr Zelenka,5.182, Художественный,75.0
Пингвин,LITTLE EGGS: A FROZEN RESCUE,Крутые яйца: Миссия «Пингвин»,Huevitos congelados,573171,2022,Mexico,"мультфильм, приключения, комедия, семейный","Rodolfo Riva Palacio Alatriste, Gabriel Riva Palacio Alatriste",7.6,Анимационный,91.0
Пингвинёнок Пороро. Нападение монстров,Pororo and Friends: Virus Busters,Пингвинёнок Пороро. Нападение монстров,극장판 뽀로로와 친구들: 바이러스를 없애줘!,1039470,2022,South Korea,"мультфильм, семейный, приключения, фэнтези, фантастика",Park Young-kyun,10.0,Анимационный,63.0
Пингвинёнок Пороро. Подводные приключения,Pororo: Underwater adventure,Пингвинёнок Пороро: Подводные приключения,뽀로로 극장판 바닷속 대모험,1290773,2025,South Korea,"мультфильм, семейный, приключения, фэнтези",윤제완,0.0,Анимационный,72.0
Пингвинёнок Пороро. Приключения в замке дракона,Pororo Dragon Castle Adventure,Пингвинёнок Пороро: Приключения в замке дракона,뽀로로 극장판 드래곤캐슬 대모험,979688,2022,South Korea,"мультфильм, семейный, приключения, фэнтези","윤제완, Kang Seung-hun",7.5,Анимационный,70.0
Пингвинёнок Пороро. Приключения в мире сладостей,Pororo the Movie: Sweet Castle Adventure,Пингвинёнок Пороро: Приключения в мире сладостей,뽀로로 극장판 스위트캐슬 대모험,1565545,2025,South Korea,"мультфильм, семейный, приключения, фэнтези",Cheon Yu-rim,7.0,Анимационный,67.0
Пинеточная страна,,,,,,,,,,Анимационный,64.0
Пинк Флойд: Стена,Pink Floyd: The Wall,Стена,Pink Floyd: The Wall,12104,1982,United Kingdom,"музыка, драма",Алан Паркер,7.9, Художественный,95.0
Пиноккио. Правдивая история,,Пиноккио. Правдивая история,Пиноккио. Правдивая история,597840,2021,"Hungary, Russia","мультфильм, фэнтези, семейный",Василий Ровенский,2.9,Анимационный,94.0
Пионеры пластика,Plastic Pioneers,Plastic Pioneers,Plastic Pioneers,882749,2021,United Kingdom,документальный,Mike Wafer,0.0,Научно-популярный,83.0
Пираты галактики «Барракуда»,,Пираты галактики Барракуда,Пираты галактики Барракуда,1214077,2024,Russia,"приключения, фантастика",Антон Борматов,6.1, Художественный,92.0
Письма о любви,Four Letters of Love,Письма о любви,Four Letters of Love,1293244,2025,"Ireland, United Kingdom","мелодрама, драма",Polly Steele,6.143, Художественный,109.0
Письмо Деду Морозу,,Письмо Деду Морозу,Письмо Деду Морозу,1513222,2025,Russia,комедия,Кирилл Кузин,5.5, Художественный,92.0
Письмо для Момо,Momo e no tegami,Письмо для Момо,ももへの手紙,100271,2012,Japan,"комедия, фэнтези, мультфильм, драма, семейный",Хироюки Окиура,7.33,Анимационный,120.0
Питер Доэрти: Незнакомец в моей шкуре,Peter Doherty: Stranger in My Own Skin,Peter Doherty: Stranger In My Own Skin,Peter Doherty: Stranger In My Own Skin,958163,2023,United Kingdom,"документальный, музыка",Katia de Vidas,6.9,Научно-популярный,91.0
Питер Пэн. Кошмар в Нетландии,Peter Pan's Neverland Nightmare,Питер Пэн. Кошмар в Нетландии,Peter Pan's Neverland Nightmare,1020414,2025,United Kingdom,"ужасы, триллер, фэнтези",Scott Chambers,5.662, Художественный,89.0
Питомец Юрского периода. Возвращение домой,The Adventures of Jurassic Pet: Return to the Wild,Питомец Юрского периода. Возвращение домой,The Adventures of Jurassic Pet: Return to the Wild,1365401,2024,United States of America,"приключения, семейный, фантастика, комедия","Ryan Bellgardt, Chris Hoyt",6.0, Художественный,82.0
Питомец Юрского периода. Утраченная тайна,The Adventures Of Jurassic Pet: The Lost Secret,Питомец Юрского периода: Утраченная тайна,The Adventures of Jurassic Pet 2: The Lost Secret,1065826,2023,United States of America,"семейный, приключения, фантастика, комедия",Ryan Bellgardt,4.8, Художественный,84.0
Плагиатор,,Плагиатор,Плагиатор,1285846,2025,Russia,"музыка, комедия, мелодрама, фантастика",Антон Мегердичев,7.0, Художественный,126.0
Плакать нельзя,,Плакать нельзя,Плакать нельзя,790690,2022,Russia,драма,Наталья Назарова,6.7, Художественный,125.0
Плакса,,Плакса,Cry-Baby,9768,1990,United States of America,"комедия, мелодрама",Джон С. Уотерс,6.532, Художественный,86.0
Пламенное сердце,Fireheheart,Пламенное сердце,Fireheart,778810,2022,"Canada, France, United Kingdom","мультфильм, приключения, семейный, комедия","Theodore Anthony Lee Ty, Laurent Zeitoun",7.214,Анимационный,93.0
План Ле Корбюзье: Буэнос-Айрес,Plan para Buenos Aires,Plan para Buenos Aires,Plan para Buenos Aires,960748,2022,Argentina,документальный,Gerardo Panero,7.0,Научно-популярный,80.0
Планета Джанет,Janet Planet,Планета Джанет,Janet Planet,1037035,2024,"United Kingdom, United States of America",драма,Annie Baker,6.043, Художественный,113.0
Планета Иж,,,,,,,,,,Документальный,81.0
Планета Максимус,,Планета Максимус,Планета Максимус,1186064,2023,Russia,драма,Александр Петров,0.0, Художественный,96.0
Планета по имени Андрей,,,,,,,,,,Документальный,52.0
Плевако,,А защищал ее Плевако,А защищал ее Плевако,1584083,1916,Russia,,Николай Козловский,0.0, Художественный,523.0
Плевако (Первая серия),,,,,,,,,, Художественный,59.0
Плейстоценовый парк,Pleistocene Park,Pleistocene Park,Pleistocene Park,943431,2022,"Russia, United States of America",документальный,Luke Griswold-Tergis,0.0,Научно-популярный,100.0
Плодородная почва,Fertile Ground,Плодородная почва,Fertile Ground,64853,2011,United States of America,ужасы,Adam Gierasch,4.3, Художественный,95.0
Плотник,,Плотник,Плотник,1006779,2022,Russia,драма,Авдотья Смирнова,3.0, Художественный,108.0
Плоть и дьявол,Flash and the Devil,Плоть и дьявол,Flesh and the Devil,38687,1926,United States of America,"драма, мелодрама",Кларенс Браун,7.162, Художественный,103.0
Плохая девочка,Babygirl,Плохая девочка,Babygirl,1097549,2024,"United States of America, Netherlands","мелодрама, триллер",Халина Рейн,5.7, Художественный,114.0
Плохие парни,Bad Hombres,Плохие парни,Bad Hombres,1054866,2025,United States of America,"криминал, триллер",Джон Сталберг,6.889, Художественный,95.0
Плуг и звезды,The Plough and the Stars,Плуг и звёзды,The Plough and the Stars,173456,1936,United States of America,драма,Джон Форд,5.722, Художественный,66.0
Пляжная вечеринка,Costa!,Costa!,Costa!,73678,2001,Netherlands,"мелодрама, комедия",Johan Nijenhuis,5.529, Художественный,101.0
По барам,,По барам,По барам,1270727,2025,Russia,комедия,Александр Фомин,5.9, Художественный,97.0
По законам улиц,55,55 шагов,55 Steps,445456,2018,"Belgium, United States of America, Germany",драма,Bille August,6.694, Художественный,102.0
По зову сердца,,По зову сердца,По зову сердца,1402690,1986,Soviet Union,"военный, драма","Суламифь Цыбульник, Галина Шигаева",8.0, Художественный,122.0
По любви,,По любви,По любви,1404309,2025,Russia,комедия,Boris Milovanov,6.1, Художественный,73.0
По наклонной плоскости,Downhill,На склоне,Downhill,560391,2020,United States of America,"драма, комедия","Нат Факсон, Джим Рэш",5.237, Художественный,92.0
По правилам и без,L'innocent,L'Innocent,L'Innocent,136365,2012,France,"драма, телевизионный фильм",Pierre Boutron,6.7, Художественный,98.0
По следам Александра Невского,,,,,,,,,,Документальный,132.0
По ступеням любви,,,,,,,,,, Художественный,196.0
По щучьему велению,,По щучьему велению,По щучьему велению,1033774,2023,Russia,"фэнтези, приключения, семейный",Александр Войтинский,7.61, Художественный,117.0
По-братски,,По-братски,По-братски,1540667,2025,Russia,комедия,"Филипп Абрютин, Оксана Лахно",4.0, Художественный,97.0
По-мужски,,По-мужски,По-мужски,927714,2022,Russia,драма,Maksim Kulagin,6.5, Художественный,106.0
Побег из будущего,Boonie Bears: Future Return,Побег из будущего,熊出没·重启未来,1377650,2025,China,"мультфильм, фантастика, комедия",Yongchang Lin,8.6,Анимационный,107.0
Побег из зоопарка,"Akiko, the Flying Monkey",Побег из зоопарка,"Akiko, der fliegende Affe",1119402,2025,Germany,семейный,Veit Helmer,4.5, Художественный,71.0
Побег из космоса,Bonnie Bears: Back To Earth,Побег из космоса,熊出没·重返地球,931404,2022,China,"мультфильм, семейный, фантастика, приключения, комедия",Huida Lin,6.8,Анимационный,97.0
Побег из лабиринта времени,Boonie Bears: Time Twist,Побег из лабиринта времени,熊出没·逆转时空,1228564,2024,China,"мультфильм, комедия, фантастика, семейный",Huida Lin,8.0,Анимационный,105.0
Побег из плена,Prisoner of War,Военнопленный,Prisoner of War,1328803,2025,"Philippines, United States of America","боевик, военный, триллер, история",Луис Мэндилор,7.077, Художественный,113.0
Побег из страны роботов,Boonie Bears: Guardian Code,Побег из страны роботов,熊出没·伴我“熊芯”,1078012,2023,China,"мультфильм, комедия, фантастика, семейный, приключения","Yongchang Lin, Heqi Shao",7.0,Анимационный,94.0
Победившее детство,,Победившее детство,Победившее детство,1276213,2023,Russia,документальный,Alexander Ilyin,0.0,Документальный,53.0
Побратимы,,,,,,,,,,Документальный,53.0
Побудь со мной,,Побудь со мной,Побудь со мной,1545946,,Russia,триллер,Илья Аксенов,0.0, Художественный,94.0
Повезло с братом!,Geugeotmani nae sesang,Повезло с братом,그것만이 내 세상,438623,2018,South Korea,"драма, комедия",최성현,8.042, Художественный,120.0
Повелитель ветра,,Повелитель ветра,Повелитель ветра,589756,2023,Russia,"приключения, история",Игорь Волошин,5.524, Художественный,99.0
Повелитель морей: Магеллан,Sin limites,Sin límites,Sin límites,1326876,2024,,документальный,Gerardo Diego,0.0, Художественный,234.0
Повелительница города сказок,Dalia and the Red Book,Повелительница города сказок,Dalia y el libro rojo,1333099,2024,"Argentina, Brazil, Colombia, Ecuador, Peru, Spain","приключения, драма, фэнтези, мультфильм",David Bisbano,7.3,Анимационный,84.0
Повесть о светлом мальчике,,Повесть о светлом мальчике,Повесть о светлом мальчике,1463397,2024,,,"Vitaly Petrov, Rodan Oorzhak",0.0, Художественный,99.0
Повесть о человеческом сердце,,Повесть о человеческом сердце,Повесть о человеческом сердце,701519,1976,Soviet Union,"драма, мелодрама",Даниил Храбровицкий,8.0, Художественный,140.0
Повесть пламенных лет,,Повесть пламенных лет,Повесть пламенных лет,198902,1961,Soviet Union,"военный, драма",Юлия Солнцева,5.227, Художественный,106.0
Поводок,,Поводок,Поводок,1320374,2024,Russia,драма,Yuliya Kolesnik,3.5, Художественный,109.0
Поворот не туда. Дом зла,The Price We Pay,Поворот не туда: Дом зла,The Price We Pay,996727,2023,United States of America,"боевик, триллер, детектив, криминал, ужасы",北村龍平,5.8, Художественный,84.0
Пограничный пёс Алый,,Пограничный пес Алый,Пограничный пес Алый,335047,1979,Soviet Union,"приключения, драма",Юлий Файт,5.3, Художественный,63.0
Под куполом,,Под куполом,Под куполом,598016,,Russia,"фантастика, приключения",Александр Богуславский,0.0, Художественный,88.0
Под наблюдением,Wire Room,Под наблюдением,Wire Room,921360,2022,United States of America,"боевик, криминал",Matt Eskandari,6.078, Художественный,96.0
Под облаками,Rien a foutre,Под облаками,Rien à foutre,833326,2022,"Belgium, France","драма, комедия","Julie Lecoustre, Emmanuel Marre",6.313, Художественный,113.0
Подарок,The Present,Подарок,The Present,1011516,2024,United States of America,"комедия, фэнтези, семейный",Кристиан Диттер,6.267, Художественный,86.0
Подвал господина Гринберга,,Подвал господина Гринберга,Подвал господина Гринберга,1186067,2023,Russia,"криминал, триллер",Андрей Паюков,3.5, Художественный,103.0
Подвиг разведчика,,Подвиг разведчика,Подвиг разведчика,158719,1947,Soviet Union,"триллер, военный",Борис Барнет,5.6, Художественный,92.0
Подводный капкан,The Dive,Подводный капкан,The Dive,1109534,2023,"Belgium, France, Germany, Malta, United Kingdom","триллер, приключения",Maximilian Erlenwein,6.283, Художественный,91.0
Подданные революции,,Подданные революции,Подданные революции,639306,1988,Soviet Union,драма,Сергей Мартьянов,0.0, Художественный,90.0
Подземная бездна,Last Stop: Rocafort St.,Подземная бездна,Estación Rocafort,1276210,2024,Spain,"ужасы, детектив",Luis Prieto,5.375, Художественный,86.0
Подмена,Bloat,Подмена,Bloat,937393,2025,"Japan, France, United States of America, Russia",ужасы,Pablo Absento,5.397, Художественный,86.0
Подростки. Первая любовь,,Подростки: Первая любовь,Подростки: Первая любовь,1318336,2024,Russia,мелодрама,Святослав Подгаевский,0.0, Художественный,102.0
Подрыв,,Подрыв,Подрыв,1121913,2023,Belarus,"драма, военный, история",Иван Павлов,5.0, Художественный,105.0
Подстава,Blowback,Подстава,Blowback,972313,2022,United States of America,"боевик, детектив, триллер, криминал",Tibor Takács,6.091, Художественный,93.0
Поедем с тобой в Макао,,Поедем с тобой в Макао,Поедем с тобой в Макао,1204931,2023,Russia,драма,Роман Михайлов,0.0, Художественный,83.0
Поезд-призрак,Ghost Train,Ghost Train,Ghost Train,1058998,2022,United Kingdom,комедия,Rhys Aaron Lewis,6.0, Художественный,95.0
Поездка в Милан,La mia ombra e tua,Поездка в Милан,La mia ombra è tua,863928,2022,Italy,драма,Eugenio Cappuccio,5.25, Художественный,107.0
Поехавшая,,Поехавшая,Поехавшая,999590,2023,Russia,"комедия, приключения, драма",Антон Маслов,7.3, Художественный,110.0
Поехали!,En Roue Libre,Поехали!,En roue libre,892494,2022,France,"комедия, драма",Didier Barcelo,6.7, Художественный,89.0
Пожалей меня!,Give Me Pity!,Give Me Pity!,Give Me Pity!,916138,2023,United States of America,"музыка, комедия, триллер",Amanda Kramer,8.0,"Прочее (Учебный, Спектакль, …)",79.0
Пожары,Incendies,Пожары,Incendies,46738,2010,"Canada, France","драма, военный, детектив",Дени Вильнёв,8.103, Художественный,131.0
Пожиратель грехов,Curse of the Sin Eater,Пожиратель грехов,Curse of the Sin Eater,1201697,2024,United States of America,"ужасы, триллер",Justin Denton,5.636, Художественный,90.0
Пожиратель душ. Голоса мертвых,Sorop,Пожиратель душ. Голоса мертвых,Sorop,1322593,2024,Indonesia,"ужасы, триллер, детектив",Upi Avianto,6.5, Художественный,103.0
Позывной Барон,,Позывной «Барон»,Позывной «Барон»,1049603,2022,,"боевик, криминал, драма",,0.0, Художественный,118.0
"Поймай собаку, если сможешь",,"Поймай собаку, если сможешь","Поймай собаку, если сможешь",1285842,2024,Russia,комедия,Анна Курбатова,9.0, Художественный,96.0
Поймать монстра,Dust Bunny,Поймать монстра,Dust Bunny,1043197,2025,"United States of America, Canada, Hungary","фэнтези, боевик, ужасы",Bryan Fuller,6.8, Художественный,106.0
Пока идет война,Mientras Dure la Guerra/While at War,Во время войны,Mientras dure la guerra,542921,2019,"Argentina, Spain","драма, история, военный",Алехандро Аменабар,7.056, Художественный,107.0
Пока не наступит лето,Till the Summer Comes,"V lete ti poviem, ako sa mám","V lete ti poviem, ako sa mám",835381,2022,"Czech Republic, Slovakia",комедия,Marta Ferencová,4.4, Художественный,112.0
Пока небо смотрит,,Пока небо смотрит,Пока небо смотрит,1639585,2026,Russia,"драма, музыка",Роман Михайлов,0.0, Художественный,75.0
Покерфейс,Poker Face,Покерфейс,Poker Face,842934,2022,United States of America,"триллер, криминал",Рассел Кроу,5.57, Художественный,95.0
Поклонение,Adoration,Тайное влечение,Adoration,111190,2013,"Australia, France",драма,Anne Fontaine,6.111, Художественный,107.0
Покойный Матиас Паскаль,Feu Mathias Pascal,Покойный Матиас Паскаль,Feu Mathias Pascal,66148,1925,France,драма,Marcel L'Herbier,6.963, Художественный,119.0
Поле чудес,,Поле чудес,Поле чудес,1457517,2025,Russia,"комедия, драма, семейный",Анна Сичинская,0.0, Художественный,87.0
"Полет, изменивший мир",,,,,,,,,,Научно-популярный,102.0
Полицейская история: в осаде,Police Story: Lockdown,Полицейская история: В осаде,警察故事2013,219572,2013,"China, Hong Kong","боевик, криминал, драма",Дин Шэн,6.2, Художественный,110.0
Полицейский с YouТюба,,,,,,,,,, Художественный,88.0
Полная совместимость,,,,,,,,,, Художественный,395.0
Полночное солнце,Midnight Sun,Полночное солнце,Midnight Sun,419478,2018,United States of America,"мелодрама, драма",Скотт Спир,7.804, Художественный,109.0
Полночь с дьяволом,Late Night with the Devilag of Lies,Полночь с дьяволом,Late Night with the Devil,938614,2024,"Australia, United Arab Emirates, United States of America",ужасы,"Cameron Cairnes, Colin Cairnes",7.107, Художественный,93.0
Полтергейст,The Ghost Within,Полтергейст,The Ghost Within,1089951,2023,United Kingdom,ужасы,Lawrence Fowler,5.9, Художественный,103.0
Полтергейст: Другое измерение,Don't Turn Out the Lights,Полтергейст. Другое измерение,Don't Turn Out the Lights,1186023,2024,United States of America,ужасы,Andy Fickman,4.455, Художественный,109.0
Полутон,UNDERTONE,Полутон,undertone,1480387,2026,"Canada, United States of America","ужасы, детектив",Ian Tuason,6.24, Художественный,94.0
Полёт над Калининградом,,,,,,,,,,Документальный,52.0
Помилование,,Помилование,Помилование,1109137,2023,Russia,драма,Айнур Аскаров,6.0, Художественный,100.0
Помнить,Remember,Помнить,Remember,302528,2015,"Canada, Germany, Mexico, South Africa","драма, триллер, детектив",Atom Egoyan,7.362, Художественный,128.0
Помнящие,,Иваново счастье,Иваново счастье,743128,2021,Russia,"драма, комедия, мелодрама",Иван Соснин,4.7,Документальный,55.0
Помпоко: Война тануки в период Хэйсэй,Heisei tanuki gassen pompoko,Помпоко: Война тануки в период Хэйсэй,平成狸合戦ぽんぽこ,15283,1994,Japan,"приключения, мультфильм, фэнтези",Исао Такахата,7.173,Анимационный,119.0
Попутчики,,Попутчики,La compagna di viaggio,5082,1981,Italy,комедия,Ferdinando Baldi,4.682, Художественный,80.0
Порко Россо,Porko Rosso,Порко Россо,紅の豚,11621,1992,Japan,"мультфильм, приключения, фэнтези",Хаяо Миядзаки,7.801,Анимационный,93.0
Портной из Бруклина,,Портной из Бруклина,Портной из Бруклина,1170810,2023,Russia,драма,Евгений Серов,0.0, Художественный,76.0
После Янга,After Yang,После Янга,After Yang,585378,2022,United States of America,"фантастика, драма",Когонада,6.412, Художественный,95.0
После успеха,,,,,,,,,,Документальный,86.0
После. Долго и счастливо,AFTER 4,Four Years After,Four Years After,1235425,2022,Philippines,драма,Maki Makilan,0.0, Художественный,95.0
Последнее завтра,Hurry Up Tomorrow,Последнее завтра,Hurry Up Tomorrow,1093237,2025,United States of America,"музыка, триллер, драма",Trey Edward Shults,5.096, Художественный,103.0
Последнее замыкание. Конец света,The Last Spark of Hope,Последнее замыкание. Конец света,W nich cała nadzieja,1153470,2023,Poland,"драма, фантастика",Piotr Biedroń,5.843, Художественный,89.0
Последнее пришествие дьявола,The Exorcism of God,Последнее пришествие дьявола,The Exorcism of God,836225,2022,"Mexico, United States of America, Venezuela","ужасы, криминал, драма, фэнтези",Alejandro Hidalgo,7.072, Художественный,98.0
Последний Сезон,,Последний сезон,Последний сезон,1489004,2025,Russia,документальный,Вадим Жуланов,0.0,Научно-популярный,52.0
Последний богатырь. Наследие (серии 1-2),,,,,,,,,, Художественный,128.0
Последний бой Ильшата Гарайханова,,Последний бой Ильшата Гарайханова,Последний бой Ильшата Гарайханова,1140155,2023,Russia,документальный,Evgeniy Barkhanov,0.0,Документальный,54.0
Последний день Земли,Survivre,Последний день Земли,Survivre,1196470,2024,France,"фантастика, триллер, приключения, боевик",Frédéric Jardin,5.803, Художественный,90.0
Последний день рождения,,Последний день рождения,Последний день рождения,1421001,2025,Russia,"драма, триллер",Юрий Ильин,4.6, Художественный,87.0
Последний император,The Last Emperor,Последний император,The Last Emperor,746,1987,"China, France, Italy, United Kingdom","драма, история",Bernardo Bertolucci,7.581, Художественный,163.0
Последний клиент,The Last Client,Последний клиент,Klienten,934287,2022,Denmark,"триллер, криминал",Anders Rønnow Klarlund,7.237, Художественный,97.0
Последний мамонт,,Последний мамонт,Последний мамонт,1650302,2025,Russia,документальный,Андрей Тимощенко,0.0,Документальный,92.0
Последний материк,,Последний материк,Последний материк,1327965,2024,Russia,документальный,"Vasilisa Yurenkova, Grigory Yaroshenko",5.8,Документальный,94.0
Последний наёмник,In the Land of Saints and Sinners,Последний наёмник,In the Land of Saints and Sinners,1027073,2023,"Belgium, France, Ireland, Switzerland, United States of America","боевик, триллер, криминал",Robert Lorenz,6.448, Художественный,106.0
Последний охотник на демонов,Home sweet home Rebirth,Последний охотник на демонов,Home Sweet Home: Rebirth,1353117,2025,"Thailand, United States of America","ужасы, фэнтези, триллер, детектив, боевик","Александр Кисл, Штеффен Хакер",5.937, Художественный,93.0
Последний приказ,The Last Command,The Last Command,The Last Command,43197,1955,United States of America,"история, вестерн, военный",Frank Lloyd,6.7, Художественный,96.0
Последний рейд,Long Gone Heroes,Давно забытые герои,Long Gone Heroes,1276825,2024,"Colombia, Puerto Rico, United States of America","боевик, военный, криминал, триллер",John Swab,5.379, Художественный,97.0
Последний рейс,Paradise Highway,Последний рейс,Paradise Highway,939979,2022,"Germany, Switzerland, United States of America","триллер, криминал, драма",Anna Gutto,5.92, Художественный,115.0
Последний ронин ,,Последний Ронин,Последний Ронин,1188064,2024,Russia,"фантастика, драма, боевик",Max Shishkin,5.75, Художественный,120.0
Последний ронин ,,Последний Ронин,Последний Ронин,1188064,2024,Russia,"фантастика, драма, боевик",Max Shishkin,5.75, Художественный,99.0
Последний стрелок,The Last Rifleman,Последний стрелок,The Last Rifleman,763144,2023,United Kingdom,"драма, история, военный",Terry Loane,6.6, Художественный,99.0
Последний сын,The Last Son,Последний сын,The Last Son,729577,2021,United States of America,"вестерн, боевик, приключения, драма",Tim Sutton,5.601, Художественный,97.0
Последний теплоход,,Последний теплоход,Последний теплоход,1137352,2023,Russia,документальный,Илья Желтяков,0.0,Документальный,92.0
Последний экзорцист,Shadow of God,Последний экзорцист,Shadow of God,1227003,2025,Canada,ужасы,Майкл Питерсон,5.711, Художественный,87.0
Последняя жертва,The Last Victim,Последняя жертва,The Last Victim,866254,2022,United States of America,"криминал, триллер, вестерн, детектив, боевик",Naveen A. Chathapuram,5.186, Художественный,111.0
Последняя неделя лета,L'ultima settimana di settembre,Последняя неделя лета,L’ultima settimana di settembre,1190397,2024,Italy,драма,Gianni De Blasi,6.4, Художественный,90.0
Последняя субкультура,,,,,,,,,,Научно-популярный,135.0
Последняя цена,,Последняя цена,Последняя цена,1257753,2024,Russia,драма,Naur Garmelia,0.0, Художественный,105.0
Посмотри на меня: ЭксЭксЭксТентасьон (XXXTentacion),Look at me: XXXTentacion,Посмотри на меня: XXXTentacion,Look at Me: XXXTENTACION,934042,2022,United States of America,"документальный, музыка",Sabaah Folayan,6.474,Научно-популярный,113.0
Посредник,The Middle Man,Посредник,The Middle Man,646376,2021,"Canada, Denmark, Germany, Norway","комедия, драма",Bent Hamer,6.091, Художественный,95.0
Посредники,Beurokeo,Посредник,브로커,736732,2022,South Korea,драма,Хирокадзу Корээда,7.158, Художественный,129.0
Пост Мортем,Post Mortem,Пост Мортем,Post Mortem,655363,2020,Hungary,"ужасы, детектив, триллер",Bergendy Péter,6.667, Художественный,115.0
Посторонний (дубляж),L'Etranger,Посторонний,L'Étranger,1429348,2025,"France, Belgium, Morocco","драма, криминал",Франсуа Озон,6.818, Художественный,122.0
Посторонний (субтитры),L'Etranger,Посторонний,L'Étranger,1429348,2025,"France, Belgium, Morocco","драма, криминал",Франсуа Озон,6.818, Художественный,122.0
Постучись в мою Тверь,,Постучись в мою Тверь,Постучись в мою Тверь,1265310,2025,Russia,"комедия, мелодрама",Симон Багдасарян,6.4, Художественный,91.0
Потерянная принцесса,The Lost Princess,Потерянная принцесса,The Lost Princess,1086910,2025,"United States of America, Morocco","боевик, приключения",Hicham Hajji,6.3, Художественный,96.0
Потеряшки и тайна волшебной пирамиды,Trash,Свалка,Trash,206563,2014,"Brazil, United Kingdom, Germany","приключения, криминал, драма, триллер, детектив",Stephen Daldry,7.059,Анимационный,88.0
Потрошитель. Наследие,Bloodline Killer,Потрошитель. Наследие,Bloodline Killer,1058710,2024,United States of America,"ужасы, триллер",Ante Novakovic,6.19, Художественный,105.0
Потустороннее ,The Darker the Lake,Потустороннее,The Darker the Lake,934957,2022,Hong Kong,"криминал, триллер, детектив, ужасы",Lok Kwan Woo,5.6, Художественный,95.0
Поуехавшие: возрождение российской глубинки,,,,,,,,,,Документальный,226.0
Похитители велосипедов,Ladri di biciclette,Похитители велосипедов,Ladri di biciclette,5156,1948,Italy,драма,Витторио Де Сика,8.2, Художественный,88.0
Похищенная,Stolen Girl,Похищенная,Stolen Girl,1280450,2025,"United Kingdom, United States of America","триллер, боевик, приключения",James Kent,6.205, Художественный,105.0
Похищенный,Kidnapped,Похищенный,Kidnapped,142150,1995,United States of America,"боевик, приключения, телевизионный фильм",Ivan Passer,6.273, Художественный,134.0
Походу любовь,,Походу любовь,Походу любовь,1382019,2025,Russia,"комедия, мелодрама",Яна Климова-Юсупова,5.5, Художественный,92.0
Похожий человек,,Похожий человек,Похожий человек,1010428,2022,Russia,драма,Семён Серзин,5.5, Художественный,73.0
Поцелуй,The Kiss,Поцелуй женщины-паука,Kiss of the Spider Woman,1214684,2025,"United Kingdom, United States of America","мелодрама, музыка, драма, триллер",Билл Кондон,5.9, Художественный,114.0
Почему Москва?,,,,,,,,,,Документальный,53.0
Почему Ты?,,Почему ты?,Почему ты?,1267217,2024,Russia,"мелодрама, драма",Александр Прост,7.054, Художественный,104.0
Почтарь,,Почтарь,Почтарь,1285845,2025,Russia,"военный, драма, детектив",Андрей Разенков,7.0, Художественный,98.0
Почти как все,,Почти как все,Почти как все,1087304,2023,Russia,драма,Illarion Yakovlev,0.0, Художественный,105.0
Пошехонская старина (киноальманах),,,,,,,,,, Художественный,77.0
Пошумим!,Rattled!,Пошумим!,Rattled!,1016326,2022,United States of America,"комедия, криминал","Dmitry Golovin, Bryan C. Watkins",4.5, Художественный,76.0
Поэма о крыльях,,Поэма о крыльях,Поэма о крыльях,419601,1979,"Soviet Union, East Germany, France, Cuba",драма,Даниил Храбровицкий,10.0, Художественный,162.0
Поэт Никто,,,,,,,,,, Художественный,133.0
Правда,,Правда,Правда,536907,1957,Soviet Union,"драма, история","Виктор Добровольский, Исаак Шмарук",9.0, Художественный,97.0
Правдивая история Кота в сапогах,La Veritable Histoire du Chat Botte,Правдивая история Кота в сапогах,La véritable histoire du Chat Botté,25353,2009,"Belgium, France, Switzerland","семейный, приключения, мультфильм","Macha Makeïeff, Jérôme Deschamps, Pascal Hérold",4.8,Анимационный,82.0
Праведник,,Праведник,Праведник,864120,2023,Russia,"военный, драма, история",Сергей Урсуляк,7.286, Художественный,163.0
Правила Филиппа,,Правила Филиппа,Правила Филиппа,1320393,2025,Russia,драма,Roman Kosov,0.0, Художественный,87.0
Правила геймера,,Правила геймера,Правила геймера,983139,2018,Belarus,"приключения, семейный",Igor Chetverikov,0.0, Художественный,99.0
Правила игры,La Règle du jeu,Правила игры,La Règle du jeu,776,1939,France,"драма, комедия, мелодрама",Jean Renoir,7.5, Художественный,80.0
Правильное кино,,,,,,,,,, Художественный,1539.0
Право женщин на море,,Право женщин на море,Право женщин на море,1555398,,,,,0.0,Научно-популярный,96.0
Право на жизнь,Das Recht zu leben,Das Recht zu leben,Das Recht zu leben,517736,1927,"Austria, Germany",драма,Robert Wohlmuth,0.0, Художественный,83.0
Право на лево,,Право на лево,Право на лево,1387402,2024,Russia,комедия,Гарик Петросян,1.0, Художественный,85.0
Правосудие превыше всего,Justice d`abord,Justice d'abord,Justice d'abord,284643,1921,France,драма,Яков Протазанов,7.0, Художественный,52.0
Пражский студент,Der Student von Prag,Пражский студент,Der Student von Prag,28627,1913,Germany,"драма, фэнтези",Stellan Rye,6.055, Художественный,124.0
Праздник,,Праздник,Праздник,541021,2019,Russia,комедия,Алексей Красовский,5.9, Художественный,73.0
Пранкер,,Пранкеры,The Prank,934201,2024,United States of America,"комедия, триллер, криминал, ужасы",Морин Бхаруча,5.588, Художественный,65.0
Пранкеры,THE PRANK,Пранкеры,The Prank,934201,2024,United States of America,"комедия, триллер, криминал, ужасы",Морин Бхаруча,5.588, Художественный,95.0
Превратности любви,,Превратности любви,Playing by Heart,825,1998,"United States of America, United Kingdom","комедия, драма, мелодрама",Willard Carroll,6.606, Художественный,183.0
Предки,,Дикие предки,Early Man,387592,2018,"United Kingdom, France","семейный, комедия, мультфильм, приключения",Ник Парк,6.141,Анимационный,79.0
Предлагаемые обстоятельства,,Предлагаемые обстоятельства,Предлагаемые обстоятельства,1193477,2023,Russia,документальный,Никита Ефимов,0.0,Документальный,75.0
Предостережение,Caveat,Предостережение,Caveat,744746,2021,"Ireland, United Kingdom","ужасы, детектив",Damian McCarthy,6.355, Художественный,87.0
Предприниматели,,Предприниматели,Предприниматели,1426307,1985,Soviet Union,документальный,Виктор Семенюк,0.0, Художественный,184.0
Предчувствие,THE BEAST,Красавица и Чудовище,Beauty and the Beast,10020,1991,United States of America,"мелодрама, семейный, мультфильм, фэнтези","Гари Труздейл, Kirk Wise",7.727, Художественный,146.0
Презрение,Le mepris,Презрение,Le Mépris,266,1963,"France, Italy","драма, мелодрама",Жан-Люк Годар,7.022, Художественный,104.0
Преодолевая сахар ,,Преодолевая сахар,Преодолевая сахар,1650306,2025,Russia,документальный,Alexander Shmakov,0.0,Документальный,63.0
Преподы на всю голову,,Преподы на всю голову,Преподы на всю голову,1011313,2022,Russia,комедия,"Ерзия Ертлес, Andrey Yavshits",0.0, Художественный,70.0
Преступление и наказание,,Преступление и наказание,Преступление и наказание,69631,1970,Soviet Union,"драма, криминал",Лев Кулиджанов,5.926,Анимационный,120.0
Преступления будущего,Crimes of the Future,Преступления будущего,Crimes of the Future,819876,2022,"Canada, Greece, United Kingdom, France, United States of America","фантастика, ужасы, триллер",Дэвид Кроненберг,6.021, Художественный,107.0
Преступный квест,Apex,На вершине,Apex,1318447,2026,"United States of America, Iceland, Australia","боевик, триллер",Бальтасар Кормакур,6.687, Художественный,89.0
При чём тут любовь?,What’s Love Got to Do with It?,На что способна любовь,What's Love Got to Do with It,15765,1993,United States of America,"драма, музыка, история",Brian Gibson,7.051, Художественный,109.0
Прибытие. Новый контакт,The Bunker,Бункер,The Bunker,7454,2001,United States of America,"ужасы, детектив, драма",Rob Green,5.713, Художественный,89.0
"Привет, мама",,"Привет, мама","Привет, мама",1162493,2023,Russia,драма,Ilya Malakhova,5.3, Художественный,114.0
Приговор,,Приговор,Приговор,619626,2008,Russia,драма,Сергей Борчуков,0.0, Художественный,99.0
Приговор (серии № 7-10 из 10),,,,,,,,,, Художественный,185.0
Приговор (серии №№ 3-6 из 10),,,,,,,,,, Художественный,191.0
Приграничье,,Приграничье,Приграничье,1662673,2026,Russia,документальный,Владислав Рытков,0.0,Документальный,52.0
Призрак,A Day to Die,"Крепкий орешек: Хороший день, чтобы умереть",A Good Day to Die Hard,47964,2013,United States of America,"боевик, триллер",John Moore,5.332, Художественный,105.0
Призрак в доспехах,Ghost in the Shell,Призрак в доспехах,Ghost in the Shell,315837,2017,"China, Hong Kong, India, United States of America","фантастика, драма, боевик",Руперт Сандерс,6.107,Анимационный,83.0
Призрак в доспехах 2. Невинность,Ghost in the shell 2. Innocence,Как создавался «Призрак в доспехах 2: Невинность»,The Making of Ghost in the Shell 2: Innocence,948766,2004,Japan,документальный,,6.5,Анимационный,99.0
Призрак монахини из Борли,Ghosts of Borley Rectory,Призрак монахини из Борли,The Ghosts of Borley Rectory,802777,2021,United Kingdom,"история, ужасы, драма",Steven M. Smith,4.8, Художественный,77.0
Призрак у озера,The Other Child,Призрак у озера,미혹,1017089,2022,South Korea,"детектив, триллер",Kim Jin-young,4.3, Художественный,113.0
Призраки Якутска,,,,,,,,,, Художественный,105.0
Призраки квартиры 203,Room 203,Призраки квартиры 203,Room 203,885121,2022,United States of America,ужасы,Ben Jagger,5.408, Художественный,104.0
Призраки прошлого,Bed Rest,Призраки прошлого,Bed Rest,917007,2023,United States of America,ужасы,Лори Эванс Тейлор,6.231, Художественный,91.0
Призраки: Чужая жизнь,Two sisters,Two Sisters,Two Sisters,450987,2013,United States of America,"ужасы, фэнтези",Rebekah Fieschi,0.0, Художественный,87.0
Призрачная станция,The Ghost Station; Oksuyeok gwisin,Призрачная станция,옥수역귀신,844386,2023,"South Korea, Japan","ужасы, детектив",Чон Ён Ги,6.494, Художественный,80.0
Призрачный дом,Grotesque Mansion,Призрачный дом,괴기맨숀,842033,2021,South Korea,"ужасы, триллер",Чо Па Рын,7.223, Художественный,106.0
Призрачный свет,Ghostlight,Призрачный свет,Ghostlight,1214469,2024,United States of America,"комедия, драма","Alex Thompson, Kelly O'Sullivan",7.1, Художественный,115.0
Приказано жить,,,,,,,,,,Документальный,92.0
Приключение,L`avventura,Приключение,L'avventura,5165,1960,"France, Italy","драма, детектив, мелодрама",Микеланджело Антониони,7.5, Художественный,144.0
Приключения Тедди,Teddy`s Christmas,Приключения Тедди,Teddybjørnens Jul,1020969,2022,Norway,"семейный, приключения, фэнтези",Andrea Eckerbom,7.028, Художественный,78.0
Приключения аргонавтов,Argonuts,Приключения аргонавтов,Pattie et la colère de Poséidon,939338,2023,France,"мультфильм, приключения, фэнтези, семейный, комедия",David Alaux,6.8,Анимационный,101.0
Приключения динозавров,,Приключения динозавров,猪猪侠大电影·恐龙日记,843074,2021,China,"мультфильм, приключения",Zhong Yu,8.0,Анимационный,83.0
Приключения желтого чемоданчика,,Приключения жёлтого чемоданчика,Приключения жёлтого чемоданчика,85355,1970,Soviet Union,"семейный, комедия, фэнтези",Илья Фрэз,6.368, Художественный,74.0
Приключения жёлтого чемоданчика,,Приключения жёлтого чемоданчика,Приключения жёлтого чемоданчика,85355,1970,Soviet Union,"семейный, комедия, фэнтези",Илья Фрэз,6.368, Художественный,88.0
Приключения и размышления Данилы-странника,,,,,,,,,,Документальный,61.0
Приключения маленького Бахи,,Приключения маленького Бахи,Приключения маленького Бахи,864224,2022,Russia,"комедия, семейный, драма",Александр Галибин,0.0, Художественный,84.0
Приключения рыбок: Корабль сокровищ,Fishtales 2,Приключения рыбок: Корабль сокровищ,Fishtales 2,551905,2017,,мультфильм,Evan Tramel,0.0,Анимационный,71.0
Приключения царя,,Приключения царя,Օլիմպիկոս,946210,2020,Armenia,мультфильм,"Hayk Sahakyants, David Sahakyants",7.0,Анимационный,74.0
Примесь порока,,,,,,,,,, Художественный,96.0
Принц и нищий,,Принц и нищий,Принц и нищий,469317,1942,Soviet Union,"приключения, семейный","Хеся Локшина, Эраст Гарин",6.667, Художественный,127.0
Принц пустыни,"Zodi et Tehu, freres du desert / Princes of the Desrt",Принц пустыни,"Zodi et Téhu, frères du désert",1000521,2023,France,"приключения, семейный, комедия",Eric Barbier,6.7, Художественный,110.0
Принцесса Мононоке,Princess Mononoke,Princess Mononoke: Making of a Masterpiece,Princess Mononoke: Making of a Masterpiece,1302690,2004,United States of America,документальный,浦谷年良,7.0,Анимационный,133.0
Принцесса балета,Neneh Superstar,Принцесса балета,Neneh Superstar,1008430,2023,France,"драма, комедия",Ramzi Ben Sliman,5.7, Художественный,97.0
Принцесса и колдун Алазар,Princess Cursed in Time 2,Принцесса и колдун Алазар,Princezna zakletá v čase 2,1027604,2022,Czech Republic,"семейный, фэнтези, комедия",Petr Kubík,6.8, Художественный,138.0
Принцесса и руна времени,Princess Cursed i Time,,,,,,,,, Художественный,115.0
Принцесса на горошине,,Принцесса на горошине,Принцесса на горошине,149832,1976,Soviet Union,"мелодрама, семейный, фэнтези",Борис Рыцарев,5.2, Художественный,89.0
Принцесса цирка,,Принцесса цирка,Принцесса цирка,245280,1982,Soviet Union,"мелодрама, комедия, телевизионный фильм",Светлана Дружинина,6.182,"Прочее (Учебный, Спектакль, …)",143.0
Приплыли!,,Приплыли!,Приплыли!,930992,2022,Russia,комедия,Yury Yarushnikov,2.7, Художественный,85.0
Природа любви,Nature of love,Природа любви,Nature of Love,677211,2020,"Canada, United States of America","телевизионный фильм, мелодрама",Марита Грабяк,6.21, Художественный,111.0
Прирожденный убийца,Original Gangster,Прирожденный убийца,Original Gangster,778844,2020,,криминал,Savvas D. Michael,5.6, Художественный,106.0
Присутствие,Presence,Присутствие,Presence,1140535,2025,United States of America,"драма, ужасы, триллер",Steven Soderbergh,6.107, Художественный,84.0
Присутствие,,Присутствие,Presence,1140535,2025,United States of America,"драма, ужасы, триллер",Steven Soderbergh,6.107, Художественный,64.0
Притворись моим мужем,,Притворись моим мужем,Притворись моим мужем,1264841,2025,Russia,"комедия, мелодрама",Дмитрий Власкин,4.0, Художественный,88.0
Пришелец,,Пришелец,Пришелец,555630,2018,Russia,"приключения, фантастика, драма","Михаил Расходников, Александр Куликов",3.4, Художественный,73.0
Пришелец из будущего,The Visitor from the Future,Гостья из будущего,Гостья из будущего,20894,1984,Soviet Union,"приключения, семейный, фантастика",Павел Арсенов,7.62, Художественный,101.0
Приют. Шепот призраков,The Night Curse of Reatrei,,,,,,,,, Художественный,94.0
Про Багги Кроша и пилота Настю,,Про багги кроша и пилота настю,Про багги кроша и пилота настю,1250324,2023,Russia,документальный,Светлана Стасенко,0.0,Документальный,60.0
"Про Бородянского, автора сценария про сантехника Афоню и др.",,Про Бородянского,Про Бородянского,1536169,2025,Russia,документальный,,0.0,Документальный,75.0
Про Питирима и Владимира. 10 лет спустя. Невозвращенец,,,,,,,,,,Документальный,59.0
Про Федота-стрельца. Чтобы помнили,,,,,,,,,, Художественный,80.0
Про людей и про войну,,Про людей и про войну,Про людей и про войну,1524702,2025,Russia,"военный, драма, история","Дмитрий Пасичнюк, Андрей Красавин, Александр Кананович, Роман Бойко",0.0, Художественный,91.0
Про мою маму и про меня,,Про мою маму и про меня,Про мою маму и про меня,1097641,2024,Russia,"драма, комедия",Дмитрий Губарев,1.0, Художественный,104.0
ПроЗрение,,Прозрение,Afterlight,1590097,2025,,фантастика,"Alison Kohlhardt, Andrew McGee",5.083,Документальный,61.0
Пробуждение,Awaken,Идеальные каникулы,Awaken,322922,2015,United States of America,"ужасы, триллер, боевик",Mark Atkins,3.824,Научно-популярный,82.0
Пробуждение зла,Wake,Пробуждение зла,Wake,1269021,2024,,"ужасы, триллер","Thom Arizmendi, Austin Parks Stewart",5.9, Художественный,81.0
Проводник смерти,To Die Alone,Проводник смерти,To Die Alone,1167732,2024,United States of America,"триллер, драма",Austin Smagalski,0.0, Художественный,80.0
Программа LIAF. Лондонский международный анимационный фестиваль 2022,LIAF-2022,,,,,,,,,Анимационный,73.0
Продукты 24,,Продукты 24,Продукты 24,779056,2022,"Germany, Russia, Slovenia, Turkey",драма,Михаил Бородин,5.1, Художественный,107.0
Прозрачные земли,,Прозрачные земли,Прозрачные земли,1545936,2025,Russia,"драма, фэнтези",Дмитрий Давыдов,0.0, Художественный,94.0
Проклятая,The Harbinger,Проклятая,The Harbinger,529193,2022,United States of America,"триллер, детектив, драма, ужасы",Will Klipstine,4.8, Художественный,115.0
Проклятие,Ju-on,Ju-on no Yakata,Ju-on no Yakata,448939,2003,Japan,ужасы,Makoto Yamaguchi,0.0, Художественный,92.0
Проклятие Артура,"Arthur, malediction",Проклятие Артура,"Arthur, malédiction",955569,2022,France,"ужасы, триллер",Barthélémy Grossmann,3.364, Художественный,87.0
Проклятие Дудочника,The Piper,Проклятие дудочника,The Piper,845643,2023,United States of America,ужасы,Erlingur Thoroddsen,5.202, Художественный,91.0
Проклятие Лилиан,Night of the Caregiver,Ночь сиделки,Night of the Caregiver,898791,2023,"Canada, United States of America",ужасы,Joe Cornet,4.2, Художественный,77.0
Проклятие Малены,Nanay Tatay,"Nanay, Tatay","Nanay, Tatay",1367108,2024,Philippines,ужасы,Roni S. Benaid,0.0, Художественный,95.0
Проклятие демона,INHUMAN KISS 2,Проклятие демона,แสงกระสือ 2,949701,2023,Thailand,"мелодрама, ужасы, драма",Paphangkorn Punchantarak,6.932, Художественный,104.0
Проклятие деревни Инунаки,Howling Village/Inunaki Mura,Проклятие деревни Инунаки,犬鳴村,635199,2020,Japan,"ужасы, детектив",Такаси Симидзу,5.8, Художественный,108.0
Проклятие джинна,The Djinn's Curse,ของแขก 2,ของแขก 2,1469229,2026,Thailand,ужасы,เกรียงไกร มณวิจิตร,0.0, Художественный,98.0
Проклятие дома с призраками,The Creeping,Проклятие дома с призраками,The Creeping,969725,2022,United Kingdom,ужасы,,4.2, Художественный,94.0
Проклятие матери. Одержимая,Menjelang Ajal,Проклятие матери. Одержимая,Menjelang Ajal,1261734,2024,Indonesia,"драма, ужасы, триллер",Hadrah Daeng Ratu,6.0, Художественный,96.0
Проклятие матери: Прятки на выживание,Motherly,Проклятие матери: Прятки на выживание,Motherly,768447,2022,Canada,"триллер, ужасы",Craig David Wallace,6.016, Художественный,80.0
Проклятие мачехи,Homebound,Homebound,Homebound,312725,2013,United States of America,"мелодрама, драма, семейный",Fanny Veliz,8.5, Художественный,71.0
Проклятие плачущей. Возвращение,The Legend of Liorona,Проклятие Плачущей. Возвращение,The Legend of La Llorona,631947,2022,Mexico,"ужасы, триллер",Patricia Harris Seeley,5.8, Художественный,98.0
Проклятие плачущей: Безвременье,THE NAMELESS DAYS,Проклятие плачущей: Безвременье,The Nameless Days,799878,2022,United States of America,ужасы,"Andrew Mecham, Matthew Whedon",6.0, Художественный,91.0
Проклятие черной монахини,The Ritual: Black Nun,កំណើតអរូប,កំណើតអរូប,1100658,2023,Cambodia,ужасы,Semsak Visal,10.0, Художественный,106.0
Проклятие. Дом с прислугой,Maid,Госпожа горничная,Maid in Manhattan,7303,2002,United States of America,"комедия, драма, мелодрама",Wayne Wang,6.139, Художественный,103.0
Проклятие. Дом с прислугой 2,Sleeping Beauties,Спящие красавицы,Sleeping Beauties,458354,2017,United States of America,"фэнтези, комедия",Dean McKendrick,4.5, Художественный,89.0
Проклятие. Мёртвая земля,,Проклятие. Мёртвая земля,Сэттээх сир. Ыйаах,719165,2020,Russia,"ужасы, драма",Степан Бурнашев,8.5, Художественный,85.0
Проклятие. Ночь страха,You Are Not My Mother,Проклятие. Ночь страха,You Are Not My Mother,771536,2022,Ireland,ужасы,Kate Dolan,5.607, Художественный,91.0
Проклятие. Паранормальное видео,Baby Blue,Baby Blue,Baby Blue,2922,2001,Netherlands,триллер,Theo van Gogh,6.5, Художественный,89.0
Проклятие: Посвящение,Consecration,Проклятие: Посвящение,Consecration,884184,2023,"United Kingdom, United States of America","ужасы, триллер",Christopher Smith,5.594, Художественный,90.0
Проклятое наследие,Perpetrator,Проклятое наследие,Perpetrator,1061656,2023,"United States of America, France",ужасы,Jennifer Reeder,4.292, Художественный,100.0
Проклятый остров,"Pulau, Cursed Island",Проклятый остров,Patients of a Saint,523371,2020,United States of America,ужасы,Russell Owen,6.327, Художественный,112.0
Проклятый остров,Patients of a Saint,Проклятый остров,Patients of a Saint,523371,2020,United States of America,ужасы,Russell Owen,6.327, Художественный,106.0
Проклятый рыцарь,The Dreadful,Проклятый рыцарь,The Dreadful,1242937,2026,United States of America,ужасы,Natasha Kermani,6.007, Художественный,93.0
Проклятье Золушки: Кровь на туфельке,Cinderella's Curse,Проклятие Золушки: Кровь на туфельке,Cinderella's Curse,1130053,2024,United Kingdom,"ужасы, фэнтези",Louisa Warren,5.873, Художественный,79.0
Проклятье черного паука,Die Schwarze Spinne,Проклятие черного паука,Die Schwarze Spinne,916283,2022,"Hungary, Switzerland","триллер, ужасы",Markus Fischer,5.0, Художественный,115.0
Проклятье: Разгадка,Sadako DX,Проклятье: Разгадка,貞子DX,940417,2022,Japan,"ужасы, детектив, комедия",木村ひさし,4.5, Художественный,99.0
Пролетая над гнездом кукушки,One Flew Over the Cuckoo's Nest,Пролетая над гнездом кукушки,One Flew Over the Cuckoo's Nest,510,1975,United States of America,драма,Милош Форман,8.4, Художественный,134.0
Проникновение,Private Property,Проникновение,Private Property,860860,2022,United States of America,"драма, триллер, криминал",Chadd Harbold,4.6, Художественный,83.0
Пропавшая,Last Seen Alive,Пропавшая,Last Seen Alive,961484,2022,United States of America,"боевик, триллер",Брайан Гудман,6.398, Художественный,96.0
Пропавшие в ночи,Night of the Missing,Пропавшие в ночи,Night of the Missing,1066376,2023,United States of America,ужасы,"Samuel Gonzalez Jr., Travis Cluff, Chris Lofing",5.2, Художественный,73.0
Пропала собака,Io non ti lascio solo,Пропала собака,Io non ti lascio solo,1510413,2025,Italy,"драма, семейный",Fabrizio Cattani,0.0, Художественный,99.0
Пропасть,,Пропасть,Пропасть,1542847,2026,Russia,"драма, триллер",Алексей Ионов,0.0, Художественный,82.0
Пророк. История Александра Пушкина,,Пророк. История Александра Пушкина,Пророк. История Александра Пушкина,1008445,2025,Russia,"мелодрама, музыка",Феликс Умаров,5.5, Художественный,137.0
Прорыв к центру,,У края бездны. Прорыв к центру,У края бездны. Прорыв к центру,1408782,2025,Russia,документальный,Максим Фадеев,0.0,Научно-популярный,124.0
Просвещение,Projekt Aufklärung,,,,,,,,,Документальный,209.0
Проснись,Wake Up,Ночной замес,Wake Up,1165466,2024,France,"ужасы, триллер, боевик","François Simard, Anouk Whissell, Yoann-Karl Whissell",6.779, Художественный,87.0
Проспект гигантов,Avenue of the Giants,The Optimist,The Optimist,1129188,2023,"Czech Republic, United States of America",драма,Finn Taylor,7.0, Художественный,102.0
Простая история,The Straight Story,Простая история,The Straight Story,404,1999,"United States of America, United Kingdom, France",драма,Дэвид Линч,7.7, Художественный,112.0
Простая история,,Простая история,Простая история,150003,1960,Soviet Union,"драма, мелодрама",Юрий Егоров,5.2, Художественный,84.0
"Прости, детка","Sorry, baby","Прости, детка","Sorry, Baby",1205515,2025,"United States of America, France, Spain","драма, комедия",Ева Виктор,6.828, Художественный,103.0
Просто кончилась зима,,,,,,,,,, Художественный,79.0
Просто супер,Just super,"Solo soy un super, mano","Solo soy un super, mano",646668,2015,,,Dariun Robinson,10.0,Анимационный,76.0
Простоквашино,,Простоквашино,Простоквашино,1416281,2026,Russia,"приключения, семейный",Сарик Андреасян,3.5, Художественный,105.0
"Простоквашино (серии: «Матроскин в сахаре», «Усатый нянь», «Орех раздора», «Солнечный удар», «Папина мечта», «Дело о пропавшей лопате», «Му-бемоль», «Исчезающий бобер», «Страшная правда», «Ушастые привидения», «Курорт Простоквашино»)",,,,,,,,,,Анимационный,71.0
Профессионал,Absolution,Профессионал,Absolution,974453,2024,United States of America,"боевик, криминал, триллер, детектив",Ханс Петтер Муланд,5.893, Художественный,112.0
Профессор и призрачный убийца,MUTI,Muti Murders,Muti Murders,318512,2004,,,,0.0, Художественный,92.0
Прочь из этого дома,Unsettling,Прочь из этого дома,The Unsettling,869150,2022,,"триллер, детектив, ужасы",Harry Owens,4.5, Художественный,94.0
Прошлые жизни,Past Lives,Прошлые жизни,Past Lives,666277,2023,"United States of America, South Korea","драма, мелодрама",Селин Сон,7.7, Художественный,106.0
Прощание с иллюзиями,,,,,,,,,,Документальный,90.0
Прямой эфир,,Прямой эфир,Прямой эфир,808960,2023,Russia,драма,Карен Оганесян,7.0, Художественный,75.0
Псарня,A BREED APART,A Breed Apart,A Breed Apart,1303055,2025,"United States of America, Monaco","ужасы, детектив, боевик","Nathan Furst, Грифф Фёрст",5.514, Художественный,99.0
Пси Антиномия,,,,,,,,,, Художественный,138.0
Психиатрическая больница Конджиам,Gonjiam: Haunded Asylum,Психиатрическая больница Конджиам,곤지암,508642,2018,South Korea,"ужасы, детектив",Юнг Бум Сик,7.28, Художественный,94.0
Птица,Bird,Птичий короб,Bird Box,405774,2018,United States of America,"ужасы, триллер, драма",Сюзанна Бир,6.824, Художественный,119.0
Птицы радости и печали,,,,,,,,,,Документальный,55.0
"Птицы, как мы",Birds Like Us,"Птицы, как мы",Ptice kao mi,451273,2017,"Bosnia and Herzegovina, Qatar, Turkey, United Kingdom, United States of America","мультфильм, приключения, семейный","Amela Ćuhara, Faruk Šabanović",4.1,Анимационный,83.0
Пуанты для моей мамы,,Пуанты для моей мамы,Пуанты для моей мамы,1454132,2025,Russia,"мелодрама, семейный",Яна Недзвецкая,0.0, Художественный,100.0
Пуля навылет,,,,,,,,,, Художественный,87.0
Пункт назначения. Новая кровь,Almarhum,Пункт назначения. Новая кровь,AlMarhum,1261148,2025,Indonesia,"ужасы, триллер",Adhe Dharmastriya,5.778, Художественный,103.0
Пункт назначения. Новый аттракцион,Traction Park Massacre,Пункт назначения: Новый аттракцион,Traction Park Massacre,1391899,2026,United States of America,ужасы,"Дуглас Димонда, Адам Дубин",5.5, Художественный,86.0
Пункт назначения. Смертельная игра,The Red Book Ritual. Gates of Hell,Пункт назначения: Смертельная игра,The Red Book Ritual: Gates of Hell,1499885,2025,"New Zealand, Paraguay",ужасы,"Carlos Baena, Hugo Cardozo, Nathan Crooker, Sonny Laguna, Hernán Moyano, Dawson Taylor, Tommy Wiklund",6.3, Художественный,80.0
Пункт назначения: Высотка 613,"Them, behind the door",Пункт назначения: Высотка 613,鬼們之蝴蝶大廈,1102857,2024,Taiwan,"драма, ужасы, триллер",錢人豪,5.6, Художественный,101.0
Пункт назначения: Комната 666,Panggonan Wingit 2: Miss K,Пункт назначения: Комната 666,"Panggonan Wingit 2: ""Miss K""",1321326,2024,Indonesia,"ужасы, триллер, детектив",Guntur Soeharjanto,5.6, Художественный,103.0
Пункт назначения: Поезд №13,Kereta Berdarah,Пункт назначения: Поезд №13,Kereta Berdarah,1128936,2024,Indonesia,"ужасы, триллер",Rizal Mantovani,4.7, Художественный,103.0
Пустая церковь,,Пустая церковь,Пустая церковь,1079834,2023,Belarus,драма,Максим Максимов,0.0, Художественный,101.0
Пустой дом,3-Iron,Железный человек 3,Iron Man 3,68721,2013,United States of America,"боевик, приключения, фантастика",Шейн Блэк,6.933, Художественный,88.0
Пустые города (1 – 16 серии),,,,,,,,,, Художественный,794.0
Пусть всё горит,Y todos arderán,Пусть всё горит,Y todos arderán,800989,2023,Spain,ужасы,David Hebrero,5.833, Художественный,115.0
Путешественник с багажом,,Путешественник с багажом,Путешественник с багажом,587524,1966,Soviet Union,семейный,Илья Фрэз,9.0, Художественный,82.0
Путешественница во времени,Julia(S),Julia's hart,Julia's hart,246620,2009,Netherlands,"драма, мелодрама",Peter de Baan,3.3, Художественный,120.0
Путешествие матушки Краузе к счастью,Mutter Krausens Fahrt ins Gluck,Путешествие матушки Краузе за счастьем,Mutter Krausens Fahrt ins Glück,150537,1929,Germany,драма,Phil Jutzi,6.765, Художественный,131.0
Путешествие по линии жизни,,,,,,,,,,Документальный,81.0
Путешествие с роялем против течения,,,,,,,,,,Документальный,57.0
Пути твои,,,,,,,,,,Документальный,146.0
Путь,,Аватар: Путь воды,Avatar: The Way of Water,76600,2022,United States of America,"боевик, приключения, фантастика",Джеймс Кэмерон,7.6,Документальный,54.0
Путь Бородача,,,,,,,,,,Анимационный,104.0
Путь еды,,Путь еды,Путь еды,1461022,2025,,документальный,Виталий Селин,0.0,Научно-популярный,65.0
Путь за мечтой,,,,,,,,,,Научно-популярный,94.0
Пушистое превращение,"Zak & Wowo, la légende de Lendarys/ Lendarys",Пушистое превращение,"Zak & Wowo, la légende de Lendarys",1208491,2024,"Canada, France","мультфильм, приключения, фэнтези","Philippe Duchene, Jean-Baptiste Cuvelier",5.7,Анимационный,84.0
Пушистые каникулы ,Campamento Garra de Oso,Пушистые каникулы,Campamento Garra de Oso,1304625,2025,"Spain, Portugal","комедия, семейный",Sílvia Quer,5.4, Художественный,98.0
Пушистые спасатели: Новая команда,Combat Wombat: Back 2 Back/Double Trouble,Пушистые спасатели: Новая команда,Combat Wombat: Back 2 Back,1084117,2024,Australia,"боевик, комедия, мультфильм, семейный",Ricard Cussó,6.3,Анимационный,79.0
Пушистый вояж,Gracie and Pedro: Pets to the Rescue,Пушистый вояж,Gracie & Pedro: Pets to the Rescue,1207830,2024,Canada,"мультфильм, приключения, комедия, семейный",Kevin Donovan,6.9,Анимационный,87.0
Пушкин и... Михайловское. Начало.,,Пушкин и… Михайловское. Начало,Пушкин и… Михайловское. Начало,1256819,2024,Russia,мультфильм,Екатерина Гаврюшкина,0.0,Анимационный,59.0
Пушкин и...Михайловское. Осень и Зима,,,,,,,,,,Анимационный,61.0
Пуэнт-Курт,La Pointe-Courte ,Пуэнт-Курт,La Pointe courte,54436,1956,France,"драма, мелодрама",Agnès Varda,6.9, Художественный,81.0
Пчеловод,The Beekeeper,Пчеловод,The Beekeeper,866398,2024,"United Kingdom, United States of America","боевик, криминал, триллер",Дэвид Эйер,7.251, Художественный,105.0
Пылающее море,The North Sea,The North Sea,The North Sea,833730,2022,Canada,драма,Chris Kennedy,6.1, Художественный,102.0
Пьедестал. Маленькие истории больших побед,,,,,,,,,,Научно-популярный,54.0
Пятачок. Кровь и жёлуди,Piglet,Пятачок. Кровь и жёлуди,Piglet,1352774,2025,United Kingdom,ужасы,Andrea M. Catinella,6.434, Художественный,80.0
Пятеро на каникулах,,,,,,,,,,Документальный,214.0
Пятнадцатая весна,,Пятнадцатая весна,Пятнадцатая весна,456944,1971,Soviet Union,"военный, драма, семейный, мелодрама",Инна Туманян,5.0, Художественный,90.0
Пятнашка,,,,,,,,,,Документальный,90.0
Пятница 13-е. Новая глава,The Hangman,Пятница 13-е. Новая глава,The Hangman,1257586,2024,United States of America,"ужасы, триллер",Bruce Wemple,5.802, Художественный,89.0
Пятый битл,Midas Man,Пятый битл,Midas Man,819277,2024,United Kingdom,"музыка, драма, история",Joe Stephenson,6.4, Художественный,100.0
Пятый элемент (дубляж),The Fifth Element,Пятый элемент,Le Cinquième Élément,18,1997,France,"фантастика, боевик, приключения",Люк Бессон,7.575, Художественный,126.0
Пятый элемент (субтитры),The Fifth Element,Пятый элемент,Le Cinquième Élément,18,1997,France,"фантастика, боевик, приключения",Люк Бессон,7.575, Художественный,126.0
Пять дней отдыха,,Пять дней отдыха,Пять дней отдыха,539222,1970,Soviet Union,"военный, драма, мелодрама",Эдуард Гаврилов,8.0, Художественный,94.0
Пять препятствий,The Five Obstructions,Пять препятствий,De fem benspænd,12456,2003,"Belgium, Denmark, France, Switzerland",документальный,"Jørgen Leth, Ларс фон Триер",6.95, Художественный,87.0
Пять фунтов искупления,5lbs of Pressure,Пять фунтов искупления,5lbs of Pressure,1079346,2024,"United Kingdom, United States of America","триллер, криминал, мелодрама, телевизионный фильм",Phil Allocco,6.0, Художественный,107.0
Пятьдесят оттенков толерантности,,Пятьдесят оттенков толерантности,Пятьдесят оттенков толерантности,1007299,2022,Russia,документальный,Иван Твердовский,0.0,Документальный,52.0
Пёс из будущего,Woof Woof Daddy,來自汪星的你,來自汪星的你,1260900,2024,,"семейный, комедия, фэнтези",陆可,5.5, Художественный,103.0
Пёс-призрак: Путь самурая,Ghost Dog: The Way of the Samurai,Пес-призрак: Путь самурая,Ghost Dog: The Way of the Samurai,4816,1999,"France, Germany, Japan, United States of America","криминал, драма",Джим Джармуш,7.3, Художественный,116.0
Пётр Козлов. Путь к сердцу Азии,,Пётр Козлов. Путь к сердцу Азии,Пётр Козлов. Путь к сердцу Азии,1650298,2025,Russia,документальный,Николай Макаров,0.0,Документальный,61.0
РАЗБИТЫЕ СЕРДЦА,L'amour ouf,Разбитые сердца,L'Amour ouf,959604,2024,"France, Belgium","мелодрама, криминал, драма",Жиль Леллуш,7.186, Художественный,160.0
РАЗВОД. ФИЛЬМ ПЕРВЫЙ,,Развод. Фильм первый,Развод. Фильм первый,987720,2022,Russia,комедия,Константин Колесов,6.0, Художественный,105.0
РАЗВОД.ФИЛЬМ ВТОРОЙ,,Развод. Фильм второй,Развод. Фильм второй,1002204,2022,Russia,комедия,Константин Колесов,10.0, Художественный,106.0
РАСКАТЫ,,Раскаты,Раскаты,1480109,2026,Russia,"военный, драма",Глеб Пускепалис,0.0, Художественный,103.0
РДС-1. Россия делает сама,,,,,,,,,,Документальный,60.0
РЕАЛЬНЫЕ ЗОМБИ,WE ARE ZOMBIES,Реальные зомби,We Are Zombies,1139106,2024,"Canada, France","ужасы, комедия, триллер","François Simard, Anouk Whissell, Yoann-Karl Whissell",5.908, Художественный,80.0
РЕЗИДЕНТ,CHIEF OF STATION,Резидент,Chief of Station,1093995,2024,United States of America,"боевик, триллер",Джесси Джонсон,6.1, Художественный,94.0
РЕЗКИЙ,RECKLESS,Безрассудный,Reckless,1449400,2026,United States of America,"боевик, комедия, криминал, триллер",Elliott Montello,6.111, Художественный,95.0
РЕЙВ ВНУТРИ,,Рейв внутри,Рейв внутри,1309599,2024,Russia,документальный,Виталий Афанасьев,0.0,Документальный,52.0
РЕЙС НАВЫЛЕТ,FIGHT OR FLIGHT,Рейс навылет,Fight or Flight,1212855,2025,"United States of America, United Kingdom, Hungary","боевик, комедия, триллер",James Madigan,6.249, Художественный,102.0
РЕСТОРАН НА КРАЮ СВЕТА,La réparation,Ресторан на краю света,La réparation,1235294,2025,"France, Taiwan",драма,Régis Wargnier,5.5, Художественный,105.0
РОДИТЕЛИ СТРОГОГО РЕЖИМА,,Родители строгого режима,Родители строгого режима,945442,2022,Russia,комедия,Никита Владимиров,6.0, Художественный,79.0
РУКИ ВВЕРХ!,,Руки вверх!,Руки вверх!,1248954,2024,Russia,"музыка, комедия, драма",Аскар Узабаев,7.0, Художественный,102.0
РЭКЕТИР. Новые времена,,Рэкетир. Новые времена,Рэкетир III,1407247,2025,,"криминал, драма",Акан Сатаев,8.0, Художественный,102.0
Равиоли Оли,,Равиоли Оли,Равиоли Оли,1538318,2026,Russia,"мелодрама, комедия",Андрей Никифоров,5.5, Художественный,89.0
Ради весны,Ради весны,,,,,,,,,Документальный,53.0
Разбой,,Разбой,Break,1271124,2024,United States of America,драма,Will Wernick,3.0, Художественный,81.0
Разбой 2. Новая глава,,Разбой 2. Новая глава,Разбой 2. Новая глава,1356153,2024,Kyrgyz Republic,"криминал, боевик",,0.0, Художественный,70.0
Разборки,Rumble,Лига монстров,Rumble,598331,2021,United States of America,"мультфильм, семейный",Hamish Grieve,6.779, Художественный,89.0
Разбудите Мухина,,Разбудите Мухина!,Разбудите Мухина!,532957,1968,Soviet Union,"драма, комедия, фэнтези",Яков Сегель,7.0, Художественный,79.0
Развеселые каникулы,Les Hennedricks/Give a Little Beat,Развеселые каникулы,La Famille Hennedricks,1130405,2024,France,"комедия, семейный",Laurence Arné,5.583, Художественный,99.0
Развод в стиле кунг-фу,Kung Fu Zohra,Развод в стиле кунг-фу,Kung-Fu Zohra,885266,2022,"Belgium, France","комедия, боевик, драма",Mabrouk El Mechri,5.5, Художественный,99.0
Развод по-геймерски,Juniors,Развод по-геймерски,Juniors,958155,2023,France,"комедия, драма",Hugo P. Thomas,6.0, Художественный,96.0
Разговор,The Conversation,Разговор,The Conversation,592,1974,United States of America,"криминал, драма, детектив",Фрэнсис Форд Коппола,7.501, Художественный,114.0
Разгром немецких войск под Москвой,,Разгром немецких войск под Москвой,Разгром немецких войск под Москвой,93333,1942,Soviet Union,"документальный, военный","Леонид Варламов, Илья Копалин",5.588,Документальный,66.0
Разлогов,,Разлогов,Разлогов,1442951,2025,Russia,"документальный, мультфильм",Анастасия Разлогова,0.0,Документальный,73.0
Разноцветные камешки,,Разноцветные камешки,Разноцветные камешки,674586,1960,Soviet Union,драма,Сергей Микаэлян,0.0, Художественный,67.0
Разрешите взлет!,,Разрешите взлет!,Разрешите взлет!,470055,1971,Soviet Union,драма,"Наталья Трощенко, Анатолий Вехотко",8.0, Художественный,96.0
Разрушая лёд: Суперсерия 1972,Ice Breaker,Ice Breaker,Ice Breaker,488696,2017,,комедия,"Dailan Davis, Willy McGee",4.3,Документальный,90.0
Разрушитель миров,World-breaker,World's Most Awesome Record Breakers,World's Most Awesome Record Breakers,319479,2000,,,,0.0, Художественный,95.0
Разящий луч,,,,,,,,,, Художественный,395.0
Рай для дурака,Fool's Paradise,Рай для дурака,Fool's Paradise,553147,2023,United States of America,комедия,Чарли Дэй,4.642, Художественный,98.0
Рай под ногами матерей,,Рай под ногами матерей,Бейиш — эненин таманында,1266428,2024,Kyrgyz Republic,драма,Ruslan Akun,8.4, Художественный,140.0
Рай под ногами матерей 2. Письмо матери,,Рай под ногами матерей 2: Письмо матери,Бейиш 2: Анама хат,1582311,2026,Kyrgyz Republic,драма,Ruslan Akun,0.0, Художественный,105.0
Райский город,Paradise city,Райский город,Paradise City,829799,2022,"Canada, United States of America","боевик, криминал, триллер",Чак Рассел,5.47, Художественный,92.0
Ран,Ran,Ran,Ran,635736,2018,,,Lital Yosefi,1.0, Художественный,163.0
Распаковка,,Распаковка,Распаковка,1476994,2026,Russia,комедия,Владислав Богуш,0.0, Художественный,82.0
Расправляя крылья,,Расправляя крылья,Расправляя крылья,1124378,2023,Russia,"военный, драма, мелодрама",Ольга Музалева,0.0, Художественный,90.0
Расскажи мне кино,The Movie Teller,Кинорассказчик,Der Kinoerzähler,2298,1993,Germany,драма,Bernhard Sinkel,9.0, Художественный,116.0
Расскажи мне о себе,,Расскажи мне о себе,Расскажи мне о себе,539503,1972,Soviet Union,"мелодрама, драма",Сергей Микаэлян,8.0, Художественный,87.0
Рассмеши меня,,Рассмеши меня,Рассмеши меня,1188230,2023,Russia,комедия,"Oleg Popov, Ekaterina Ustyugova, Anna Rocks, Roman Klimenko, Sergey Machekho",0.0, Художественный,76.0
Расхитители гробниц. Зеркала призраков,Mojin Return to South Sea,Расхитители гробниц. Зеркала призраков,鬼吹灯之南海归墟,1067513,2022,China,"боевик, приключения, детектив, телевизионный фильм","Xiang Hesheng, Xiang Qiuliang",5.7, Художественный,105.0
Расхитители гробниц. Королева монстров ,Lop nor tomb,Расхитители гробниц. Королева монстров,罗布泊幽陵,1172261,2023,China,"боевик, приключения",Kevin Huang,5.8, Художественный,93.0
Расхитители гробниц. Манускрипт дракона,Longling Grotto,Расхитители гробниц. Манускрипт дракона,鬼吹灯 龙岭迷窟,988814,2022,China,"боевик, фэнтези",Xing Fei,7.5, Художественный,90.0
Расхитители гробниц. Страж императора ,Ghost Blowing Lamp-King Xian's Worm Valley,Расхитители гробниц. Страж императора,鬼吹灯：献王虫谷,1181039,2023,China,"боевик, приключения, ужасы",代艺霖,6.853, Художественный,92.0
Расёмон,Rashomon,Tombstone Rashomon,Tombstone Rashomon,441924,2017,United States of America,вестерн,Alex Cox,6.6, Художественный,89.0
Реальная история Уиннер,Reality,Реальная история Уиннер,Reality,985617,2023,"United States of America, United Kingdom","драма, триллер",Tina Satter,6.419, Художественный,81.0
Реальность не нужна. Восточно-сибирский панк,,Реальность не нужна. Восточно-сибирский панк,Реальность не нужна. Восточно-сибирский панк,1506354,2025,Russia,документальный,Павел Скоробогатов,0.0,Документальный,149.0
Револьвер,Revolver,Револьвер,Revolver,10851,2005,"France, United Kingdom","драма, триллер, криминал, детектив",Гай Ричи,6.346, Художественный,111.0
Револьвер,Ribolbeo,Револьвер,리볼버,1089223,2024,South Korea,"криминал, триллер",오승욱,5.756, Художественный,114.0
РедРам,RedRum,Redrum,Redrum,81383,2007,United States of America,"боевик, комедия",Kenny Young,1.5, Художественный,81.0
Режиссер,,Режиссер,Режиссер,1447468,2025,,драма,Zhanibek Maemgenov,0.0, Художественный,81.0
Режиссер: Андрей Тарковский,Directed by Andrei Tarkovsky,Regi Andrej Tarkovskij,Regi Andrej Tarkovskij,54560,1988,Sweden,документальный,Michał Leszczyłowski,7.6,Научно-популярный,97.0
Резервная копия,Restore point/Bod obnovy,Резервная копия,Bod obnovy,1071815,2023,"Czech Republic, Poland, Slovakia, Serbia","фантастика, криминал, триллер",Robert Hloz,6.0, Художественный,114.0
Резиденция,Residency,Residency,Residency,1165577,,United States of America,"драма, ужасы",Drew Wagner,0.0,"Прочее (Учебный, Спектакль, …)",75.0
Резня,Carnage,Ночная бойня,Night Carnage,986206,2025,United States of America,"боевик, ужасы, мелодрама",Thomas J. Churchill,5.984, Художественный,79.0
Реинкарнация. Возвращение ведьмы,I will never leave you alone,Реинкарнация. Возвращение ведьмы,I Will Never Leave You Alone,1191318,2024,United States of America,ужасы,D.W. Medoff,5.071, Художественный,96.0
Реинкарнация. Демоны желаний,Bag of Lies,Реинкарнация. Демоны желаний,Bag of Lies,1255208,2024,United States of America,"ужасы, триллер",David Andrew James,5.744, Художественный,96.0
Реинкарнация. Картины с того света,Cracked,Cracked Nuts,Cracked Nuts,85262,1931,United States of America,"комедия, мелодрама",Эдвард Ф. Клайн,8.0, Художественный,93.0
Реинкарнация. Новая глава,Run Rabbit Run,Реинкарнация. Новая глава,Run Rabbit Run,714669,2024,"Australia, Finland, United States of America","ужасы, триллер",Даина Рейд,5.4, Художественный,100.0
Реинкарнация. Предсмертные муки,Sakaratul Maut,Реинкарнация. Предсмертные муки,Sakaratul Maut,1263992,2024,Indonesia,"ужасы, триллер",Sidharta Tata,7.0, Художественный,107.0
Рейд: Выживший,Super Pacifire,Рейд. Выживший,最强铁血奶爸,800054,2020,China,"боевик, комедия",Jiang Jingzhong,4.4, Художественный,101.0
Река героев,,,,,,,,,,Документальный,55.0
Реки,River,Таинственная река,Mystic River,322,2003,United States of America,"триллер, криминал, драма, детектив",Клинт Иствуд,7.743,Документальный,74.0
Реплика,,Реплика,Реплика,772768,2024,Russia,"драма, фантастика",Amir Isaev,8.0, Художественный,126.0
Ресторан по понятиям,,Ресторан по понятиям. Фильм,Ресторан по понятиям. Фильм,927441,2022,Russia,комедия,Давид Дадунашвили,0.0, Художественный,86.0
Рецепт любви,The Taste of Things,GLASS*,GLASS*,1394730,2024,,"ужасы, триллер, фантастика, драма",Caleb Hernandez,4.0, Художественный,135.0
Рецепт счастья,Partir un jour,Рецепт счастья,Partir un jour,1277884,2025,France,"драма, комедия, музыка",Amélie Bonnin,6.2, Художественный,97.0
Рецепты счастья,,,,,,,,,,Научно-популярный,60.0
Решала: Брат,,Решала: Брат,Решала: Брат,953366,2022,Russia,"боевик, драма, триллер",Александр Амиров,8.0, Художественный,90.0
Решение уйти,Decision to Leave,Решение уйти,헤어질 결심,705996,2022,South Korea,"триллер, детектив, мелодрама",Пак Чхан Ук,7.323, Художественный,138.0
Ржавый ручей,,Ржавый ручей,Rust Creek,561362,2019,United States of America,"триллер, драма, боевик, криминал",Jen McGowan,6.284, Художественный,66.0
Римские каникулы,Roman Holiday,Римские каникулы,Roman Holiday,804,1953,United States of America,"мелодрама, комедия, драма",Уильям Уайлер,7.9, Художественный,118.0
Римские расставания,Lasciari un Giorno a Roma/Breaking Up in Rome,Римские расставания,Lasciarsi un giorno a Roma,666622,2021,"Italy, Spain","мелодрама, комедия, драма",Edoardo Leo,6.6, Художественный,116.0
Ритмы мечты,,Ритмы мечты,Ритмы мечты,1487712,2025,Russia,комедия,Ирина Боровская,10.0, Художественный,106.0
Ритуал,The Ritual ,Ритуал,The Ritual,1278950,2025,United States of America,"ужасы, драма, триллер",David Midell,5.879, Художественный,98.0
Роберт Ирвин: Искусство света и пространства,Robert Irwin: A Desert of Pure Feeling,Robert Irwin: A Desert of Pure Feeling,Robert Irwin: A Desert of Pure Feeling,1047618,2022,United States of America,документальный,Jennifer Lane,0.0,Научно-популярный,94.0
Роберт Уилсон: Красота в загадке,Robert Wilson: Die Schönheit des Geheimnisvollen / Robert Wilson T he Beauty of the Mysterious,,,,,,,,,Научно-популярный,52.0
"Роберто Ассаджиоли, исследователь духа","Roberto Assagioli, Lo Scientzato dello Spirito",,,,,,,,,Научно-популярный,95.0
Робин Гуд и хранители леса,Robin and the Hood,Robin of Sherwood: Robin Hood and the Sorcerer,Robin of Sherwood: Robin Hood and the Sorcerer,1323483,1984,United Kingdom,"приключения, фэнтези",Ian Sharp,0.0, Художественный,100.0
Ровесник,,Ровесник,Ровесник,1320384,2025,Russia,драма,Федор Кудрявцев,0.0, Художественный,87.0
Ровесник,Limited Liability Company “Ylem”,Ровесник,Ровесник,1320384,2025,Russia,драма,Федор Кудрявцев,0.0, Художественный,87.0
Ровно в 4 после полудня,4PM,"4pm, Coffee","4pm, Coffee",888776,2021,United States of America,документальный,Dicky Bahto,10.0, Художественный,111.0
Род мужской,MEN,12 разгневанных мужчин,12 Angry Men,389,1957,United States of America,драма,Сидни Люмет,8.561, Художественный,100.0
Родительский дом,,Родительский дом,Родительский дом,1590218,2026,Russia,комедия,"Максим Максимов, Анна Герт",0.0, Художественный,97.0
Родная кровь,,Родная кровь,Родная кровь,67056,1964,Soviet Union,"драма, военный",Михаил Ершов,4.5, Художественный,85.0
Роднина,,Роднина,Роднина,1260853,2025,Russia,"драма, история",Константин Статский,5.0, Художественный,137.0
Родные люди,,Родные люди,Родные люди,746511,2020,Russia,драма,Anastasiya Ragozina,0.0, Художественный,109.0
Родственные души,Nonostante,Родственные души,Nonostante,1319473,2025,Italy,"драма, фэнтези",Valerio Mastandrea,6.175, Художественный,87.0
Рождение Легенд,Spinning Gold,Рождение легенд,Spinning Gold,326316,2023,United States of America,"музыка, драма",Timothy Scott Bogart,5.33, Художественный,131.0
Рождественская история,,Рождественская История,A Christmas Carol,17979,2009,United States of America,"мультфильм, драма, семейный, фэнтези",Роберт Земекис,6.905,"Прочее (Учебный, Спектакль, …)",91.0
Рождественские истории Астрид Линдгрен (режиссерская версия),,,,,,,,,,Анимационный,55.0
Рождество в подарок,Improvvisamente Natale,Рождество в подарок,Improvvisamente Natale,981987,2022,Italy,комедия,Francesco Patierno,5.354, Художественный,105.0
Рок Дог 3: Битва за бит,Rock Dog 3 Battle the Beat,Рок дог 3: Битва за бит,Rock Dog 3: Battle the Beat,1054972,2023,"China, United States of America","мультфильм, приключения, комедия",Anthony Bell,6.067,Анимационный,87.0
Рокбаритон,The Rocking Bariton,РокБаритон,РокБаритон,1010448,2022,"France, Russia",документальный,Bertrand Normand,0.0,Документальный,84.0
Роковая клятва,,,,,,,,,, Художественный,62.0
Роковая партия,,Роковая партия,Роковая партия,1388444,2024,Russia,драма,"Mikhail Tyurkin, Sergey Ershov, Khovenko Sergei",5.0,Документальный,87.0
Роковая страсть,The Immigrant,Роковая страсть,The Immigrant,152599,2013,"United States of America, France","драма, мелодрама",Джеймс Грэй,6.3, Художественный,120.0
Роковая экспедиция,Fatal Expedtion,Роковая экспедиция,Fatal Expedition,1398203,2024,Malaysia,"приключения, фэнтези, триллер, ужасы",Chong Jason,4.0, Художественный,90.0
Рокстория,,Рокстория,Рокстория,1165138,2023,Russia,документальный,Grigory Kurdyaev,0.0,Документальный,53.0
Роман Костомаров: Рожденный дважды,,,,,,,,,,Научно-популярный,75.0
Роман с того света,,Роман с того света,Роман с того света,1538312,2025,Russia,"комедия, фантастика",Константин Шелягин,3.5, Художественный,95.0
Роман служанки,Mothering Sunday,Роман служанки,Mothering Sunday,718838,2021,"Germany, United Kingdom","мелодрама, драма",Eva Husson,5.4, Художественный,104.0
Романтик,Une comédie romantique,Романти́к,Une comédie romantique,892502,2022,France,"комедия, драма, мелодрама",Thibault Segouin,5.0, Художественный,100.0
Росселлини. Жизнь без сценария,"Roberto Rossellini, piu di una vita",Roberto Rossellini - Più di una vita,Roberto Rossellini - Più di una vita,1548998,2025,"Italy, Latvia",документальный,"Ilaria De Laurentiis, Andrea Paolo Massara, Raffaele Brunetti",5.0,Документальный,89.0
"Россия - взгляд в будущее. Пермский край (новеллы: LIVE IN ЛЮБИМОВО, Коллекционер, Ящерка)",,,,,,,,,,Научно-популярный,74.0
Россия - пути времени,,,,,,,,,,Научно-популярный,87.0
Россия Марка Антокольского ,,,,,,,,,,Документальный,52.0
Россия с нами не пропадет,,,,,,,,,,Документальный,65.0
"Россия, я люблю тебя",,"Россия, я люблю тебя","Россия, я люблю тебя",1591837,2025,Russia,"драма, комедия","Алексей Куприянов, Николай Хомерики, Алексей Нужный",0.0, Художественный,82.0
Рубеж выживания,Last Sentinel,Рубеж выживания,Last Sentinel,516806,2023,"Estonia, Germany, United Kingdom","фантастика, триллер",Танель Тоом,5.428, Художественный,117.0
Рудольф Нуреев. Возвращение,,Рудольф Нуреев. Возвращение,Рудольф Нуреев. Возвращение,1250326,2023,Russia,документальный,Tatyana Malova,0.0,Документальный,54.0
Рудольф Нуреев. Нездешний остров,,Рудольф Нуреев. Нездешний остров,Рудольф Нуреев. Нездешний остров,1250327,2023,Russia,документальный,Tatyana Malova,0.0,Документальный,85.0
Рур,Ruhr,Mülheim/Ruhr,Mülheim/Ruhr,428953,1964,Germany,документальный,Peter Nestler,6.625,"Прочее (Учебный, Спектакль, …)",121.0
Русалка и дочь короля,The King’s Daughter,Русалка и дочь короля,The King's Daughter,245842,2022,"Australia, China, France, Hong Kong, United Kingdom, United States of America","фэнтези, приключения, семейный",Sean McNamara,6.997, Художественный,90.0
Русалочка и морской монстр,Little Mermaid and the Sea Monster,Русалочка и морской монстр,小美人鱼之大海怪传说,1176263,2023,China,"семейный, фэнтези, мультфильм","Ming Shang, Si Ling",0.0, Художественный,74.0
Русалочка. Начало приключений,Little Mermaid Magical Adventure,Русалочка. Начало приключений,小美人鱼的奇幻冒险,847237,2021,China,"мультфильм, семейный",Ming Si,0.0,Анимационный,82.0
"Руслан и Людмила. Больше, чем сказка",,"Руслан и Людмила. Больше, чем сказка","Руслан и Людмила. Больше, чем сказка",1166613,2023,Russia,"мультфильм, приключения, комедия",Владимир Николаев,7.5,Анимационный,95.0
Русские на Мариенплац,,Русские на Мариенплац,Нартай,1014400,2022,Kazakhstan,"приключения, драма","Gulnara Sarsenova, Vakhtangi Khubutia, Дито Цинцадзе",6.0, Художественный,116.0
Русские путешественники в Африке,,,,,,,,,,Документальный,65.0
Русские сны,,Русские сны,Русские сны,1135731,2023,Russia,драма,Anton Eliseev,0.0, Художественный,76.0
Русский Гамлет,,Русский Гамлет,Русский Гамлет,1561143,2025,Russia,драма,Борис Эйфман,0.0, Художественный,85.0
Русский Шпицберген,,,,,,,,,,Документальный,81.0
Русский крест,,Русский крест,Русский крест,1107793,2023,Russia,драма,Eduard Boyakov,4.0, Художественный,80.0
Русский раскол,,,,,,,,,,Документальный,189.0
Рыбка Поньо на утёсе,Ponyo on the Cliff by the Sea,Рыбка Поньо на утёсе,崖の上のポニョ,12429,2008,Japan,"мультфильм, фэнтези, семейный",Хаяо Миядзаки,7.753,Анимационный,101.0
Рыбка Унывака. Подводное приключение,The Pout-Pout Fish,Рыбка унывака. Подводное приключение,The Pout-Pout Fish,1146058,2026,"Australia, United States of America","мультфильм, семейный, приключения, комедия",Ricard Cussó,6.0,Анимационный,92.0
Рыжая Соня,Red Sonja,Рыжая Соня,Red Sonja,13494,2025,"United States of America, Bulgaria","приключения, боевик, фэнтези, драма",М. Дж. Бассетт,5.681, Художественный,110.0
Рыжик,,Рыжик,Рыжик,540601,1961,Soviet Union,"приключения, семейный",Илья Фрэз,7.333, Художественный,84.0
Рыцарь теней,The Knight of Shadows: Between Yin and Yang,Рыцарь теней,神探蒲松齡,512901,2019,"China, Hong Kong","боевик, приключения, семейный, фэнтези, мелодрама",严嘉,5.614, Художественный,108.0
Рэпер,,Рэпер,Рэпер,975925,2022,Russia,"драма, криминал",Станислав Крючков,0.0, Художественный,99.0
Рюити Сакамото: Последний концерт,RYUICHI SAKAMOTO: OPUS,Ryuichi Sakamoto | Opus,Ryuichi Sakamoto | Opus,1156189,2023,"Japan, United Kingdom, United States of America","музыка, документальный",空音央,7.6,Научно-популярный,103.0
Рядом с нами,,Рядом с нами,Рядом с нами,615947,1957,Soviet Union,драма,Адольф Бергункер,5.917, Художественный,94.0
"С ЛЮБОВЬЮ, РОЗИ","LOVE, ROSIE","С любовью, Рози","Love, Rosie",200727,2014,"United Kingdom, Germany","мелодрама, драма, комедия",Кристиан Диттер,7.81, Художественный,98.0
С любовью и яростью,Avec Amour et Acharnement,С любовью и яростью,Avec amour et acharnement,768757,2022,France,"драма, мелодрама",Claire Denis,5.6, Художественный,117.0
САЙБИРИЯ,,Сайбирия,Сайбирия,1271346,2023,Russia,драма,Nikita Mazin,0.0, Художественный,77.0
САМОЗВАНКА,SOME OTHER WOMAN,Самозванка,Some Other Woman,912600,2024,"Canada, United States of America","триллер, драма",Джоэл Дэвид Мур,4.881, Художественный,86.0
СВОИ ДЕТИ,,Свои дети,Свои дети,64188,2007,Russia,драма,Александр Кириенко,4.2,Научно-популярный,71.0
СВОИ. Баллада о войне,,СВОи. Баллада о войне,СВОи. Баллада о войне,1465456,2025,Russia,"военный, драма",Артём Артёмов,0.0, Художественный,89.0
СВОИХ НЕ БРОСАЕМ ,,Своих не бросаем,Своих не бросаем,1266725,2019,Kazakhstan,документальный,Matvey Shestakov,0.0, Художественный,97.0
СВЯТОЙ АРХИПЕЛАГ,,Святой архипелаг,Святой архипелаг,1010437,2023,Russia,документальный,Сергей Дебижев,0.0,Документальный,98.0
СЕВЕР,,Север рядом,Север рядом,655189,2019,Russia,документальный,Roman Super,0.0,Документальный,54.0
СЕЗОН ИЗМЕН,The Delinquent Season,Сезон измен,The Delinquent Season,467915,2018,Ireland,"драма, мелодрама",Mark O'Rowe,6.0, Художественный,103.0
СЕКС ПОСЛЕ БРАКА,THE END OF SEX,Секс после брака,The End of Sex,933092,2023,Canada,"комедия, мелодрама, драма",Sean Garrity,5.615, Художественный,72.0
СЕМЕЙНОЕ СЧАСТЬЕ,,Семейное счастье,Семейное счастье,1457538,2025,Russia,драма,Стася Толстая,0.0, Художественный,81.0
СЕМЕЙНЫЙ ПОРТРЕТ,,Семейный портрет,Семейный портрет,1230073,2023,Russia,документальный,"Pavel Pechenkin, Valery Timoschenko",0.0,Документальный,70.0
СЕО будущего,The Driven Ones,CEO будущего,The Driven Ones,1091342,2023,"Germany, Switzerland",документальный,Piet Baumgartner,6.0,Научно-популярный,93.0
СЕРДЦЕ ПАРМЫ,,Сердце пармы,Сердце пармы,576986,2022,Russia,"история, мелодрама, боевик, приключения",Антон Мегердичев,7.0, Художественный,159.0
СЕРДЦЕЕД,,Сердцеед,Сердцеед,1554247,2025,Russia,комедия,Роман Гредин,5.5, Художественный,99.0
СИНАРА,,Синара,Синара,1462551,2025,Russia,документальный,Наталия Лобко,0.0,Документальный,74.0
СКАЗКИ ГОФМАНА,,Сказки Гофмана,Сказки Гофмана,772720,2024,Russia,"драма, комедия",Тина Баркалая,4.8, Художественный,98.0
СКРЫТОЕ УБИЙСТВО,HIDDEN MURDER,Hidden Murder Island,Hidden Murder Island,1119332,2023,United States of America,"триллер, телевизионный фильм",Damián Romay,6.0, Художественный,111.0
СМЕРТЬ ЕДИНОРОГА,DEATH OF A UNICORNE,Смерть Единорога,Death of a Unicorn,1153714,2025,United States of America,"ужасы, фэнтези, комедия",Alex Scharfman,6.397, Художественный,107.0
СНЫ ОТЕЛЯ МОСКВА,,Сны отеля Москва,Сны отеля Москва,1275741,2024,Russia,драма,Nikolay Volyanskiy,0.0, Художественный,101.0
СОБАЧИЙ ПОБЕГ,Valatty,Собачий побег,വാലാട്ടി,1071249,2023,India,"приключения, комедия, драма",Devan Jayakumar,7.0, Художественный,104.0
СОБАЧЬЕ ДЕЛО,DOG ON TRIAL,Собачье дело,Le Procès du Chien,1056648,2024,"France, Switzerland",комедия,Laetitia Dosch,6.006, Художественный,81.0
СОВЕРШЕННО СЕКРЕТНО,CLASSIFIED (AKA WANTED MAN),Совершенно секретно,Classified,1124641,2024,"United Kingdom, United States of America","боевик, триллер",Роэль Рейн,5.6, Художественный,100.0
СОЕДИНЁННЫЕ ШТАТЫ АМЕРИКИ,THE UNITED STATES of AMERICA,The United States of America,The United States of America,916460,2022,United States of America,документальный,James Benning,5.5,"Прочее (Учебный, Спектакль, …)",102.0
СОРВАТЬ БАНК,CASH OUT,Сорвать банк,Cash Out,1116490,2024,United States of America,"боевик, триллер",Randall Emmett,6.153, Художественный,90.0
СОРВАТЬ БАНК 2: ВЫСОКИЕ СТАВКИ,CASH OUT 2: HIGH ROLLERS,Сорвать банк 2: Высокие ставки,Cash Out 2: High Rollers,1149167,2025,United States of America,"боевик, криминал, триллер",Randall Emmett,6.44, Художественный,101.0
СОРВАТЬ КУШ В СЕН-ТРОПЕ,Comme des riches,Сорвать куш в Сен-Тропе,Comme des riches,1261605,2025,France,комедия,Amin Harfouch,3.444, Художественный,88.0
СПИ,SLEEP,Доктор Сон,Doctor Sleep,501170,2019,United States of America,"ужасы, фэнтези",Майк Флэнаган,7.141, Художественный,94.0
СПУСК В БЕЗДНУ,DEEP DARK,Непокорные,Deep Dark Canyon,180688,2013,United States of America,"боевик, драма, триллер","Silver Tree, Abe Levy",6.1, Художественный,103.0
СПУТНИК,,Спутник,Спутник,594718,2020,Russia,"фантастика, драма, ужасы",Egor Abramenko,6.543, Художественный,109.0
СПЯЩАЯ,THE SLEEPING WOMAN (AKA LA MUJER DORMIDA) ,Спящая красавица,Sleeping Beauty,10882,1959,United States of America,"фэнтези, мультфильм, мелодрама, семейный",Clyde Geronimi,6.9, Художественный,106.0
СТРАШИЛКА И ТАЙНА ГОРОДА СВЕТА,SCARYGIRL,Страшилка и Тайна Города Света,Scarygirl,502345,2023,Australia,"мультфильм, приключения, семейный, фэнтези",Ricard Cussó,6.857,Анимационный,91.0
СТРЕЛОК,GUNNER,Стрелок,Gunner,5492,2024,United States of America,"боевик, триллер, криминал",Dimitri Logothetis,5.257, Художественный,105.0
СТУПЕНИ,,Ступени,Ступени,1577485,1973,Soviet Union,"драма, телевизионный фильм","Александр Петров, Андрей Попов",0.0, Художественный,70.0
СУБСТАНЦИЯ,THE SUBSTANCE,Субстанция,The Substance,933260,2024,"France, United Kingdom, United States of America","ужасы, фантастика, триллер",Корали Фаржа,7.133, Художественный,141.0
СУДИТЬ НЕЛЬЗЯ ПРОСТИТЬ,,,,,,,,,, Художественный,83.0
"СУЗДАЛЬ, Я ЛЮБЛЮ ТЕБЯ.DOC",,,,,,,,,,Документальный,96.0
СУПЕР КРЫЛЬЯ. ФИЛЬМ,SUPER WINGS: MAXIMUM SPEED,Супер Крылья. Фильм,극장판 슈퍼윙스: 맥시멈 스피드,1148189,2023,"China, South Korea","мультфильм, боевик, приключения, комедия, семейный, фантастика","Xiaoqing Cai, 蔡东青",6.3,Анимационный,89.0
СУПЕР ПАПОЧКА,SUPER PAPA,Супер папочка,Super Papa,1141233,2024,"Belgium, France","комедия, семейный",Léa Lando,5.4, Художественный,98.0
СЫН МОНГОЛИИ (восстановленная версия с озвучанием),,,,,,,,,, Художественный,85.0
Саамы. В гармонии с природой,,Саамы. В гармонии с природой,Саамы. В гармонии с природой,1464121,2025,Russia,документальный,Александр Свешников,0.0,Документальный,158.0
Саван,The Shrouds,Саван,The Shrouds,970947,2025,"Canada, France","фантастика, триллер, ужасы, драма, детектив",Дэвид Кроненберг,5.823, Художественный,119.0
"Садись рядом, Мишка!",,"Садись рядом, Мишка!","Садись рядом, Мишка!",470346,1977,Soviet Union,"военный, семейный, драма",Яков Базелян,0.0, Художественный,72.0
Садко,,Садко,Садко,46997,1953,Soviet Union,"боевик, приключения, семейный, фэнтези",Александр Птушко,5.7, Художественный,117.0
Садовник,THE GARDENER,Преданный садовник,The Constant Gardener,1985,2005,"Germany, United Kingdom, Switzerland, Kenya","драма, детектив, триллер",Фернанду Мейреллиш,7.0, Художественный,109.0
Садон: черная река,,,,,,,,,,Документальный,60.0
Сайылыкка...(в летнике),,,,,,,,,, Художественный,98.0
Салют-7 (режиссерская версия),,,,,,,,,, Художественный,118.0
Сама Любовь,She is Love,Сама любовь,She Is Love,821785,2023,"United Kingdom, United States of America","драма, комедия, мелодрама",Jamie Adams,5.545, Художественный,76.0
Самая большая луна,,Самая большая луна,Самая большая луна,634088,2024,Russia,"фэнтези, приключения, драма",Alexey Popogrebsky,2.8, Художественный,99.0
Самая нескучная школа,,,,,,,,,, Художественный,87.0
Самбист,,Ген самбиста,Ген самбиста,1501371,2022,Russia,"драма, семейный",,0.0,Документальный,103.0
Самодержец,,,,,,,,,,Анимационный,62.0
Самозванцы,,Самозванцы,Самозванцы,1458445,2025,Russia,драма,Мария Рейзен,10.0, Художественный,90.0
Самоубийство в пейзаже,Landscape Suicide,Landscape Suicide,Landscape Suicide,125305,1987,United States of America,"криминал, драма",James Benning,7.37,"Прочее (Учебный, Спектакль, …)",95.0
Сампо,,Сампо,Sampo,155399,1959,"Finland, Soviet Union","приключения, фэнтези",Александр Птушко,4.6, Художественный,101.0
Самурай,Le Samouraï,Самурай,Le Samouraï,5511,1967,"France, Italy","криминал, триллер, драма",Jean-Pierre Melville,7.773, Художественный,105.0
Самый главный босс,The Boss of It All,Самый главный босс,Direktøren for det hele,5206,2006,"Denmark, France, Italy, Sweden, Germany",комедия,Ларс фон Триер,6.609, Художественный,91.0
Самый лучший друг,Belong to Us,Самый лучший друг,Belong To Us,549661,2018,United States of America,драма,Patrick Rea,7.0, Художественный,83.0
Самый медленный поезд,,Самый медленный поезд,Самый медленный поезд,541198,1963,Soviet Union,военный,"Владимир Краснопольский, Валерий Усков",6.0, Художественный,80.0
Самый ценный груз,Most Precios of Cargoes,Самый ценный груз,La Plus Précieuse des marchandises,842859,2024,"France, Belgium","мультфильм, драма, история",Мишель Хазанавичус,7.689,Анимационный,80.0
Сансет бульвар,Sunset Boulevard,Сансет бульвар,Sunset Boulevard,599,1950,United States of America,драма,Билли Уайлдер,8.277, Художественный,110.0
СантаМэн,Santaman,Сантамэн,Santaman,844391,2022,,"мультфильм, приключения, семейный",Bret Stern,7.0,Анимационный,87.0
Саперы,,Саперы,Саперы,1603719,,,,,0.0,Документальный,54.0
Сардарапат. Генерал ждет...,,,,,,,,,,Документальный,53.0
Сато,,"Сатоши Кон, Иллюзионист","Satoshi Kon, l'illusionniste",809488,2021,"France, Japan",документальный,Pascal-Alex Vincent,6.7, Художественный,89.0
Сахарная фабрика,Pabrik Gula,Сахарная фабрика,Pabrik Gula,1355126,2025,Indonesia,"ужасы, триллер",Awi Suryadi,7.904, Художественный,133.0
Саша,,Саша,Саша,610341,2022,Russia,драма,Vladimir Bek,0.0, Художественный,106.0
Сборник фильмов Фестиваля «КОРОЧЕ» 2024 г. (часть 3),,,,,,,,,, Художественный,176.0
Свадебная резня,Till Death Do Us Part,Till Death Us Do Part,Till Death Us Do Part,252323,1992,"United States of America, France","телевизионный фильм, криминал, драма","Yves Simoneau, Vincent Bugliosi",7.0, Художественный,111.0
Свадьба,,Свадьба,Свадьба,91520,2000,"Russia, France, Germany","комедия, драма",Павел Лунгин,5.854, Художественный,61.0
Свадьба на Рождество,Improvvisamente a Natale mi sposo,Свадьба на Рождество,Improvvisamente a Natale mi sposo,1096812,2023,Italy,комедия,Francesco Patierno,5.4, Художественный,105.0
Сверхновая,,Сверхновая,Сверхновая,1506722,2025,Russia,драма,Женя Третьяков,0.0, Художественный,78.0
Сверхъестественное. Знаки,Something in the Dirt,Сверхъестественное. Знаки,Something in the Dirt,843621,2022,United States of America,"комедия, ужасы, детектив, фантастика","Джастин Бенсон, Аарон Мурхед",5.76, Художественный,115.0
Сверхъестественное. Разлом времени,Taklee Genesis,Сверхъестественное. Разлом времени,ตาคลี เจเนซิส,1086495,2024,Thailand,"приключения, фантастика, боевик, детектив",ชูเกียรติ ศักดิ์วีระกุล,7.25, Художественный,145.0
Сверчкеты,Cricket and Antoinette,Сверчкеты,Cvrčak i mravica,676575,2023,Croatia,"мультфильм, приключения, семейный, мелодрама","Luka Rukavina, Kristijan Milić",7.2,Анимационный,77.0
Свет,,Свет,Свет,1162748,2023,Russia,драма,Антон Коломеец,8.5, Художественный,108.0
Свет без солнца,Light without sun,Lys uden sol,Lys uden sol,1154970,,,,"Clara Kraft Isono, Christopher Fischlein, Marie Ramsing",0.0,Научно-популярный,52.0
Светлый мальчик из Касбы,The Blond Boy From The Casbah,Le Petit Blond de la Casbah,Le Petit Blond de la Casbah,1000108,2023,"France, Tunisia","комедия, драма, история",Alexandre Arcady,5.2, Художественный,134.0
Свидание с монстром,Woman of the Hour,Свидание с монстром,Woman of the Hour,835113,2024,United States of America,"криминал, драма, триллер",Анна Кендрик,6.392, Художественный,94.0
Свидетели,,Свидетели,Свидетели,530177,2018,Russia,"драма, военный",Konstantin Fam,4.8, Художественный,84.0
Свидетель,,Свидетель,Свидетель,1151188,2023,Russia,"драма, военный",Давид Дадунашвили,6.2, Художественный,128.0
Свидетель (Телеверсия),,,,,,,,,, Художественный,127.0
"Свидетельство. Дети, у которых мгновенно кончилось детство",,,,,,,,,,Документальный,71.0
Свинка,Piggy,Свинтус,Piggy,96631,2012,United Kingdom,триллер,Kieron Hawkes,5.5, Художественный,100.0
Свинцовые небеса,,Свинцовые небеса,Свинцовые небеса,1524839,,Russia,"военный, драма",Алиса Курганская,0.0, Художественный,109.0
Свинья на миллион,,,,,,,,,, Художественный,87.0
Свист,Whistle,Свист,Whistle,1193501,2026,"Ireland, United States of America","ужасы, детектив",Корин Харди,6.273, Художественный,98.0
Свободная страна,Freies Land,Свободная страна,Freies Land,633182,2020,Germany,"драма, триллер",Кристиан Альварт,6.2, Художественный,129.0
Свободные люди,Sovereign,Свободные люди,Sovereign,1130022,2025,United States of America,"криминал, драма, триллер",Christian Swegal,6.672, Художественный,100.0
Свободные отношения,,Свободные отношения,Свободные отношения,864233,2023,Russia,"драма, комедия",Дмитрий Невзоров,4.333, Художественный,103.0
Сводишь с ума,,Сводишь с ума,Сводишь с ума,1489187,2025,Russia,"комедия, мелодрама, фэнтези",Дарья Лебедева,7.769, Художественный,99.0
Своя в доску,,Своя в доску,Своя в доску,1471810,2026,Russia,комедия,Илья Лебедев,0.0, Художественный,92.0
Связной. Путь одного художника,,,,,,,,,,Научно-популярный,70.0
Святая Анна,,,,,,,,,, Художественный,533.0
Святая Анна-2024,,,,,,,,,,"Прочее (Учебный, Спектакль, …)",258.0
Святая Анна-2024,,,,,,,,,,Научно-популярный,88.0
Святая ночь. Охотники на демонов,Holy Night,Holy Night!,Holy Night!,242617,2011,Spain,мультфильм,Juan Galiñanes,6.3, Художественный,92.0
Святитель,,Святитель,Святитель,979597,2022,Russia,документальный,Алексей Барыкин,0.0,Документальный,55.0
Святым тут не место,There Are No Saints,Святым тут не место,There Are No Saints,267805,2022,"United States of America, Mexico","боевик, детектив, триллер",Alfonso Pineda Ulloa,5.215, Художественный,99.0
Священные мелодии коптов,,,,,,,,,,Научно-популярный,108.0
Священный паук,Holy Spider,Убийца «Священный паук»,عنکبوت مقدس,889699,2022,"Denmark, Jordan, France, Germany, Sweden","триллер, драма, криминал",Али Аббаси,7.3, Художественный,117.0
Сделайте красиво,,Сделайте красиво,Сделайте красиво,1328963,2024,Russia,документальный,Виталий Афанасьев,0.0,Документальный,58.0
Сделано здесь,,,,,,,,,, Художественный,72.0
Сделаны в Сибири,,,,,,,,,,Научно-популярный,106.0
Северная станция,,Северная станция,Северная станция,1441183,2026,Russia,драма,Сергей Овечко,0.0, Художественный,93.0
Северное сияние,,Северное сияние,Северное сияние,582811,2001,Russia,"драма, мелодрама",Андрей Разенков,5.75,Документальный,52.0
Северные амуры,,Северные амуры,Северные амуры,1152400,2023,Russia,мультфильм,Ruslan Tavabilov,0.0,Анимационный,63.0
Северный Свет,,Северный свет,Северный свет,932073,1967,Soviet Union,драма,"Евгений Велихов, Алина Казьмина",8.0,Документальный,119.0
"Северный морской путь, или Русская дорога в океане ",,"Северный морской путь, или Русская дорога в океане","Северный морской путь, или Русская дорога в океане",1603299,,,,,0.0,Документальный,65.0
Северный полюс,,Северный полюс,Северный полюс,1272198,2025,Russia,драма,Александр Котт,5.5, Художественный,120.0
Севильский цирюльник,,Севильский цирюльник,Севильский цирюльник,454929,1995,"Russia, United Kingdom",мультфильм,Наталия Дабижа,0.0, Художественный,155.0
Сегодня - к Деммени!,,,,,,,,,,Документальный,52.0
Седьмая печать,The seventh seal,The Making of: The Seventh Seal,The Making of: The Seventh Seal,1043515,2022,Sweden,документальный,"Hannes Wersén, Alvin Roth, Albin Janflod",10.0, Художественный,96.0
Сезон охоты,Hunting Season,Сезон охоты,Hunting Season,1387382,2025,United States of America,"боевик, драма, триллер",Raja Collins,6.916, Художественный,100.0
Сезон охоты: Суперкоманда,Super Bear,Boonie Bears Forest Frenzy 14: Super Bear,Boonie Bears Forest Frenzy 14: Super Bear,1474836,2014,,,,0.0,Анимационный,85.0
Секретарь Деда Мороза,,Секретарь Деда Мороза,Секретарь Деда Мороза,1161402,2023,Russia,"комедия, мелодрама",Denis Bazhenov,6.5, Художественный,76.0
Секретный агент (дубляж),O Agente Secreto,Секретный агент,O Agente Secreto,1220564,2025,"Brazil, France, Germany, Netherlands, Argentina","триллер, драма, криминал",Клебер Филью,7.291, Художественный,160.0
Секретный агент (субтитры),O Agente Secreto,Секретный агент,O Agente Secreto,1220564,2025,"Brazil, France, Germany, Netherlands, Argentina","триллер, драма, криминал",Клебер Филью,7.291, Художественный,160.0
Секретный папа,E se mio padre,Секретный папа,E se mio padre,1220156,2024,Italy,"комедия, детектив",Sole Tonnini,6.0, Художественный,96.0
Секс в СССР,,Секс в СССР,Секс в СССР,1535978,2025,Russia,документальный,Никита Кононов,0.0,Научно-популярный,59.0
Селигерье,,,,,,,,,,Научно-популярный,75.0
Селфи Полнолуния,,,,,,,,,,Документальный,62.0
Сельский врач,,Сельский врач,Сельский врач,542179,1952,Soviet Union,драма,Сергей Герасимов,6.5, Художественный,106.0
Семейка Фани,,,,,,,,,,Документальный,132.0
Семейка монстров,Petit vampire,Семейка монстров,Petit Vampire,589972,2020,"Belgium, France","мультфильм, семейный, фэнтези",Joann Sfar,6.9,Анимационный,81.0
Семейный переполох,,Семейный переполох,Семейный переполох,1307054,2024,Russia,"комедия, семейный",Евгения Юстус,0.0, Художественный,87.0
Семейный переполох: Очень средние века,Sin cobertura,Sin cobertura,Sin cobertura,1370124,2025,Spain,"комедия, семейный, приключения, фэнтези",Mar Olid,5.516, Художественный,93.0
Семейный приговор,The Problem with People,Семейный приговор,The Problem with People,1043758,2024,Ireland,комедия,Chris Cottam,5.9, Художественный,98.0
Семейный призрак,,Семейный призрак,Семейный призрак,1381718,2025,Russia,"комедия, фэнтези",Александр Бабаев,0.0, Художественный,84.0
Семеро солдатиков,,Семеро солдатиков,Семеро солдатиков,640795,1983,Soviet Union,семейный,Эдуард Бочаров,10.0, Художественный,66.0
Семь благословений,Seven Blessings,7 ברכות,7 ברכות,1168261,2023,Israel,"драма, комедия",Ayelet Menahemi,6.7, Художественный,111.0
Семь верст до рассвета,,Семь вёрст до рассвета,Семь вёрст до рассвета,1636186,2026,Russia,"военный, история, драма",Alexandr Andreev,0.0, Художественный,102.0
Семь вуалей,Seven Veils,Семь вуалей,Seven Veils,1083782,2025,"Canada, United States of America, Finland",драма,Atom Egoyan,5.622, Художественный,109.0
Семь дней Петра Семёныча,,Семь дней Петра Семёныча,Семь дней Петра Семёныча,1462893,2025,Russia,"драма, комедия, мелодрама",Тигран Кеосаян,8.7, Художественный,87.0
Семь дней осени,,Семь дней осени,Семь дней осени,1165133,2023,Russia,документальный,Алексей Головков,0.0,Документальный,52.0
Семь километров от Иерусалима,7 km da Gerusalemme,7 километров от Иерусалима,7 km da Gerusalemme,73244,2007,Italy,драма,Claudio Malaponti,5.5, Художественный,107.0
Семь лиц Джейн,The Seven Faces of Jane,Семь лиц Джейн,The Seven Faces of Jane,982813,2023,United States of America,драма,"Кен Джонг, Ryan Heffington, Xan Cassavetes, Gia Coppola, Гиллиан Джейкобс, Julian Acosta, Alex Takács, Boma Iluma",5.0, Художественный,89.0
Семь психопатов,Seven Psychopaths,Семь психопатов,Seven Psychopaths,86838,2012,"United Kingdom, United States of America","комедия, криминал",Мартин Макдонах,6.82, Художественный,110.0
Семь черных бумаг,,,,,,,,,, Художественный,96.0
Семья на мою голову,"Come ti muovi, sbagli","Come ti muovi, sbagli","Come ti muovi, sbagli",1520507,2025,Italy,комедия,Gianni Di Gregorio,5.8, Художественный,101.0
Семья шпионов,The Spy Family,The Spy Family,The Spy Family,1185172,2023,Israel,документальный,Rafael Balulu,0.0,Научно-популярный,72.0
Семьянин,,Семьянин,The Family Man,5994,2000,United States of America,"комедия, драма, мелодрама, фэнтези",Бретт Ратнер,6.82, Художественный,98.0
Сент-Экзюпери,Saint Exupery/ Saint-Ex,Visages de Saint Exupéry,Visages de Saint Exupéry,792130,1962,France,документальный,"Michèle Angot, Ange Casta",0.0, Художественный,98.0
Сентиментальная ценность,Affeksjonsverdi,Сентиментальная ценность,Affeksjonsverdi,1124566,2025,"Turkey, Norway, France, Denmark, Sweden, Germany, United Kingdom",драма,Хоаким Триер,7.456, Художественный,134.0
Сентиментальная ценность (субтитры),Affeksjonsverdi,Сентиментальная ценность,Affeksjonsverdi,1124566,2025,"Turkey, Norway, France, Denmark, Sweden, Germany, United Kingdom",драма,Хоаким Триер,7.456, Художественный,134.0
Сентиментальный парень,The Sentimental Bloke,The Sentimental Bloke,The Sentimental Bloke,346675,1932,Australia,комедия,F.W. Thring,6.333, Художественный,95.0
Серафима,,Серафима,Серафима,1524440,2025,Russia,мультфильм,Вадим Свешников,0.0,Анимационный,78.0
Сербия. Опыт любви,,,,,,,,,,Документальный,62.0
"Сергей Астахов, или Механика киноискусства",,"Сергей Астахов, или Механика киноискусства","Сергей Астахов, или Механика киноискусства",1321977,2024,Russia,документальный,Сергей Ландо,5.0,Документальный,75.0
Сергей Овчаров. Забытое чудо,,,,,,,,,,Документальный,77.0
Сергий против нечисти,,Сергий против нечисти: Шабаш,Сергий против нечисти: Шабаш,1102247,2023,Russia,ужасы,Кирилл Кузин,10.0, Художественный,93.0
Сергий против нечисти. Шабаш,,Сергий против нечисти: Шабаш,Сергий против нечисти: Шабаш,1102247,2023,Russia,ужасы,Кирилл Кузин,10.0, Художественный,114.0
Сердце Персии,,Алмаз «Сердце Персии»,Алмаз «Сердце Персии»,1647785,2026,Russia,"комедия, семейный, приключения",Иван Кульнев,0.0, Художественный,85.0
Сердцеедки,Heartbreakers,Сердцеедки,Heartbreakers,10833,2001,"United States of America, United Kingdom","комедия, мелодрама, криминал",Дэвид Миркин,6.122, Художественный,123.0
"Сестра, действуй!",Oh My Goodness! ,V6 LIVE TOUR 2013 “Oh! My! Goodness!”,V6 LIVE TOUR 2013 “Oh! My! Goodness!”,929508,2013,Japan,"документальный, музыка",,0.0, Художественный,87.0
Сестры мироносицы,,,,,,,,,,Документальный,77.0
Сибирский Цех: Современное искусство,,Сибирский цех: современное искусство,Сибирский цех: современное искусство,1236529,2023,Russia,документальный,Vladimir Boturov,0.0,Научно-популярный,71.0
Сивка-Бурка,,Сивка-бурка,Сивка-бурка,1218369,2027,Russia,"фэнтези, приключения",Александр Амиров,0.0, Художественный,99.0
Сиджинн. Книга крови,Sijin,Сиджинн. Книга крови,Sijjin,1127087,2023,Indonesia,"ужасы, триллер",Hadrah Daeng Ratu,5.75, Художественный,100.0
Сидони в Японии,Sidonie au Japon,Сидони в Японии,Sidonie au Japon,1004555,2024,"France, Germany, Japan, Switzerland","драма, мелодрама",Elise Girard,6.308, Художественный,96.0
Сикандар,,Сикандар,सिकंदर,1257960,2025,India,"боевик, драма",A.R. Murugadoss,4.955, Художественный,138.0
Сила добра,The Power of Good,The Power of Good,The Power of Good,930254,1911,United States of America,вестерн,Gilbert M. Anderson,0.0, Художественный,76.0
Сила духа казака,,,,,,,,,,Документальный,2940.0
Сила слабых,,Сила слабых,Сила слабых,1276235,2024,Russia,документальный,Галина Евтушенко,0.0,Документальный,53.0
Симон,,Симон,Simón,1105832,2023,"United States of America, Venezuela",драма,Diego Vincentini,8.29, Художественный,269.0
Симона и Мистер Скунс,Mlle Bottine,Симона и мистер скунс,Mlle Bottine,988367,2024,Canada,"комедия, семейный, музыка",Yan Lanouette Turgeon,6.8, Художественный,114.0
Симоновы и Трошкины: двойной портрет в интерьере эпохи,,Cимоновы и Трошкины: Двойной портрет в интерьере эпохи,Cимоновы и Трошкины: Двойной портрет в интерьере эпохи,1223924,2023,Russia,документальный,Галина Евтушенко,0.0,Документальный,53.0
Синдром,,Синдром,Синдром,1082415,2023,Russia,триллер,Антон Борматов,7.442, Художественный,84.0
Синдром отложенного счастья,,Синдром отложенного счастья,Синдром отложенного счастья,820729,2022,Russia,драма,Татьяна Колганова,6.0, Художественный,103.0
Синистер. Из тьмы,From Darkness,From Darkness,From Darkness,272363,2002,Ireland,мультфильм,Nora Twomey,6.636, Художественный,95.0
Синистер. Начало,Kinderfanger,Синистер: Начало,Kinderfänger,1115604,2023,,ужасы,Bridger Nielson,5.5, Художественный,93.0
Синистер. Обитель зла,TENEMENT,Tenement,Tenement,1564939,2026,Philippines,"триллер, боевик",Philip King,1.0, Художественный,84.0
Синистер. Первое проклятие,The Confession,Синистер. Первое проклятие,The Confession,1454741,2026,United States of America,ужасы,Will Canon,5.9, Художественный,87.0
Синистер. Пожиратель душ,Soul Eater,Soul Eater,Soul Eater,776028,2021,United States of America,ужасы,David di Pietro,0.0, Художественный,111.0
Синистер. Семейное проклятие,Bagman,Синистер. Семейное проклятие,Bagman,978796,2024,United States of America,"ужасы, триллер",Колм Маккарти,6.131, Художественный,93.0
Синистер: Новые души,La Ermita,Синистер. Новые души,La ermita,1078928,2023,Spain,"ужасы, драма",Carlota Pereda,5.4, Художественный,103.0
Синяя тетрадь,,Синяя тетрадь,Синяя тетрадь,403243,1963,Soviet Union,драма,Лев Кулиджанов,5.375, Художественный,87.0
Синяя тюрьма: Блю Лок. Эпизод Наги,Blue Lock: Episode Nagi,Синяя тюрьма: Блю Лок — Эпизод Наги,劇場版ブルーロック -EPISODE 凪-,1104844,2024,Japan,"мультфильм, боевик, драма",Шюнске Ишикава,7.4,Анимационный,89.0
Синяя тюрьма: Блю Лок. Эпизод Наги. Версия с субтитрами,Blue Lock: Episode Nagi,Синяя тюрьма: Блю Лок — Эпизод Наги,劇場版ブルーロック -EPISODE 凪-,1104844,2024,Japan,"мультфильм, боевик, драма",Шюнске Ишикава,7.4,Анимационный,89.0
Сирано,Cyrano,Сирано,Cyrano,730047,2021,"Canada, United Kingdom, United States of America","драма, мелодрама",Джо Райт,6.336, Художественный,123.0
Сират,Sirat,Сират,Sirāt,1151272,2025,"Spain, France","драма, триллер",Oliver Laxe,6.829, Художественный,114.0
Сирена,The Siren,Русалка,The Siren,554917,2019,United States of America,"фэнтези, ужасы",Perry Blackshear,5.5,Анимационный,100.0
Сирийская соната,,Сирийская соната,Сирийская соната,655447,2022,Russia,"драма, мелодрама",Олег Погодин,0.0, Художественный,103.0
Сирокко из страны ветров,Sirocco and the Kingdom of the Winds,Сирокко из страны ветров,Sirocco et le Royaume des courants d'air,676696,2023,"France, Belgium","приключения, мультфильм, семейный, фэнтези",Benoît Chieux,7.7,Анимационный,80.0
Сияние обрушится вниз. Последний концерт Гражданской обороны,,,,,,,,,,Музыкально-развлекательный,102.0
Сияющая звезда,Shining Star: The Birth of New Luna-Queen,Сияющая звезда,극장판 샤이닝스타: 새로운 루나퀸의 탄생!,610737,2019,South Korea,"мультфильм, музыка, боевик, фэнтези",Park Ilho,7.875,Анимационный,78.0
Сказания Земноморья,,Сказания Земноморья,ゲド戦記,37933,2006,Japan,"мультфильм, фэнтези, приключения",Горо Миядзаки,6.5,Анимационный,115.0
Сказительница,,,,,,,,,,Документальный,93.0
Сказка для старых,,Сказка для старых,Сказка для старых,938568,2022,Russia,"драма, криминал, детектив, фэнтези","Фёдор Лавров, Роман Михайлов",6.2, Художественный,78.0
Сказка о красавице Весне,Nejvetsi dar,Сказка о красавице Весне,Největší dar,649038,2022,Czech Republic,"фэнтези, семейный","Marta Santovjáková Gerlíková, Daria Hrubá",2.2, Художественный,88.0
Сказка о купеческой дочери и таинственном цветке,,Сказка о купеческой дочери и таинственном цветке,Сказка о купеческой дочери и таинственном цветке,408604,1991,"Belgium, Germany, Soviet Union","фэнтези, семейный",Владимир Грамматиков,7.5, Художественный,87.0
Сказка о царе Салтане,,Сказка о царе Салтане,Сказка о царе Салтане,1265316,2026,Russia,фэнтези,Сарик Андреасян,5.2, Художественный,110.0
Сказки темного леса. Ворожея,,Сказки тёмного леса,Сказки тёмного леса,1441583,2025,Russia,фэнтези,Каролина Кубринская,0.0, Художественный,92.0
Сказочная Лапландия,,,,,,,,,,Документальный,78.0
Сказочный патруль. Шоу продолжается,,Сказочный патруль. Шоу продолжается,Сказочный патруль. Шоу продолжается,1284497,2024,Russia,"мультфильм, приключения, фэнтези",Антон Ланшаков,10.0,Анимационный,66.0
Сквозь времена и пространства. По следам Центрально-Азиатской экспедиции Николая Рериха,,,,,,,,,,Научно-популярный,80.0
Сквозь время,,Сквозь время,Сквозь время,586373,2023,Russia,фантастика,Александр Богуславский,4.756, Художественный,105.0
Сквозь темное стекло,Sasom i En Spegel/Through a Glass Darkly,Сквозь темное стекло,Såsom i en spegel,11602,1961,Sweden,драма,Ингмар Бергман,7.778, Художественный,89.0
Сквозь темную материю ,,,,,,,,,,Документальный,83.0
Скоро кончится лето,,Скоро кончится лето,Скоро кончится лето,713123,2022,"Kazakhstan, Russia","драма, комедия",Yana Skopina,0.0, Художественный,83.0
Скрежет,Pahanhautoja,Скрежет,Pahanhautoja,517302,2022,"Belgium, Finland, Norway, Sweden","ужасы, фэнтези, драма",Hanna Bergholm,6.252, Художественный,90.0
Скрытая угроза,,Скрытая угроза,Скрытая угроза,1603732,,,,,0.0, Художественный,86.0
Славные ублюдки,Ruthless Bastards,Славные ублюдки,Ruthless Bastards,1353847,2025,Canada,"боевик, триллер",Брюс Фонтейн,5.5, Художественный,89.0
Славянское братство,,,,,,,,,,Документальный,61.0
Сладкая жизнь,La dolce vita,Сладкая жизнь,La dolce vita,439,1960,"France, Italy","комедия, драма",Федерико Феллини,8.0, Художественный,175.0
Сладкая парочка,Daljjakjigeunhae: 7510; Honey Sweet,Сладкая парочка,달짝지근해: 7510,978202,2023,South Korea,"комедия, мелодрама",이한,5.789, Художественный,119.0
След киллера,Damaged,След киллера,Damaged,1105407,2024,"United Kingdom, United States of America","боевик, драма, триллер, криминал",Терри Макдона,5.579, Художественный,98.0
Следующая жертва,Next Sohee,Следующая жертва,다음 소희,923344,2022,South Korea,"драма, триллер",정주리,7.243, Художественный,137.0
Слежка,,Слежка,Слежка,1186017,2023,Russia,триллер,Владимир Янковский,10.0, Художественный,100.0
Слепой меч. Око за око,,Слепой меч. Око за око,目中无人2,1235623,2024,China,"боевик, драма",杨秉佳,6.2, Художественный,90.0
Слишком личное,Far Too Personal,Príliš osobná známosť,Príliš osobná známosť,642715,2020,"Czech Republic, Slovakia","комедия, драма, мелодрама",Marta Ferencová,4.5, Художественный,103.0
Слово Пацана. Кровь на асфальте (1-2 серии),,,,,,,,,, Художественный,103.0
Слово о полку,,Слово о полку Ігоря,Слово о полку Ігоря,1554181,,Ukraine,"история, драма, боевик",Тарас Томенко,0.0,Документальный,90.0
Сломя голову,,Сломя голову,Сломя голову,1213785,2023,Russia,"драма, комедия",Евгений Григорьев,0.0, Художественный,103.0
Слон,,Слон,Elephant,1807,2003,United States of America,"криминал, драма",Гас Ван Сент,7.023, Художественный,83.0
Служение. Отец Андрей. Служение. Отец Сергий,,,,,,,,,,Документальный,52.0
Случай с фортепиано,L'accident de piano,Случай с фортепиано,L'Accident de piano,1313144,2025,France,комедия,Quentin Dupieux,6.166, Художественный,88.0
Случайная встреча,,Случайная встреча,Случайная встреча,469836,1936,Soviet Union,"комедия, мелодрама",Игорь Савченко,5.8, Художественный,62.0
Слэпфейс,Slapface,Слэпфейс,Slapface,812320,2022,United States of America,"ужасы, триллер",Jeremiah Kipp,5.992, Художественный,86.0
Слёзы дракона,,Слёзы дракона,Слёзы дракона,1487688,2025,Russia,"драма, история",Татьяна Мирошник,0.0, Художественный,107.0
Слёзы осушит ветер,,,,,,,,,, Художественный,196.0
Смерть в лифте,Top Floor,Смерть в лифте,Top Floor,1385103,2025,Bulgaria,триллер,Jérémy Minui,0.0, Художественный,72.0
Смерть в прерии,Terror on the Prairie,Смерть в прерии,Terror on the Prairie,884315,2022,United States of America,"вестерн, боевик, триллер",Michael Polish,6.06, Художественный,107.0
Смерть на Ниле,Death on the Nile,Смерть на Ниле,Death on the Nile,505026,2022,United States of America,"детектив, криминал, триллер",Кеннет Брана,6.4, Художественный,127.0
Смотри на меня!,,Смотри на меня!,Смотри на меня!,1273863,2024,Russia,драма,Владимир Грамматиков,6.0, Художественный,120.0
Смятение чувств,,Смятение чувств,Смятение чувств,388432,1978,Soviet Union,"драма, мелодрама",Павел Арсенов,4.6, Художественный,75.0
Снег в моём дворе,,Снег в моем дворе,თოვლი ჩემს ეზოში,1298652,2025,"Georgia, Russia",драма,Бакур Бакурадзе,7.0, Художественный,113.0
"Снег, сестра и росомаха",,"Снег, сестра и росомаха","Снег, сестра и росомаха",1003816,2023,Russia,"мелодрама, драма",Роман Михайлов,6.5, Художественный,79.0
Снегирь,,Снегирь,Снегирь,597915,2023,Russia,"драма, боевик",Борис Хлебников,6.1, Художественный,117.0
Снеговик,,Снеговик,Снеговик,1446948,2025,Russia,"семейный, фэнтези, приключения, комедия",Александр Бабаев,4.0, Художественный,98.0
Снежная королева,,Снежная королева,Снежная королева,164372,2012,Russia,"мультфильм, фэнтези, семейный","Vladlen Barbe, Максим Свешников",5.7, Художественный,107.0
Снежная королева. Разморозка,,Снежная Королева: Разморозка,Снежная Королева: Разморозка,898230,2022,Russia,"приключения, мультфильм, семейный, фэнтези","Андрей Кореньков, Алексей Цицилин",5.5,Анимационный,76.0
Снимок души,,,,,,,,,, Художественный,75.0
Снова наступит рассвет,When The Light Breaks,Снова наступит рассвет,Ljósbrot,1257407,2024,"Croatia, France, Iceland, Netherlands",драма,Rúnar Rúnarsson,6.7, Художественный,82.0
Сны космонавта,,Сны космонавта,Сны космонавта,1294447,2024,Kazakhstan,драма,Бекентай Ажибеков,6.0, Художественный,70.0
Сны о ней,Daniela Forever,Сны о ней,Daniela Forever,1084440,2025,"Belgium, Spain, United States of America, Finland","фантастика, мелодрама, драма",Начо Вигалондо,6.4, Художественный,118.0
Сны усадеб,,Сны усадеб,Сны усадеб,1603741,,,,,0.0,Документальный,55.0
Со вкусом можжевельника,Juniper,Со вкусом можжевельника,Juniper,833257,2021,New Zealand,"драма, комедия",Matthew J. Saville,6.5, Художественный,94.0
Собака на сене,,Собака на сене,Собака на сене,37177,1977,Soviet Union,комедия,Ян Фрид,7.161, Художественный,128.0
Собачья жизнь: Друзья навек,"So Long For Love, Zai jian, Li Kele",Собачья жизнь: Друзья навек,再见，李可乐,1206639,2023,,драма,Wang Xiaolie,7.7, Художественный,105.0
Собиратель душ,Longlegs,Собиратель душ,Longlegs,1226578,2024,"Canada, United States of America","криминал, ужасы, детектив",Оз Перкинс,6.529, Художественный,101.0
Собор,The Cathedral,Собор,The Cathedral,854546,2022,"Italy, United States of America",драма,Ricky D’Ambrose,5.8,"Прочее (Учебный, Спектакль, …)",87.0
Совет Ветров,,Совет Ветров,Совет Ветров,1482264,2025,Russia,драма,Дмитрий Зодчий,0.0, Художественный,157.0
Современные герои Арктики,,,,,,,,,,Научно-популярный,98.0
Совсем ошалели,,Совсем оШАЛЕли,Совсем оШАЛЕли,1269924,2024,Russia,комедия,Ольга Френкель,6.8, Художественный,94.0
Совсем пропащий,,Совсем пропащий,Совсем пропащий,27923,1973,Soviet Union,"семейный, приключения",Георгий Данелия,5.458, Художественный,98.0
Сожалею о тебе,Regretting you,Сожалею о тебе,Regretting You,1327862,2025,"United States of America, Germany","мелодрама, драма",Джош Бун,7.042, Художественный,116.0
Сожги все мои письма,Burn All My Letters,Сожги все мои письма,Bränn alla mina brev,845605,2022,"Denmark, Sweden","драма, история",Björn Runge,5.5, Художественный,119.0
Созвездие Чёрной каракатицы,,,,,,,,,, Художественный,70.0
Создай девушку,MAKE A GIRL,Two and Two Make Six,Two and Two Make Six,277263,1962,United Kingdom,комедия,Freddie Francis,7.5,Анимационный,92.0
Создай девушку (версия с субтитрами),MAKE A GIRL,Two and Two Make Six,Two and Two Make Six,277263,1962,United Kingdom,комедия,Freddie Francis,7.5,Анимационный,92.0
Соизчезновение,Coextinction,Coextinction,Coextinction,875372,2021,Canada,документальный,"Gloria Pancrazi, Elena Jean",6.5,Научно-популярный,94.0
Сокровища Тома Сойера,The Quest for Tom Sawyer's Gold,Сокровища Тома Сойера,The Quest for Tom Sawyer's Gold,966576,2023,United States of America,"приключения, семейный",Kirk Harris,5.3, Художественный,88.0
Сокровища гномов,,Сокровища гномов,Сокровища гномов,1381777,2025,Russia,"комедия, семейный, приключения","Александр Бабаев, Василий Ровенский",6.2, Художественный,96.0
Сокровища партизанского леса,,Сокровища партизанского леса,Сокровища партизанского леса,1119035,2023,Russia,"драма, военный",Юрий Ильин,1.0, Художественный,102.0
Сокровище Разина,,Сокровище Разина,Сокровище Разина,1256713,2024,Russia,драма,Роман Каргаполов,0.0, Художественный,83.0
Солдат Иван Бровкин,,Солдат Иван Бровкин,Солдат Иван Бровкин,150010,1955,Soviet Union,"приключения, комедия",Иван Лукинский,6.0, Художественный,87.0
Солнце в кармане,,Солнце в кармане,Солнце в кармане,894454,1985,Soviet Union,семейный,Эдуард Гаврилов,9.0, Художественный,70.0
Солнце мое ,Aftersun,Солнце моё,Aftersun,965150,2022,"United Kingdom, United States of America",драма,Charlotte Wells,7.682, Художественный,99.0
Солнце на вкус,,Солнце на вкус,Солнце на вкус,1132458,2023,Russia,"комедия, фэнтези","Tatyana Sulyaeva, Эльдар Салаватов",5.0, Художественный,88.0
"Солнце, море и любовь",,"Солнце, море и любовь","Sun, Sand & Romance",469779,2017,"Mexico, United States of America","мелодрама, телевизионный фильм",Mark Rosman,5.974, Художественный,193.0
Соловей против Муромца ,,Соловей против Муромца,Соловей против Муромца,1262693,2025,Russia,"приключения, фантастика, фэнтези",Карен Оганесян,4.0, Художественный,115.0
Солёная тропа,The Salt Path,Солёная тропа,The Salt Path,1127625,2025,United Kingdom,драма,Marianne Elliott,6.8, Художественный,115.0
Солёный пёс,,Соленый пес,Соленый пес,472017,1974,Soviet Union,"драма, комедия",Николай Кошелев,9.0, Художественный,70.0
Сомбреро,,Сомбреро,Сомбреро,72632,1959,Soviet Union,"семейный, приключения",Тамара Лисициан,7.0, Художественный,68.0
Сомния. Дитя тьмы,The Ancestral,Ancestral Visions of the Future,Ancestral Visions of the Future,1405458,2025,"Lesotho, France, Germany, Qatar, Saudi Arabia",документальный,Lemohang Jeremiah Mosese,8.0, Художественный,100.0
Сомния. Кошмар вернулся,Ketindihan,Сомния. Кошмар вернулся,Ketindihan,1388608,2025,Indonesia,"ужасы, триллер",Dyan Sunu Prastowo,4.2, Художественный,96.0
Сомния: Обитель кошмаров,Somnium,Сомния: Обитель кошмаров,Somnium,1289893,2025,United States of America,"фантастика, ужасы, триллер, драма",Racheal Cain,5.5, Художественный,92.0
Соник 2 в кино,Sonic the Hedgehog 2,Соник 2 в Кино,Sonic the Hedgehog 2,675353,2022,"Japan, United States of America","боевик, приключения, семейный, комедия",Джефф Фаулер,7.429, Художественный,115.0
Соня и Лёня,,,,,,,,,,Анимационный,89.0
"Софи Лорен. Жить, сниматься, любить!",Sophia!,Sophia!,Sophia!,1022486,2022,Italy,документальный,Marco Spagnoli,6.0, Художественный,101.0
Социализация,,Социализация,Социализация,1529858,,Russia,драма,Анна Волконская,0.0, Художественный,91.0
Соцсети,,,,,,,,,, Художественный,143.0
Спасатель,,Спасатель,The Guardian,4643,2006,United States of America,"боевик, приключения, драма",Andrew Davis,7.134, Художественный,100.0
"Спасибо, Родная!",,,,,,,,,,Научно-популярный,56.0
Спасти Санту ,La Navidad en sus manos,Спасти Санту 2,La Navidad en sus manos 2,1196207,2025,Spain,"комедия, семейный",Joaquín Mazón,5.5, Художественный,93.0
Спасти бессмертного,,Спасти бессмертного,Спасти бессмертного,1570597,2026,Russia,"боевик, драма, фантастика, военный, история",Павел Игнатов,10.0, Художественный,106.0
Спасти и сохранить,,Спасти и сохранить,Спасти и сохранить,952793,2013,Russia,документальный,"Evgeniy Malevskiy, Андрей Осипов",0.0,Документальный,54.0
СпимГоворим,,СпимГоворим,СпимГоворим,1102812,2023,Russia,мелодрама,Алексей Зюзин,0.0, Художественный,70.0
Спирит. Серебряная звезда,Silverstar,Спирит,Silverstar,911177,2021,Netherlands,"семейный, драма",Diede in 't Veld,6.6, Художественный,85.0
Список подозреваемых,Boneyard,Список подозреваемых,Boneyard,1114738,2024,United States of America,триллер,Asif Akbar,5.442, Художественный,97.0
Сплетение судеб,The Braid,The Braid of Time,The Braid of Time,1398282,2021,Netherlands,"мультфильм, драма",Tamara Shogaolu,3.8, Художественный,120.0
Сплит. Звезда на грани,Wannabe,Подражатель,The Wannabe,333387,2015,United States of America,"триллер, детектив, криминал, драма",Ник Сэндоу,5.1, Художественный,102.0
Спринг Гарден,SPRING GARDEN,"Great Gardens: Great Dixter, Spring","Great Gardens: Great Dixter, Spring",1422947,2025,United Kingdom,документальный,Howard Sooley,0.0, Художественный,90.0
Спринтер,Sprinter,Спринтер,Sprinter,582350,2019,"Jamaica, United States of America",драма,Storm Saulter,6.375, Художественный,86.0
Спуск: Новая глава,Dark Nature,Спуск: Новая глава,Dark Nature,994138,2023,Canada,ужасы,Berkley Brady,5.167, Художественный,85.0
Спящая красавица,,Спящая красавица,Sleeping Beauty,10882,1959,United States of America,"фэнтези, мультфильм, мелодрама, семейный",Clyde Geronimi,6.9,Анимационный,96.0
Спящие псы,Sleeping Dogs,Спящие псы,Sleeping Dogs,978592,2024,"United States of America, Australia","детектив, триллер, криминал, драма",Адам Купер,7.003, Художественный,111.0
Средневековье,Medieval,Средневековье,Medieval,551271,2022,"Czech Republic, United States of America","боевик, драма, история",Петр Якл,6.9, Художественный,126.0
Ссора в Лукашах,,Ссора в Лукашах,Ссора в Лукашах,544794,1959,Soviet Union,"комедия, музыка",Максим Руф,6.063, Художественный,89.0
Стажер по-русски,,Стажёр по-русски,Стажёр по-русски,1524001,2025,Russia,"драма, комедия",Александра Хобс,0.0, Художественный,117.0
Сталкер,Stalker,Stalker,Stalker,1444232,2025,United States of America,"ужасы, триллер",Chris R. Notarile,0.0, Художественный,96.0
Сталкер любимого города,,Сталкер любимого города,Сталкер любимого города,1320691,2024,Russia,документальный,Виктор Тихомиров,5.0,Документальный,52.0
Сталкер. Черная плесень,Black Mold,Сталкер. Черная плесень,Black Mold,949855,2024,United States of America,"ужасы, триллер, драма, телевизионный фильм",John Pata,4.8, Художественный,92.0
Стальная хватка,The Iron Claw,Стальная хватка,The Iron Claw,850165,2023,"United Kingdom, United States of America","история, драма",Sean Durkin,7.512, Художественный,132.0
Станцевать безумие,Bailar la locura,Bailar la locura,Bailar la locura,1216504,2023,,документальный,"Maiol Virgili, Marta Espar",9.0,Документальный,75.0
"Старая Вера, Новая Земля",,,,,,,,,,Научно-популярный,56.0
Старуха с ножом,The Old Woman with the Knife,Старуха с ножом,파과,1247002,2025,South Korea,"боевик, детектив, драма",민규동,6.5, Художественный,125.0
Старушки в снегах,,Старушки в снегах,Старушки в снегах,1404340,2022,Russia,комедия,Всеволод Аравин,0.0, Художественный,84.0
Старший сын. Юрий Рерих,,,,,,,,,,Научно-популярный,54.0
Старые долги,,Старые долги,Старые долги,581367,1980,Soviet Union,"драма, мелодрама",Илья Гурин,0.0, Художественный,90.0
Старые стены,,Старые стены,Старые стены,474588,1973,Soviet Union,"драма, мелодрама",Виктор Трегубович,4.75, Художественный,91.0
Старый дуб,The Old Oak,Паб «Старый дуб»,The Old Oak,970348,2023,"Belgium, France, United Kingdom",драма,Ken Loach,7.211, Художественный,112.0
Старый орёл,,Старый орёл,Старый орёл,1653771,2026,Russia,комедия,Мурад Ногмов,0.0, Художественный,94.0
Статья,,Статья,Статья,1438757,1988,Soviet Union,"драма, телевизионный фильм","Юрий Ерёмин, Владимир Семаков",0.0, Художественный,90.0
Стеклодув,The Glassworker,The Making of 'The Glassworker',The Making of 'The Glassworker',1420996,2025,Pakistan,документальный,,0.0,Анимационный,98.0
Степан Эрьзя: долгий путь домой,,,,,,,,,,Документальный,80.0
Степень риска,,Степень риска,Степень риска,74543,1968,Soviet Union,драма,Илья Авербах,4.0, Художественный,89.0
Степные боги,,Степные боги,Степные боги,1222349,2026,Russia,,Олег Асадулин,0.0, Художественный,84.0
Стервятники,Rapaces,Стервятники,Rapaces,1002158,2025,France,"триллер, детектив",Peter Dourountzis,6.477, Художественный,104.0
Стикер,,Стикер,Стикер,957601,2022,Russia,"детектив, мелодрама",Dmitry Baran,0.0, Художественный,117.0
Стиффелио,,,,,,,,,, Художественный,112.0
Стич-Хэд,Stitch Head,Стич-хэд. Хранитель монстров,Stitch Head,1214130,2025,"Germany, Luxembourg, India, United States of America, United Kingdom","мультфильм, приключения, семейный, комедия",Steve Hudson,7.105,Анимационныц,91.0
Сто лет тому вперёд,,Сто лет тому вперёд,Сто лет тому вперёд,732698,2024,Russia,"фантастика, приключения, семейный",Александр Андрющенко,7.5, Художественный,142.0
Стойкий человек,Resilient Man,Стойкий человек,A Resilient Man,1239987,2024,"France, United Kingdom",документальный,Stéphane Carrel,7.4,Научно-популярный,91.0
Столица паркура,,,,,,,,,,Научно-популярный,61.0
Стометровка (дубляж),100 Meters /Hyakuemu ,Стометровка,ひゃくえむ。,1295026,2025,"Japan, United States of America","мультфильм, драма",Кэндзи Иваисава,7.827,Анимационный,106.0
Стометровка (субтитры),100 Meters /Hyakuemu,Стометровка,ひゃくえむ。,1295026,2025,"Japan, United States of America","мультфильм, драма",Кэндзи Иваисава,7.827,Анимационный,106.0
"Стоп, ночь",,"Стоп, ночь","Стоп, ночь",1356969,2024,Kazakhstan,музыка,Фархат Шарипов,0.0, Художественный,94.0
Стоп-кран,Attention au depart!,Стоп-кран,Attention au départ !,787868,2021,"Belgium, France",комедия,Benjamin Euvrard,5.199, Художественный,92.0
Стоп-слово,Sanctuary,Стоп-слово,Sanctuary,870518,2023,"France, United States of America, Russia","драма, триллер",Zachary Wigon,6.087, Художественный,96.0
Стражи Вселенной: как приручить динозавров,Cosmicrew: Storm Force,Стражи Вселенной: Как приручить динозавров,宇宙护卫队：风暴力量,1122419,2023,,"мультфильм, приключения, фэнтези, семейный",Peng Liu,0.0,Анимационный,94.0
Стражи Терракоты,Realem of Terracotta,Стражи терракоты,俑之城,844158,2021,China,"мультфильм, фэнтези, приключения","丁亮, Yongchang Lin",6.292,Анимационный,109.0
Стражи времени,Guardians of Time,Стражи времени,Guardians of Time,913740,2023,United States of America,"приключения, фэнтези, боевик, семейный, детектив",Stephen Shimek,5.7, Художественный,99.0
Страна Саша,,Страна Саша,Страна Саша,772760,2022,Russia,драма,Юлия Трофимова,6.8, Художественный,82.0
Страницы с передовой,,,,,,,,,,Документальный,52.0
Странные люди,,Странные люди,Странные люди,267545,1969,Soviet Union,"комедия, драма",Василий Шукшин,4.625, Художественный,95.0
Странный дом,,Странный дом,Странный дом,1104271,2023,"Belarus, Russia","фантастика, триллер",Максим Максимов,6.7, Художественный,80.0
Страсти по Андрею (восстановленная версия),,,,,,,,,, Художественный,203.0
Страсти по Матвею,,Страсти по Матвею,Страсти по Матвею,1037645,2023,Russia,"мелодрама, комедия",Сергей Ильин,8.0, Художественный,120.0
Страшные сказки,Tale of Tales,The Tale Of Tales,The Tale Of Tales,1322117,,,,,0.0, Художественный,133.0
Стримеры,Slayers,Стримеры,Slayers,888097,2022,United States of America,"ужасы, комедия, фэнтези",K. Asher Levin,3.974, Художественный,88.0
Строго конфиденциально,Strictly Confidential,Строго конфиденциально,Strictly Confidential,1182297,2024,"St. Kitts and Nevis, United States of America","детектив, триллер",Damian Hurley,5.276, Художественный,86.0
Студия в квадрате обстрела,,Студия в квадрате обстрела,Студия в квадрате обстрела,1250332,2023,Russia,документальный,Lyudmila Shakht,0.0,Документальный,70.0
Студия в квадрате обстрела. Живы. Выдержим. Победим!,,,,,,,,,,Документальный,72.0
Субстанция: Идеал,Grafted,Субстанция. Идеал,Grafted,1201262,2024,"New Zealand, United Kingdom",ужасы,Sasha Rainbow,5.708, Художественный,95.0
Суворов. Великое путешествие,,Суворов: Великое путешествие,Суворов: Великое путешествие,579884,2022,Russia,мультфильм,Борис Чертков,6.3,Анимационный,85.0
Суворовец 1944,,Суворовец 1944,Суворовец 1944,1263565,2024,Russia,драма,Denis Kazantsev,1.5, Художественный,90.0
Судная ночь в Аркадии,Arcadian,Судная ночь в Аркадии,Arcadian,1051896,2024,"Ireland, United States of America","боевик, ужасы, триллер, фантастика",Benjamin Brewer,6.034, Художественный,91.0
Судная ночь. Джекпот,Your Lucky Day,Судная ночь. Джекпот,Your Lucky Day,923993,2023,United States of America,"триллер, криминал, боевик",Dan Brown,6.031, Художественный,89.0
Судьба Знаменосца,,,,,,,,,,Документальный,60.0
Судьба барабанщика,,Судьба барабанщика,Судьба барабанщика,63797,1955,Soviet Union,"приключения, драма, семейный",Виктор Эйсымонт,6.333, Художественный,109.0
Суздаль. 1000 лет и один день,,Суздаль. 1000 лет и один день,Суздаль. 1000 лет и один день,1535789,2025,Russia,документальный,Сергей Дебижев,0.0,Документальный,75.0
Суини Тодд. Демон-парикмахер. Возвращение,Sweeney Todd: Slice & Dice,"Суини Тодд, демон-парикмахер. Возвращение",Sweeney Todd: Slice & Dice,1372745,2025,United Kingdom,ужасы,Steven M. Smith,4.5, Художественный,81.0
Сумма квадратов катетов,,Сумма квадратов катетов,Сумма квадратов катетов,1396972,2024,Russia,"мелодрама, драма",Кита Фрайхайт,0.0, Художественный,85.0
Супер Майки,Men at Work Miami,Супер Майки,Onze Jongens in Miami,641167,2020,Netherlands,"комедия, музыка",Johan Nijenhuis,5.2, Художественный,110.0
Супер Мишка,Bear Kid: Super Hero,Супер Мишка и его команда,熊孩子·探险熊兵,1268179,2025,China,"приключения, мультфильм",庄潇,0.0,Анимационный,73.0
Супер Ралли. Тайна двух планет (серии 1-26),,,,,,,,,,Анимационный,162.0
Супергерои,Supereroi/Superheroes,La banda dei supereroi,La banda dei supereroi,297750,2014,Italy,комедия,Davide Limone,5.2, Художественный,121.0
Супергномы,"Die Heinzels: Neue Mützen, Neue Mission",Супергномы,"Die Heinzels - Neue Mützen, neue Mission",1244112,2024,Germany,"мультфильм, приключения, семейный, фэнтези",Ute von Münchow-Pohl,6.7,Анимационный,76.0
Супергонки,,Супергонки,GG Bond: Racing 72H,1365080,2023,China,"мультфильм, приключения, комедия",Zhong Yu,0.0,Анимационный,85.0
Супермозг,Headspace,Тайна разума,Headspace,9987,2005,United States of America,"ужасы, фантастика, триллер",Andrew van den Houten,5.1,Анимационный,85.0
Суперотряд,,,,,,,,,, Художественный,75.0
Суперпташки: Улетная миссия,Johnny Puff: Secret Mission,Суперпташки. Улётная миссия,Johnny Puff: Secret Mission,1077120,2024,Italy,"мультфильм, семейный",Néstor F. Dennis,6.3,Анимационный,88.0
Суперсанта,SuperKlaus,Суперсанта,SuperKlaus,1100998,2024,"Canada, Spain","мультфильм, комедия, семейный, приключения",Steve Majaury,6.875,Анимационный,92.0
Супруги,Les intranquilles /The Restless,Супруги,Les Intranquilles,788942,2021,"Belgium, France, Luxembourg",драма,Joachim Lafosse,6.811, Художественный,119.0
Суспирия,Suspiria,Суспирия,Suspiria,11906,1977,Italy,ужасы,Dario Argento,7.471, Художественный,101.0
Сущность (дубляж),The Thing with Feathers,Сущность,The Thing with Feathers,1127628,2025,United Kingdom,драма,Dylan Southern,6.605, Художественный,98.0
Сущность (субтитры),The Thing with Feathers,Сущность,The Thing with Feathers,1127628,2025,United Kingdom,драма,Dylan Southern,6.605, Художественный,98.0
Сущность. Семейный кошмар,Rosario,Сущность. Семейный кошмар,Rosario,1297028,2025,"Colombia, United States of America",ужасы,Felipe Vargas,5.5, Художественный,88.0
Схватка,Kill,Каратель: Последнее убийство,The Punisher: One Last Kill,1439930,2026,United States of America,"боевик, драма, криминал",Рейнальдо Маркус Грин,8.435, Художественный,105.0
Схватка,,Схватка,Heat,949,1995,United States of America,"криминал, драма, боевик",Michael Mann,7.934, Художественный,97.0
Схватка с дьяволом,Sympathy for the Devil,Схватка с дьяволом,Sympathy for the Devil,1030987,2023,United States of America,"триллер, боевик",Yuval Adler,5.917, Художественный,90.0
Сцена на передовой,,,,,,,,,,Документальный,52.0
Сценарий для Голливуда,,Сценарий для Голливуда,Сценарий для Голливуда,1571472,2022,Russia,комедия,Ибрагим Урсанов,0.0, Художественный,64.0
"Счастлив, когда ты нет",,"Счастлив, когда ты нет","Счастлив, когда ты нет",1529862,2026,Russia,"комедия, мелодрама",Игорь Марченко,5.0, Художественный,105.0
Счастливые дни,Giorni Felici,Счастливые дни,Giorni felici,1185721,2023,Italy,драма,Simone Petralia,4.7, Художественный,87.0
Счастливые дни,,Счастливые дни,Счастливые дни,31630,1991,Soviet Union,драма,Алексей Балабанов,5.813, Художественный,86.0
Счастливый билетик,,Счастливый билетик,Счастливый билетик,1364113,2024,,"комедия, криминал, приключения",,0.0, Художественный,54.0
Счастье,Happiness/ Le bonheur,Zadoc et le bonheur,Zadoc et le bonheur,570990,1995,France,"комедия, драма",Pierre-Henry Salfati,7.0, Художественный,81.0
Считать ради людей. На страже людей,,,,,,,,,, Художественный,79.0
Съехавшие,,Две съехавшие крыши,Headrush,41885,2003,"Ireland, Netherlands, United Kingdom","комедия, криминал",Shimmy Marcus,4.2, Художественный,83.0
Сын,The Son,Сын,The Son,806368,2022,"Australia, France, United Kingdom",драма,Флориан Зеллер,6.732, Художественный,122.0
Сыны России,,,,,,,,,,Документальный,52.0
Сыроежки,,Сыроежки,Сыроежки,1637118,2026,Russia,драма,Александр Галибин,0.0, Художественный,95.0
Сюда не залетали чайки,,Сюда не залетали чайки,Сюда не залетали чайки,889631,1978,Soviet Union,драма,Булат Мансуров,0.0, Художественный,98.0
Сюрприз для мамы,,Сюрприз для мамы,Сюрприз для мамы,1596228,2026,Russia,"комедия, семейный",Karine Foliyants,0.0, Художественный,91.0
Сёрфер,The Surfer,Сёрфер,The Surfer,1128655,2025,"Australia, Ireland, United Kingdom, United States of America","драма, триллер",Lorcan Finnegan,5.754, Художественный,99.0
Сёстры,,Сёстры,Сёстры,49943,2001,Russia,"криминал, драма",Сергей Бодров мл.,6.758, Художественный,110.0
ТАЙНА БЕССМЕРТИЯ,,,,,,,,,,Документальный,73.0
ТАЙНА ХЕОПСА,LE SECRET DE KHEOPS,Тайна Хеопса,Le Secret de Khéops,1217483,2025,France,"приключения, комедия",Barbara Schulz,5.795, Художественный,98.0
ТАМЕРЛАН,,Тамерлан,Rise of the Conqueror,1207162,2026,"United States of America, Uzbekistan, Kazakhstan","история, боевик, приключения, военный",Jacob Schwarz,5.923, Художественный,107.0
ТАФИТИ. ПРИКЛЮЧЕНИЯ НА КРАЮ СВЕТА,Tafiti - Across the Desert,Тафити. Приключения на краю света,Tafiti - Ab durch die Wüste,1437198,2025,Germany,"мультфильм, приключения, семейный",Nina Wels,7.2,Анимационный,81.0
ТЕ ЕЩЕ КАНИКУЛЫ ИЛИ ОТПУСК НА ВСЕ СТО,ONE HELL OF A HOLIDAY,Те ещё каникулы или отпуск на все сто,¡Vaya vacaciones!,926924,2023,Spain,комедия,Виктор Гарсия Леон,5.5, Художественный,78.0
ТЕ ЕЩЕ КАНИКУЛЫ ИЛИ ОТПУСК НА ВСЕ СТО,ONE HELL OF A HOLIDAY,Те ещё каникулы или отпуск на все сто,¡Vaya vacaciones!,926924,2023,Spain,комедия,Виктор Гарсия Леон,5.5, Художественный,77.0
ТЕЛОХРАНИТЕЛЬ НА ФРИЛАНСЕ,FREELANCE,Телохранитель на фрилансе,Freelance,897087,2023,"United States of America, United Kingdom","боевик, комедия",Пьер Морель,6.407, Художественный,107.0
ТЕНЬ,Scotty,Scotty,Scotty,1425552,,Germany,"мультфильм, приключения, семейный",Mohammad Pirzadi,0.0,Анимационный,77.0
ТЕХАССКАЯ РЕЗНЯ БЕНЗОПИЛОЙ,The Texas Chain Saw Massacre,Техасская резня бензопилой,The Texas Chain Saw Massacre,30497,1974,United States of America,ужасы,Тоуб Хупер,7.279, Художественный,80.0
ТИК-ТАК,,Тик-Так,Тик-Так,1444527,2024,Russia,драма,Peter Simonenko,0.0, Художественный,86.0
"ТИХАЯ НОЧЬ, СМЕРТЕЛЬНАЯ НОЧЬ","SILENT NIGHT, DEADLY NIGHT","Тихая ночь, смертельная ночь","Silent Night, Deadly Night",801937,2025,"United States of America, Canada, France","ужасы, триллер",Майк П. Нельсон,6.306, Художественный,90.0
ТОНИ И ЕЁ СЕМЬЯ,TONI,Тони Эрдманн,Toni Erdmann,374475,2016,"Austria, France, Germany, Romania","комедия, драма",Марен Аде,6.962, Художественный,92.0
ТОРО,TORO,Торо,Toro,364615,2016,"Spain, France","драма, криминал, триллер",Kike Maíllo,6.024, Художественный,102.0
ТОЧКА КИПЕНИЯ,BOILING POINT,Точка кипения,Boiling Point,807196,2021,"United Kingdom, Australia, Germany","драма, триллер",Филип Барантини,7.229, Художественный,95.0
ТРАНССИБ.ВЕЛИКИЙ РЕЛЬСОВЫЙ ПУТЬ,,,,,,,,,,Документальный,52.0
ТРОЛЛИ ВОЗВРАЩАЮТСЯ!,Krolle Bolle,Тролли возвращаются!,Krølle Bølle,1583409,2026,Denmark,мультфильм,Jan Rahbek,5.7, Художественный,77.0
ТРОПА ГНЕВА,,Тропа гнева,Тропа гнева,1577384,2025,"Russia, Tajikistan",боевик,Олег Фомин,0.0, Художественный,91.0
ТУМАННЫЕ КАРТИНКИ САХАЛИНА почти документальный проект,,,,,,,,,,Документальный,61.0
ТЮРЬМА 77,Modelo 77,Тюрьма 77,Modelo 77,913991,2022,Spain,драма,Alberto Rodríguez,7.1, Художественный,125.0
ТЮРЬМА СУПЕРЗЛОДЕЕВ,Corrective Measures,Тюрьма суперзлодеев,Corrective Measures,872177,2022,United States of America,"фантастика, боевик, триллер, приключения",Sean Patrick O'Reilly,5.05, Художественный,107.0
Таинственное убийство,La nuit du 12,Таинственное убийство,La Nuit du 12,925102,2022,"Belgium, France","криминал, детектив, драма",Dominik Moll,6.942, Художественный,114.0
Таинственный Лес,Loop Track,Таинственный лес,Loop Track,1147236,2023,New Zealand,"триллер, ужасы",Tom Sainsbury,5.511, Художественный,96.0
Таинственный поезд,Mystery Train,Таинственный поезд,Mystery Train,11305,1989,"Japan, United States of America",комедия,Джим Джармуш,7.345, Художественный,110.0
Тайм аут,,Тайм-аут,Тайм-аут,1160922,2023,Russia,комедия,Владимир Скворцов,0.0, Художественный,118.0
Тайна Амулета,,Тайна амулета,Тайна амулета,963757,2022,Russia,семейный,Elena Bychkova,5.5, Художественный,95.0
Тайна Демидовского маяка,,,,,,,,,, Художественный,97.0
Тайна Келлс,The Secret of Kells,Тайна Келлс,The Secret of Kells,26963,2009,"Ireland, France, Belgium","мультфильм, семейный, фэнтези",Tomm Moore,7.375,Анимационный,78.0
Тайна Чёрной Руки,,Тайна Чёрной руки,Тайна Чёрной руки,1341796,2024,Russia,драма,Всеволод Аравин,10.0, Художественный,80.0
Тайна адмирала Ушакова,,Тайна адмирала Ушакова,Тайна адмирала Ушакова,1628635,2026,Russia,"история, приключения",Дмитрий Коробкин,0.0, Художественный,107.0
Тайна в его глазах,El Secreto de sus Ojos,Тайна в его глазах,El secreto de sus ojos,25376,2009,"Argentina, Spain","детектив, триллер, драма",Juan José Campanella,7.974, Художественный,129.0
Тайна в её глазах,Magpie,Тайна в её глазах,Magpie,974292,2024,"United Kingdom, United States of America","триллер, драма",Sam Yates,6.41, Художественный,90.0
Тайна волшебных часов,Engel,Меланхолия ангелов,Melancholie der Engel,158246,2009,Germany,"ужасы, детектив",Marian Dora,3.9, Художественный,94.0
Тайна древней гробницы,,Тайна древней гробницы,古楼镇陵宫,1248546,2024,China,"боевик, драма, приключения",Wang Xinhao,0.0, Художественный,71.0
Тайна заколдованного зеркала,Nelly Rapp - The Secret of the Black Forest,Тайна заколдованного зеркала,Nelly Rapp - Dödens spegel,1088530,2023,Sweden,"приключения, комедия, семейный, фэнтези",Johan Rosell,5.579, Художественный,96.0
Тайна зубных фей,A TOOTH FAIRY TALE,Тайна зубных фей,A Tooth Fairy Tale,1358305,2025,,"мультфильм, фэнтези, семейный",Michael Johnson,8.105,Анимационный,88.0
Тайна мальтийского рыцаря,,Тайна мальтийского рыцаря,Тайна мальтийского рыцаря,1676276,2026,Russia,"история, приключения",Никита Тимофеефф,0.0, Художественный,109.0
"Тайна мыса Анастасии (Часть 1. Звонки дьявола; Часть 2. Прошлое гораздо ближе, чем кажется)",,,,,,,,,,Научно-популярный,135.0
Тайна озера,,Тайна озера,Тайна озера,1594731,,,,,0.0, Художественный,93.0
Тайна планеты роботов,Happy Mom and Girl 1: Sweetheart On Mission,棉花糖和云朵妈妈1宝贝芯计划,棉花糖和云朵妈妈1宝贝芯计划,1169244,2023,,мультфильм,,0.0,Анимационный,88.0
Тайна проклятой обители,The Mistress,Эльвира - Повелительница Тьмы,Elvira: Mistress of the Dark,5680,1988,United States of America,"комедия, фэнтези, ужасы",James Signorelli,6.7, Художественный,106.0
Тайна самоубийцы,Kuldi,Тайна самоубийцы,Kuldi,1053836,2023,"Belgium, Iceland","криминал, драма, триллер",Erlingur Thoroddsen,5.9, Художественный,98.0
Тайная жизнь Уффици,In den Uffizi,In den Uffizien,In den Uffizien,875298,2021,Germany,документальный,"Enrique Sánchez Lansch, Corinna Belz",9.0,Научно-популярный,96.0
Тайная жизнь животных: Пернатые приключения,KATURI the Movie: The Big City Adventure,Тайная жизнь животных: Пернатые приключения,극장판 엄마 까투리: 도시로 간 까투리 가족,1007012,2022,South Korea,мультфильм,Чон Гил-хун,0.0,Анимационный,76.0
Тайная любовь Казановы,Een Schitterend Gebrek,Тайная любовь Казановы,Een schitterend gebrek,1106194,2024,"Belgium, Italy, Netherlands",драма,Michiel van Erp,7.475, Художественный,107.0
Тайное влечение,,Тайное влечение,Тайное влечение,772753,2024,Russia,комедия,Стася Толстая,5.3, Художественный,96.0
Тайный Санта,,Тайный Санта,Тайный Санта,999602,2022,Russia,комедия,Александр Бабаев,6.4, Художественный,80.0
Так вот почему,,,,,,,,,, Художественный,56.0
Так называемая Украина,,,,,,,,,,Документальный,75.0
Так начиналась легенда,,Так начиналась легенда,Так начиналась легенда,481313,1977,Soviet Union,"военный, драма, семейный",Борис Григорьев,8.0, Художественный,62.0
Такие взрослые,,Такие взрослые,Такие взрослые,1026189,2022,,драма,"Margarita Volkova, Ivan Perekatov, Динара Абдрашитова, Вера Водынски",0.0, Художественный,106.0
Такова жизнь,Takova je zivot,Такова жизнь!,That's Life!,52961,1986,United States of America,"комедия, драма",Blake Edwards,5.643, Художественный,89.0
Такси: Гора сокровищ,Taxi a Gibraltar,Такси: Гора сокровищ,Taxi a Gibraltar,542922,2019,"Argentina, Spain",комедия,Alejo Flah,5.2, Художественный,92.0
Тактика бега на длинную дистанцию,,Тактика бега на длинную дистанцию,Тактика бега на длинную дистанцию,394898,1978,Soviet Union,военный,"Евгений Васильев, Рудольф Фрунтов",5.5, Художественный,69.0
Таланты и поклонники,,Таланты и поклонники,Таланты и поклонники,809632,1973,Soviet Union,драма,Исидор Анненский,0.0, Художественный,85.0
Талисман чемпионки,,,,,,,,,, Художественный,179.0
"Там, где кончается река",,"Там, где кончается река",River's End,163583,2005,United States of America,,Уильям Кэтт,5.0, Художественный,71.0
"Там, где наш дом",,"Там, где наш дом","Там, где наш дом",979601,2022,Russia,документальный,"Dmitry Kvashnin, Vladimir Tarasov, Василий Буйлов",0.0,Документальный,64.0
"Там, где наш дом. Северная Осетия",,"Там, где наш дом. Северная Осетия","Там, где наш дом. Северная Осетия",1611242,2025,Russia,документальный,"Dmitry Kvashnin, Vladimir Tarasov, Soslan Chekhoev",0.0,Научно-популярный,82.0
"Там, где танцуют стерхи",,"Там, где танцуют стерхи","Там, где танцуют стерхи",1264874,2024,Russia,"приключения, драма",Михаил Лукачевский,7.7, Художественный,95.0
"Там, где цветёт полынь",,,,,,,,,, Художественный,97.0
Танго на осколках,,,,,,,,,, Художественный,203.0
Танки За Почки,,,,,,,,,,Документальный,54.0
Танцевать под дождем,,,,,,,,,,Научно-популярный,66.0
Танцуй!,DANCE ON!,The Dance Goes On,The Dance Goes On,646001,1992,Canada,драма,Paul Almond,7.0,"Прочее (Учебный, Спектакль, …)",53.0
"Танцуй, Селедка!",,"Танцуй, Селёдка!","Танцуй, Селёдка!",1033784,2024,Russia,"драма, комедия",Александра Лупашко,6.5, Художественный,99.0
Танцующая в темноте,Dancer in the Dark,Танцующая в темноте,Dancer in the Dark,16,2000,"Denmark, Finland, France, Germany, Iceland, Netherlands, Norway, Sweden","драма, криминал",Ларс фон Триер,7.845, Художественный,140.0
Танцующая королева,Dancing Queen,Танцующая королева,Dancing Queen,1075966,2023,Norway,"драма, семейный, комедия",Aurora Langaas Gossé,6.2, Художественный,91.0
Танцы без границ,,Танцы без границ,Танцы без границ,1370471,2024,Russia,документальный,Анар Аббасов,5.5,Документальный,58.0
Танцы на высоте!,,Танцы на высоте!,Танцы на высоте!,579807,2022,Russia,"драма, музыка",Аметхан Магомедов,0.0, Художественный,95.0
Танюшка,,,,,,,,,, Художественный,191.0
"Тарковский, Гордон. Первые фильмы",,,,,,,,,, Художественный,67.0
Тарлан,,Тарлан,Тарлан,1053629,2022,"Kazakhstan, Russia",драма,Юлия Захарова,0.0, Художественный,79.0
Таро,Taro,Taro,Taro,924280,2022,Netherlands,"детектив, фэнтези",Roos van der Jagt,0.0, Художественный,94.0
Тачка №19,Vehicle 19,Тачка №19,Vehicle 19,180948,2013,"South Africa, United States of America","триллер, боевик",Мукунда Майкл Дьюил,5.379, Художественный,85.0
Твое сердце будет разбито,,,,,,,,,, Художественный,134.0
Твой цвет,Kiminohiro,Твой цвет,きみの色,1056444,2024,Japan,"мультфильм, драма, музыка",Наоко Ямада,6.828,Анимационный,101.0
Творение богов,Feng shen di yi bu: chao ge feng yun,Творение богов: Битва с демоническим войском,封神第二部：战火西岐,1155281,2025,China,"боевик, фэнтези, военный",乌尔善,6.5, Художественный,148.0
Творение богов: Битва с демонами,Creation of the Gods II: Demon Force,Творение богов: Битва с демоническим войском,封神第二部：战火西岐,1155281,2025,China,"боевик, фэнтези, военный",乌尔善,6.5, Художественный,145.0
Тебе не убежать,You can't run forever,Ты не сможешь убегать вечно,You Can't Run Forever,879412,2024,United States of America,триллер,Michelle Schumacher,5.707, Художественный,102.0
Тед К. Унабомбер,Ted K,Тед К. Унабомбер,Ted K,660353,2021,United States of America,"драма, криминал",Tony Stone,6.031, Художественный,120.0
Телекинез,Control,Контроль,Control,9636,2004,"United States of America, Canada","триллер, боевик",Tim Hunter,6.094, Художественный,88.0
Телекинез,,Телекинез,Carrie,133805,2013,United States of America,"драма, ужасы",Кимберли Пирс,6.046, Художественный,92.0
Телец,Taurus,Телец,Taurus,844547,2022,United States of America,"драма, музыка",Tim Sutton,5.743, Художественный,98.0
Телохранитель,,Телохранитель,Телохранитель,262514,1979,Soviet Union,"боевик, вестерн, история, приключения",Али Хамраев,5.1, Художественный,91.0
Телохранитель,,Телохранитель,Телохранитель,262514,1979,Soviet Union,"боевик, вестерн, история, приключения",Али Хамраев,5.1, Художественный,130.0
Телохранитель киллера,The Hitman’s Bodyguard,Телохранитель киллера,The Hitman's Bodyguard,390043,2017,"Bulgaria, Canada, France, Hong Kong, United States of America, United Kingdom","боевик, комедия, криминал, триллер",Патрик Хьюз,6.894, Художественный,118.0
Тембот,,Тембот,Тембот,767386,2022,Russia,драма,Tina Mastafova,0.0, Художественный,82.0
Темные очки,Occhiali Neri,Тёмные очки,Occhiali neri,630720,2022,"France, Italy","драма, триллер, ужасы, детектив",Dario Argento,4.771, Художественный,85.0
Тени Гойи,"L'ombre de Goya par Jean-Claude Carriere/Goya, Carriere & the Ghost of Bunuel",Тени Гойи,L'Ombre de Goya,970398,2022,"Spain, France, Portugal","документальный, история",José Luis López-Linares,7.5,"Прочее (Учебный, Спектакль, …)",90.0
Тени Москвы,,Тени Москвы,Тени Москвы,1506720,2025,Russia,комедия,Валерий Переверзев,0.0, Художественный,91.0
Тени за кадром,,Тени за кадром,Тени за кадром,1273865,2024,Russia,документальный,Иван Батурин,6.0,Научно-популярный,60.0
Тень Караваджо,L'ombra di Caravaggio,Тень Караваджо,L'ombra di Caravaggio,693349,2022,"Italy, France","история, драма",Michele Placido,6.461, Художественный,117.0
Тень Каравеллы,,,,,,,,,, Художественный,53.0
Тень на песке,,,,,,,,,,Документальный,56.0
Тень. Взять Гордея,,Тень. Взять Гордея,Тень. Взять Гордея,895539,2022,Russia,"приключения, драма","Аня Мирохина, Илья Куликов",4.9, Художественный,86.0
Теодор Курентзис. Бунтарь от классики,Currentzis – The Classical Rebel,Currentzis – Der Klassikrebell,Currentzis – Der Klassikrebell,929882,2016,Germany,документальный,Christian Berger,7.6,Научно-популярный,53.0
Теория простых чисел,Le théorème de Marguerite,Теория простых чисел,Le Théorème de Marguerite,960033,2023,"France, Switzerland","драма, детектив",Anna Novion,6.8, Художественный,112.0
Теплый дом у холодного моря,,,,,,,,,, Художественный,104.0
Теракт,War on terror,Война с террором,War on Terror: KL Anarki,1077969,2023,Malaysia,"боевик, криминал, триллер","Frank See, Kroll Azry",7.4, Художественный,98.0
Терге / Велосипед,,,,,,,,,, Художественный,53.0
Терек - река дружбы. От Казбека до Каспия,,,,,,,,,,Документальный,80.0
Терминатор 2: Судный день,Terminator 2: Judgment Day,Терминатор 2: Судный день,Terminator 2: Judgment Day,280,1991,"France, United States of America","боевик, триллер, фантастика",Джеймс Кэмерон,8.148, Художественный,137.0
Территория,,Территория,Территория,335724,2015,Russia,"приключения, драма",Aleksandr Melnik,5.8, Художественный,98.0
Территория зла,Land of Bad,Территория зла,Land of Bad,969492,2024,"United States of America, Australia, Czech Republic","боевик, военный, триллер",William Eubank,7.249, Художественный,113.0
Тест на верность,,,,,,,,,, Художественный,194.0
Тетя Таня,,,,,,,,,, Художественный,88.0
Техпреды,,,,,,,,,,Научно-популярный,55.0
Ти - Рекс. Король динозавров,I Am T-Rex,Ти-Рекс. Король динозавров,我是霸王龙,1098273,2024,,"мультфильм, фэнтези, приключения","Ming Shang, Si Ling",6.0,Анимационный,80.0
Тибра,,Тибра,Тибра,895545,2022,Russia,"триллер, детектив, мелодрама",Anna Goroyan,4.5, Художественный,85.0
Тимир,,Тимир,Тимир,1213305,2024,Russia,комедия,Nikolay Koryakin,0.0, Художественный,90.0
Тимур и его команда,,Тимур и его команда,Тимур и его команда,1447418,2025,Russia,приключения,Иван Мережко,0.0, Художественный,96.0
Титаник. Непотопляемая мечта,Unsinkable: Titanic Untold,Непотопляемый,Unsinkable,1159452,2024,,"драма, история",Cody Hartman,6.1, Художественный,100.0
Тихие смыслы,,,,,,,,,,Документальный,79.0
Тихий садовник,Master Gardener,Тихий садовник,Master Gardener,869612,2023,"Australia, United States of America","драма, криминал, детектив, триллер",Пол Шредер,6.0, Художественный,111.0
Тихое место. История М,М,М убийца,M - Eine Stadt sucht einen Mörder,832,1931,Germany,"драма, триллер, криминал",Fritz Lang,8.061, Художественный,103.0
Тихое место: Азраэль,Azrael,Тихое место: Азраэль,Azrael,1029235,2024,United States of America,"боевик, ужасы, триллер",E.L. Katz,5.876, Художественный,86.0
Тихое озеро,Bull Shark,Тихое озеро,Bull Shark,938596,2022,United States of America,"ужасы, триллер",Brett Bentman,5.4, Художественный,80.0
То самое лето,This One Summer ,これっきりサマー,これっきりサマー,813874,2020,Japan,драма,,0.0, Художественный,95.0
Тогда. Сейчас. Потом,Here,Я иду искать 2,Ready or Not: Here I Come,1266127,2026,United States of America,"триллер, ужасы, комедия","Мэтт Беттинелли-Олпин, Тайлер Джиллетт",7.691, Художественный,104.0
Токсичный мститель,The Toxic Avenger,Токсичный мститель,The Toxic Avenger Unrated,338969,2025,United States of America,"боевик, комедия, фантастика",Мейкон Блэр,6.0, Художественный,102.0
Толерантность,,Толерантность,Толерантность,1536978,2025,Russia,триллер,Андрей Грачев,0.0, Художественный,163.0
Толстые и тонкие. О феномене советских литературных журналов,,,,,,,,,,Документальный,67.0
Толстяк Юзи,Yooz,Толстяк Юзи,یوز,1545330,2025,Iran,"комедия, приключения, мультфильм",Reza Arjangi,0.0,Анимационный,76.0
Только в кинотеатрах,Only in Theaters,Only in Theaters,Only in Theaters,948212,2022,United States of America,документальный,Рафаэль Сбардж,4.75,Научно-популярный,93.0
Только течёт река,Only the River Flows,Только течёт река,河边的错误,1115379,2023,"China, Australia","триллер, драма, криминал",魏书钧,6.412, Художественный,102.0
Только ты и я,JUST THE TWO OF US,Just the Two of Us,Just the Two of Us,1241252,2024,,"драма, комедия, мелодрама",Майкл Флинн,5.0, Художественный,104.0
Том Браун: Скроить мечты ,THOM BROWNE: THE MAN WHO TAILORS DREAMS,Том Браун: Скроить мечты,Thom Browne: The Man Who Tailors Dreams,1370219,2024,"Germany, Italy",документальный,Reiner Holzemer,0.0,Научно-популярный,94.0
Тонкий мир,,Тонкий мир,Тонкий мир,1033285,2022,,документальный,Alexandra Pustynnova,0.0, Художественный,65.0
Тонкой нитью,,Тонкой нитью,Тонкой нитью,1153224,2023,Russia,документальный,Софья Горленко,7.0,Научно-популярный,108.0
Тооку уонна Чысхаан (Тооку и Чысхаан),,,,,,,,,,Анимационный,70.0
Тополиный пух,,Тополиный пух,Тополиный пух,1297053,2024,Russia,комедия,"Артём Лемперт, Кирилл Клепалов",6.0, Художественный,87.0
Тори и Локита,Tori and Lokita,Тори и Локита,Tori et Lokita,914203,2022,"Belgium, France",драма,"Люк Дарденн, Jean-Pierre Dardenne",6.837, Художественный,89.0
Торнадо,Tornado,Торнадо,Tornado,1126915,2025,"United Kingdom, United States of America","драма, боевик, вестерн",Джон Маклин,6.188, Художественный,90.0
Точка опоры,,Точка опоры,Точка опоры,1269298,2025,Russia,"драма, мелодрама",Alexandr Andreev,0.0, Художественный,101.0
Точка притяжения,,Точка притяжения,Точка притяжения,1650321,2025,Russia,документальный,Alexey Nemov,0.0,Документальный,59.0
"Точка, точка, запятая...",,"Точка, точка, запятая...","Точка, точка, запятая...",295139,1972,Soviet Union,"комедия, семейный, мелодрама",Александр Митта,7.0, Художественный,83.0
Трагедия в углу,,,,,,,,,,Документальный,139.0
Транссиб. Едем дальше,,,,,,,,,,Документальный,78.0
Трансформации Павла,,,,,,,,,,Документальный,75.0
Тревожный звонок,On the Line,В эфире,On the Line,979924,2022,"France, United States of America","триллер, драма",Romuald Boulanger,6.069, Художественный,74.0
Трезвое село,,Трезвое село,Трезвое село,1489098,2025,Russia,документальный,Юлия Серьгина,0.0,Документальный,79.0
Третий не лишний,The Honeymoon,The Honeymoon,The Honeymoon,1046016,,,,,0.0, Художественный,97.0
Третий человек,The Third Man,Третий человек,The Third Man,1092,1949,United Kingdom,"триллер, детектив",Carol Reed,7.9, Художественный,104.0
Треугольник печали,,Треугольник печали,Triangle of Sadness,497828,2022,"Denmark, France, Germany, Greece, Mexico, Sweden, Switzerland, Turkey, United Kingdom, United States of America","комедия, драма",Ruben Östlund,7.011, Художественный,146.0
Три,,Три икса,xXx,7451,2002,United States of America,"боевик, приключения, триллер, криминал, драма",Роб Коэн,5.988, Художественный,101.0
Три богатыря Ни дня без подвига ,,Три богатыря. Ни дня без подвига,Три богатыря. Ни дня без подвига,1293457,2024,Russia,"мультфильм, приключения, фэнтези","Александра Шоха, Екатерина Салабай",6.9,Анимационный,61.0
Три богатыря и Пуп Земли,,Три богатыря и Пуп Земли,Три богатыря и Пуп Земли,1041691,2023,Russia,"мультфильм, приключения, семейный",Константин Феоктистов,6.3,Анимационный,85.0
Три богатыря и свет клином,,Три богатыря и свет клином,Три богатыря и свет клином,1467307,2025,Russia,мультфильм,Дарина Шмидт,1.0,Анимационный,75.0
Три богатыря. Ни дня без подвига 2,,Три богатыря. Ни дня без подвига 2,Три богатыря. Ни дня без подвига 2,1462139,2025,Russia,мультфильм,Екатерина Салабай,3.4,Анимационный,66.0
Три брата,,Три брата,त्रिमूर्ति,102358,1995,India,"боевик, драма",Mukul Anand,5.667, Художественный,57.0
Три дня лета,,Три дня жаркого лета,ცხელი ზაფხულის სამი დღე,1209050,1981,Soviet Union,драма,Мераб Кокочашвили,8.0, Художественный,65.0
Три кота и Море приключений,,Три кота и море приключений,Три кота и море приключений,895542,2022,Russia,мультфильм,Дмитрий Высоцкий,6.0,Анимационный,67.0
Три кота. Зимние каникулы,,Три кота. Зимние каникулы,Три кота. Зимние каникулы,1294510,2024,Russia,мультфильм,Дмитрий Высоцкий,8.5,Анимационный,68.0
Три кота. Путешествие во времени,,Три кота. Путешествие во времени,Три кота. Путешествие во времени,1457833,2025,Russia,"мультфильм, семейный",Дмитрий Высоцкий,0.0,Анимационный,66.0
Три мудреца против Санты,Reyes contra Santa,Три мудреца против Санты,Reyes contra Santa,987758,2022,Spain,"комедия, фэнтези",Paco Caballero,7.697, Художественный,103.0
Три мушкетера ,The Three Musketeers,Мушкeтёры,The Three Musketeers,52451,2011,"United States of America, United Kingdom, Germany, France","приключения, боевик, триллер",Пол У. С. Андерсон,5.8, Художественный,99.0
Три мушкетёра: Д'Артаньян,Les trois mousquetaires: D'Artagnan,Три мушкетёра: Д'Артаньян,Les Trois Mousquetaires : D'Artagnan,796185,2023,"Belgium, France, Germany, Spain","приключения, боевик, драма, история",Martin Bourboulon,6.9, Художественный,121.0
Три мушкетёра: Миледи,Les Trois Mousquetaires: Milady,Три мушкетёра: Миледи,Les Trois Mousquetaires : Milady,845111,2023,"France, Germany, Spain, Belgium","приключения, боевик, драма",Martin Bourboulon,6.415, Художественный,114.0
Три принцессы,Three Princess,The Princess Diaries 3,The Princess Diaries 3,1077873,,United States of America,"комедия, семейный, драма",Adele Lim,0.0, Художественный,99.0
Три разбойника и лев,Three Robbers and a Lion,Три разбойника и лев,Folk og røvere i Kardemomme by,645992,2022,Norway,"мультфильм, семейный",Rasmus A. Sivertsen,6.6,Анимационный,79.0
Три свадьбы и один побег,,Три свадьбы и один побег,Три свадьбы и один побег,1525315,2025,Russia,комедия,Кирилл Логинов,0.0, Художественный,94.0
Три тысячи лет желаний,THREE THOUSAND YEARS OF LONGING,Три тысячи лет желаний,Three Thousand Years of Longing,556694,2022,"Australia, China, United Kingdom","драма, фэнтези, мелодрама",Джордж Миллер,6.879, Художественный,108.0
Триггер,,Триггер,Триггер,752631,2020,Russia,драма,Pavel Ganin,4.5, Художественный,108.0
Трио в перьях 2,Richard the Stork and the Mystery of the Great Jewel,Трио в перьях 2,Richard the Stork and the Mystery of the Great Jewel,1061855,2023,"Belgium, Germany, Norway","мультфильм, приключения, комедия, семейный","Benjamin Quabeck, Mette Tange",7.1,Анимационный,84.0
Трио из Бельвилля,Les Triplettes de Belleville,Трио из Бельвилля,Les Triplettes de Belleville,9662,2003,"France, Belgium, Canada, United Kingdom","мультфильм, комедия, драма, приключения",Sylvain Chomet,7.396,Анимационный,81.0
Триумф,,Триумф,Триумф,1016896,2024,"Bulgaria, Greece","драма, комедия, детектив","Petar Valchanov, Kristina Grozeva",5.5, Художественный,113.0
"Трое в лодке, не считая собаки",,"Трое в лодке, не считая собаки","Трое в лодке, не считая собаки",65123,1979,Soviet Union,комедия,Наум Бирман,7.0, Художественный,132.0
Тропа смерти,The Long Dark Trail,Тропа смерти,The Long Dark Trail,888838,2021,United States of America,ужасы,"Kevin Ignatius, Nick Psinakis",3.8, Художественный,78.0
Трофей,,Трофей,Трофей,1554240,2025,Russia,триллер,Михаил Паник,0.0, Художественный,83.0
Трюк,Trick,Трюк,Trick,1812,1999,United States of America,"комедия, мелодрама",Jim Fall,6.875, Художественный,100.0
Туда,,Туда,Туда,1407932,2025,Russia,комедия,Иван Петухов,5.571, Художественный,104.0
Туда и обратно,,Туда и обратно,Туда и обратно,707958,2023,Russia,драма,Олег Асадулин,0.0, Художественный,126.0
Туда и обратно,,Туда и обратно,Туда и обратно,707958,2023,Russia,драма,Олег Асадулин,0.0, Художественный,109.0
Туман,,Туман,The Fog,791,2005,United States of America,"ужасы, детектив",Rupert Wainwright,4.563, Художественный,88.0
Туманск. Замороченный город,,,,,,,,,, Художественный,85.0
Тупик,,Тупик,Dead End,27973,1937,United States of America,"криминал, драма",Уильям Уайлер,7.044, Художественный,149.0
Тур с Иванушками,,Тур с Иванушками,Тур с Иванушками,1248951,2024,Russia,"комедия, музыка","Марк Горобец, Никита Абдулов",7.8, Художественный,111.0
Турандот,,Принцесса Турандот,Принцесса Турандот,693855,1971,Soviet Union,"мелодрама, комедия","Alexander Shorin, Рубен Симонов",0.0, Художественный,108.0
Турандот,,Принцесса Турандот,Принцесса Турандот,693855,1971,Soviet Union,"мелодрама, комедия","Alexander Shorin, Рубен Симонов",0.0, Художественный,92.0
Тут все свои,,Тут все свои,Тут все свои,1165123,2023,"Russia, Serbia",комедия,Yury Sukhodolsky,8.8, Художественный,102.0
Ты же девочка,,Ты же девочка,Ты же девочка,838093,2021,,документальный,Настя Тарасова,0.0, Художественный,87.0
Ты не один,,Ты не один,Ты не один,708139,1963,Soviet Union,"драма, семейный","Эдуард Гаврилов, Valeri Kremnyov",7.0, Художественный,76.0
Ты просто космос,If You Were the Last,Ты просто космос,If You Were the Last,777847,2024,United States of America,"фантастика, мелодрама, комедия",Кристиан Меркадо,6.0, Художественный,91.0
Тысяча дешевых зажигалок,,,,,,,,,, Художественный,91.0
Тюльпаны,,Тюльпаны,Тюльпаны,1585657,2026,Russia,"комедия, драма","Анна Кузнецова, Юлия Лысова, Yuliya Uzkikh, Владислав Иконников, Юрий Коробейников",0.0, Художественный,89.0
Тюрьма живых мертвецов,Day Zero,День Зеро,Day Zero,16020,2007,United States of America,драма,Bryan Gunnar Cole,4.9, Художественный,82.0
Тёмные воды,Honogurai Mizu no soko kara,Тёмные воды,仄暗い水の底から,12205,2002,Japan,"ужасы, детектив, триллер",中田秀夫,6.8, Художественный,101.0
Тёмные окна,Dark Windows,Тёмные окна,Dark Windows,1089228,2023,"Norway, United States of America","ужасы, триллер",Alex Herron,5.106, Художественный,80.0
Тётя Марта 2 (1-3 серия),,,,,,,,,, Художественный,74.0
Тёща,,Тёща,Тёща,1206144,2023,Russia,комедия,Аскар Узабаев,6.2, Художественный,98.0
Тёща в загуле,Katie's Mom,Тёща в загуле,Katie's Mom,1111491,2023,United States of America,"комедия, драма, мелодрама",Tyrrell Shaffner,4.667, Художественный,113.0
У края бездны. Фильм второй «Спасение Малого»,,У края бездны. Спасение Малого,У края бездны. Спасение Малого,1438988,2025,Russia,документальный,Максим Фадеев,0.0,Научно-популярный,94.0
У края бездны. Фильм третий «Выход к морю»,,У края бездны. Выход к морю,У края бездны. Выход к морю,1438990,2025,Russia,документальный,Максим Фадеев,0.0,Научно-популярный,115.0
У края бездны. Фильм четвертый «На подступах к «Азовстали»,,У края бездны. На подступах к «Азовстали»,У края бездны. На подступах к «Азовстали»,1438991,2025,Russia,документальный,Максим Фадеев,0.0,Научно-популярный,98.0
У людей так бывает,,У людей так бывает,У людей так бывает,1162675,2023,Russia,мелодрама,"Карен Оганесян, Valery Belotserkovsky",6.7, Художественный,95.0
У людей так бывает,,У людей так бывает,У людей так бывает,1162675,2023,Russia,мелодрама,"Карен Оганесян, Valery Belotserkovsky",6.7, Художественный,98.0
У них есть Родина,,У них есть Родина,У них есть Родина,455307,1949,Soviet Union,драма,"Александр Файнциммер, Владимир Легошин",10.0, Художественный,83.0
У самого Белого моря,,У самого белого моря,У самого белого моря,772748,2022,Russia,драма,Alexander Zachinyaev,7.0, Художественный,87.0
У стен Малапаги,Le mura di Malapaga,У стен Малапаги,Au-delà des grilles,65718,1949,"France, Italy","драма, мелодрама",René Clément,6.5, Художественный,86.0
УБИЙСТВЕННЫЙ ПОДКАСТ,SUSIE SEARCHES,Убийственный подкаст,Susie Searches,842948,2023,United States of America,"комедия, триллер, детектив",Sophie Kargman,5.5, Художественный,105.0
УГОЛ НАКЛОНА,LURCH,Lurch,Lurch,331796,2001,,,Boris Hars-Tschachotin,10.0, Художественный,101.0
УГРОЗА,Todos los nombres de Dios,Угроза,Todos los nombres de Dios,1053592,2023,Spain,"драма, боевик, триллер",Daniel Calparsoro,6.53, Художественный,105.0
УМНАЯ ПОМОЩЬ,,Умная помощь,Умная помощь,1399470,2024,Russia,"драма, мелодрама, семейный",Mariya Efremova,0.0, Художественный,75.0
УНЦИЯ ЖИЗНИ,,Унция жизни,Унция жизни,1622571,2026,Russia,драма,Елена Елагина,0.0, Художественный,126.0
Убежище,,Убежище,Shelter,1290821,2026,"United States of America, United Kingdom","боевик, криминал, триллер",Рик Роман Во,7.602, Художественный,87.0
Убежище,Shelter» или «Untitled Statham project,Убежище,Shelter,1290821,2026,"United States of America, United Kingdom","боевик, криминал, триллер",Рик Роман Во,7.602, Художественный,107.0
"Убей ее, если сможешь","Hunt Her, Kill Her","Убей её, если сможешь","Hunt Her, Kill Her",989872,2023,,"ужасы, триллер","Ryan Thiessen, Greg Swinson",4.8, Художественный,85.0
Убийственная вечеринка,THE PARTY IS OVER,The Party Is Over,The Party Is Over,338364,2015,United States of America,комедия,Vahe Gabuchian,4.8, Художественный,91.0
Убийство священного оленя,Killing of a Sacred Deer,Убийство священного оленя,The Killing of a Sacred Deer,399057,2017,"United Kingdom, United States of America, Ireland","драма, триллер, детектив",Йоргос Лантимос,7.007, Художественный,121.0
Убийца королей,Kingslayer,Убийца королей,Kingslayer,991247,2022,United Kingdom,боевик,Stuart Brennan,5.636, Художественный,98.0
Убийцы поневоле,Lake George,Озеро Джордж,Lake George,1275998,2024,United States of America,"комедия, криминал, триллер",Jeffrey Reiner,6.345, Художественный,108.0
Убойная суббота,Playdate,Убойная суббота,Playdate,1248226,2025,"United States of America, Canada","боевик, комедия, семейный",Люк Гринфилд,6.072, Художественный,92.0
Убойный монтаж,Final Cut,Окончательный монтаж,The Final Cut,11099,2004,"Germany, United States of America","драма, детектив, фантастика, триллер",Omar Naim,6.077, Художественный,112.0
Увидеть Париж и...,Pare parecchio Parigi,Увидеть Париж и...,Pare parecchio Parigi,1140222,2024,Italy,комедия,Леонардо Пьераччиони,5.9, Художественный,83.0
Увидеть невидимое,Seeing The Unseen,Að sjá hið ósýnilega,Að sjá hið ósýnilega,669959,2020,Iceland,документальный,"Bjarney Lúðvíksdóttir, Kristján Kristjánsson",0.0,Документальный,82.0
Уволить Жору,,Уволить Жору,Уволить Жору,610361,2026,Russia,комедия,Марюс Вайсберг,1.0, Художественный,91.0
Ударная волна,Shock Wave,Shock Wave,Shock Wave,1166074,2020,United States of America,документальный,Adam Harvey,0.0, Художественный,117.0
Ударная волна: Битва за Гонконг,Shock Wave 2,Ударная волна: Битва за Гонконг,拆彈專家2,559974,2020,"China, Hong Kong","боевик, криминал, триллер",邱禮濤,7.1,Художественный,120.0
Ужас Амитивилля: Мотель призраков,Losmen Melati,Отель «Жасмин»,Losmen Melati,1084376,2023,"Indonesia, Singapore",ужасы,"Mike Wiluan, Billy Christian",5.7, Художественный,98.0
Ужас Истфилда. Первое изгнание,Godless: The Eastfield Exorcism,Ужас Истфилда. Первое изгнание,Godless: The Eastfield Exorcism,1088157,2023,Australia,ужасы,Nick Kozakis,6.603, Художественный,91.0
Ужасающие,The Well,Ужасающие,The Well,1091267,2024,Italy,"ужасы, триллер",Federico Zampaglione,5.606, Художественный,92.0
Ужасающий,Terrifier,Ужасающий,Terrifier,420634,2018,United States of America,ужасы,Дэмиен Леоне,6.311, Художественный,84.0
Ужасающий 2,Terrifier 2,Ужасающий 2,Terrifier 2,663712,2022,United States of America,ужасы,Дэмиен Леоне,6.667, Художественный,138.0
Ужасающий 3,Terrifier 3,Ужасающий 3,Terrifier 3,1034541,2024,United States of America,ужасы,Дэмиен Леоне,6.788, Художественный,125.0
Ужастики. Ожившие рисунки,Sketch,Ужастики. Ожившие рисунки,Sketch,1319969,2025,United States of America,"приключения, фэнтези, комедия, семейный",Seth Worley,7.1, Художественный,94.0
Узлы,,Узлы,Узлы,1067731,2023,Russia,драма,Oleg Khamokov,5.0, Художественный,83.0
Узник,,Гарри Поттер и узник Азкабана,Harry Potter and the Prisoner of Azkaban,673,2004,"United Kingdom, United States of America","приключения, фэнтези",Альфонсо Куарон,8.008, Художественный,145.0
Уиджа. Шепоты мертвых,Mary Cherry Chua,Уиджа. Шёпоты мёртвых,Mary Cherry Chua,1145973,2023,Philippines,ужасы,Roni S. Benaid,0.0, Художественный,92.0
Уиджи. Потустороннее измерение,The 100 Candles Game: The Last Possession,Уиджи. Потустороннее измерение,100 Candles Game: The Last Possession,1211728,2023,"Argentina, New Zealand",ужасы,"Carlos Goitia, Guillermo Lockhart, Andrés Borghi, Maximilian Niemann, Jerónimo Rocha, David Ferino, Arie Socorro, Ryan Graff",6.343, Художественный,75.0
Уикенд с батей,About My Father,Уикенд с батей,About My Father,829051,2023,United States of America,комедия,Laura Terruso,6.042, Художественный,89.0
Уикенд с родителями,,Уикенд с родителями,Fædre & mødre,986812,2022,Denmark,комедия,Paprika Steen,5.6, Художественный,101.0
Уйти в Остров,,Уйти в остров,Уйти в остров,1033299,2022,Russia,документальный,Yana Chizh,0.0,Документальный,61.0
Украденные поцелуи,Stolen Kisses,Stolen Kisses,Stolen Kisses,461273,2001,United States of America,"драма, мелодрама, боевик",Paul S. Parco,4.0, Художественный,91.0
Укради мою мечту,,Укради мою мечту,Укради мою мечту,1284366,2025,Russia,комедия,Айк Кбеян,0.0, Художественный,93.0
Украсть Рафаэля,Criminals si diventa,Украсть Рафаэля,Criminali si diventa,970692,2022,Italy,"боевик, комедия","Luca Trovellesi Cesana, Alessandro Tarabelli",0.0, Художественный,112.0
"Укротительница тигров (1954г., реставрация 2024г.)",,,,,,,,,, Художественный,96.0
Укус змеи,,,,,,,,,, Художественный,89.0
Улетный Новый год,La noche mа́gica,,,,,,,,, Художественный,93.0
Улица (Одна ночь),Die Strabe,,,,,,,,, Художественный,89.0
Уличные копы,"""Coppers"", ""Scotoe""",Уличные копы,Scotoe,1208496,2024,Netherlands,"комедия, криминал","Jamel Aattache, Mohammed Chaara, Sinan Eroglu",5.4, Художественный,85.0
Уличные танцы. Мировой уровень,Breaking Point,Точка разлома,Breaking Point,32005,2009,United States of America,"боевик, приключения, драма, триллер",Джефф Челентано,4.4, Художественный,102.0
Улыбка Визбора,,,,,,,,,,Документальный,57.0
Улыбка. Зарождение зла,Lembayung,Улыбка. Зарождение зла,Lembayung,1164355,2024,Indonesia,"ужасы, триллер",Baim Wong,7.2, Художественный,123.0
Улыбка. Новый кошмар,The Killgrin,Улыбка. Новый кошмар,The Killgrin,1401158,2025,"Canada, United States of America",ужасы,Joanna Tsanis,4.0, Художественный,84.0
Улыбнись!,,Улыбнись!,Улыбнись!,1274334,2024,Russia,документальный,Марианна Киреева,3.0,Документальный,69.0
Умереть за доллар,Dead for a Dollar,Умереть за доллар,Dead for a Dollar,843380,2022,"Canada, United States of America","вестерн, триллер, боевик, драма",Уолтер Хилл,5.84, Художественный,106.0
Умка,,Умка,Умка,1533842,2026,Russia,"семейный, приключения, фэнтези",Максим Пешков,0.0,Анимационный,53.0
Умка,,Умка,Умка,1533842,2026,Russia,"семейный, приключения, фэнтези",Максим Пешков,0.0,Анимационный,92.0
"Умка (серии: «Плавучее мороженое», «Редкие звери», «Беспокойная ночь», «Жадная поляна», «Спрятанные ягоды», «Сонный поход», «Болтливый камень», «Неторопливая весна», «Мамина песня», «Маленькое солнце», «Летучий медведь»)",,,,,,,,,,Анимационный,78.0
Умная Маша,,Умная Маша,Умная Маша,1013766,2022,Russia,комедия,Андрей Никифоров,0.0, Художественный,80.0
"Умри, моя любовь",Die My Love,"Умри, моя любовь",Die My Love,1033148,2025,United States of America,драма,Lynne Ramsay,6.15, Художественный,118.0
Унесённые призраками (дубляж Реанимедиа),Spirited Away,Uncovering Spirited Away,Uncovering Spirited Away,1450777,2024,,документальный,James Dawson,7.0,Анимационный,124.0
Унесённые призраками (дубляж Студийная Банда),Spirited Away,Uncovering Spirited Away,Uncovering Spirited Away,1450777,2024,,документальный,James Dawson,7.0,Анимационный,124.0
Унесённые призраками (субтитровая версия),Spirited Away,Uncovering Spirited Away,Uncovering Spirited Away,1450777,2024,,документальный,James Dawson,7.0,Анимационный,124.0
Универсальный язык,Universal Language,A Universal Language,A Universal Language,324003,2013,Canada,документальный,Igal Hecht,0.0, Художественный,89.0
УничтоЖанна,,УничтоЖанна,УничтоЖанна,1384198,2024,Russia,комедия,Максим Кудымов,5.2, Художественный,99.0
Уралочка,,Уралочка,Уралочка,1372390,2024,Russia,"комедия, мелодрама",Михаил Расходников,7.0, Художественный,95.0
Уренгой месторождение первых,,,,,,,,,,Документальный,71.0
Уровни реальности,Levels,Уровни,Levels,791042,2024,Canada,"фантастика, боевик, триллер",Adam Stern,5.667, Художественный,89.0
Уроки китайского (режиссерская версия),,,,,,,,,, Художественный,75.0
Уроки якутского,,,,,,,,,,Документальный,55.0
Ускользающая красота,Stealing Beauty,Ускользающая красота,Stealing Beauty,14553,1996,"Italy, United Kingdom, France, United States of America","драма, мелодрама",Bernardo Bertolucci,6.693, Художественный,118.0
Ускорение,Slingshot,Ускорение,Slingshot,916728,2024,"Hungary, United States of America","фантастика, триллер",Микаэль Хофстрём,6.095, Художественный,107.0
Уховёртка,Earwig,Уховёртка,Earwig,657826,2022,"Belgium, France, United Kingdom","драма, фэнтези, ужасы",Lucile Hadzihalilovic,5.6, Художественный,114.0
Уходя-уходи,,Уходя - уходи,Уходя - уходи,66097,1979,Soviet Union,комедия,Виктор Трегубович,6.143, Художественный,85.0
Уцелевший,Warhorse One,Уцелевший,Warhorse One,1076487,2023,United States of America,"боевик, военный, драма","Джонни Стронг, Уильям Кауфман",7.192, Художественный,126.0
Учитель,,Первый учитель,Первый учитель,48676,1965,Soviet Union,драма,Андрей Кончаловский,5.4, Художественный,102.0
"Учитель, обещавший море",El maestro que prometió el mar,"Учитель, обещавший море",El maestro que prometió el mar,1024541,2023,Spain,"драма, история",Patricia Font,7.736, Художественный,105.0
ФИЛЬМОГРАФИЯ,,,,,,,,,,Документальный,104.0
Фа-Соль,,Фа-Соль,Фа-Соль,1165117,2025,Russia,"драма, семейный",Evgeniya Kul,0.0, Художественный,86.0
Фабрика заблуждения,"La fabrique de l'ignorance, Manufacturing Ignorance",La Fabrique de l'ignorance,La Fabrique de l'ignorance,767466,2020,"Belgium, France, Switzerland","документальный, телевизионный фильм","Franck Cuveillier, Pascal Vasselin",7.7,Научно-популярный,97.0
Фаворитен,Favoriten,Favoriten,Favoriten,596432,2019,Austria,,Martin Monk,6.7,Научно-популярный,118.0
Фанни и Александр,Fanny Och Alexander,Фанни и Александр,Fanny och Alexander,5961,1982,"Sweden, Germany, France","фэнтези, драма, детектив",Ингмар Бергман,7.8, Художественный,189.0
Фантастическое путешествие,Bookworm,Фантастическое путешествие,Bookworm,1153110,2024,"New Zealand, United States of America","приключения, семейный, комедия, драма",Ant Timpson,6.529, Художественный,100.0
Фантом,Phantom,Призрачная нить,Phantom Thread,400617,2017,"United States of America, China","драма, мелодрама",Пол Томас Андерсон,7.316, Художественный,133.0
Фантом из прошлого,The Man on the Road,A Blind Man Stood on the Road and Cried,A Blind Man Stood on the Road and Cried,1328017,2024,,,Emmitt H. Thrower,0.0, Художественный,110.0
Фантом убийцы,Assassin 1932,Фантом убийцы,暗杀1932,1528547,2025,China,"история, военный, драма, боевик",周九钦,5.0, Художественный,94.0
Фантом. Ограбление по-итальянски,Diabolik: Ginko Attacks,Ограбление по-итальянски,Diabolik - Ginko all'attacco!,823999,2022,Italy,"криминал, боевик","Marco Manetti, Antonio Manetti",6.0, Художественный,116.0
Фаталити,,Фаталити,Фаталити,1197960,2023,Russia,"документальный, комедия, криминал, приключения",Даниил Колотов,9.0, Художественный,103.0
Федя. Народный футболист,,Федя. Народный футболист,Федя. Народный футболист,1271243,2024,Russia,драма,Nikolay Akelkin,7.4, Художественный,126.0
Фейерверки днём,,Фейерверки днём,Фейерверки днём,1545884,2025,Russia,драма,Нина Волова,0.0, Художественный,88.0
Фельдшер в отпуске,,Фельдшер в отпуске,Фельдшер в отпуске,1140157,2023,Russia,документальный,Tatiana Lozhnikova,0.0,Научно-популярный,74.0
Феномен Артура,,,,,,,,,,Документальный,72.0
Феррари,Ferrari,Ford против Ferrari,Ford v Ferrari,359724,2019,United States of America,"драма, боевик, история",Джеймс Мэнголд,8.006, Художественный,130.0
Фея и Каменный Тролль,Roselil Og Stentrolden,Фея и каменный тролль,Roselil og stentrolden,1061858,2023,Denmark,"мультфильм, семейный, фэнтези",Karla Nor Holmbäck,5.8,Анимационный,75.0
Фея и белый кит,Dance with the Finless Promise,Фея и белый кит,江豚·风时舞,1229647,2024,China,"мультфильм, фэнтези","Chen Xi, Chen Weijian",0.0,Анимационный,85.0
Физика для лирики,,,,,,,,,, Художественный,58.0
Физфак,,Физфак,Физфак,1048196,2022,Russia,триллер,Alexey Kozlov,1.0, Художественный,79.0
Филателия,,Филателия,Филателия,1320380,2025,Russia,драма,Наталья Назарова,7.667, Художественный,117.0
Филателия (версия для проката),,,,,,,,,, Художественный,99.0
Филонов,,Филонов,Филонов,1536172,2024,Russia,документальный,Никита Снегов,0.0,Документальный,77.0
Филонов. Пропущенный Художник,Filonov,Филонов,Филонов,1536172,2024,Russia,документальный,Никита Снегов,0.0,Документальный,79.0
Фильм о создании многосерийного фильма «Фарма» (фильм о фильме),,,,,,,,,,Документальный,59.0
Фильм-карта. Картотека. Писатели,,,,,,,,,,Документальный,90.0
Финал,,Мстители: Финал,Avengers: Endgame,299534,2019,United States of America,"приключения, фантастика, боевик","Энтони Руссо, Джо Руссо",8.236, Художественный,91.0
Финальный аккорд,The Score,Медвежатник,The Score,11371,2001,"Germany, United States of America","боевик, криминал, триллер, детектив, драма",Фрэнк Оз,6.702, Художественный,100.0
Финист. Первый богатырь,,Финист. Первый богатырь,Финист. Первый богатырь,1228475,2024,Russia,"приключения, семейный, фэнтези",Дмитрий Дьяченко,6.6, Художественный,121.0
Финник,,Финник,Финник,597845,2022,Russia,"комедия, приключения, мультфильм, фэнтези, семейный",Денис Чернов,7.376,Анимационный,85.0
Финник 2,,Финник 2,Финник 2,1255369,2025,Russia,мультфильм,Денис Чернов,4.0,Анимационный,85.0
Финт Боброва,,Финт Боброва,Финт Боброва,1275728,2023,Russia,"драма, документальный","Olga Zhukova, Svetlana Alkhazashvili, Mikhail Tyurkin",0.0,Документальный,119.0
Фиоретта,Fioretta,Fioretta,Fioretta,1175313,2023,"Czech Republic, United States of America",документальный,Matthew Mishory,1.0,Научно-популярный,127.0
Флавия. Юный детектив,Flavia,Флавия. Юный детектив,Flavia,1129104,2026,United Kingdom,"семейный, приключения, детектив, комедия",Bharat Nalluri,6.75, Художественный,96.0
Флай: танец свободы,Fly,Муха,The Fly,9426,1986,"Canada, United States of America","ужасы, фантастика",Дэвид Кроненберг,7.4, Художественный,110.0
Флешбэк,Memory,Флешбэк,Memory,818397,2022,United States of America,"боевик, триллер, криминал",Мартин Кэмпбелл,6.731, Художественный,115.0
Флибубу,Fleak,Флибубу,Fleak,680770,2025,"Finland, France, Malaysia, Poland, United States of America","приключения, мультфильм, комедия, семейный, фэнтези",Jens Møller,7.2,Анимационный,82.0
Флирт с дьяволом,Shattered,Флирт с дьяволом,Shattered,844398,2022,"Germany, Switzerland, United States of America","триллер, ужасы, криминал, детектив",Luis Prieto,5.736, Художественный,94.0
Флэшбэк,,Флэшбэк,Flashback,12719,1990,United States of America,"боевик, комедия, криминал",Franco Amurri,6.365, Художественный,97.0
Фокин. Балет. Революция,,,,,,,,,,Документальный,52.0
Фолия,,Фолия,Follia,1137018,2023,"China, France, Hong Kong, Italy",драма,Charles Guérin Surville,5.5, Художественный,86.0
Формула воды,,Формула воды,Формула воды,741091,2024,Russia,мультфильм,Artyom Minakov,10.0,Анимационный,85.0
Формула популярности,,Формула популярности,Popular Theory,1163029,2024,United States of America,"семейный, комедия, фантастика",Ali Scher,7.111, Художественный,88.0
Формы Тени,,Формы Тени,Формы Тени,1250336,2022,Russia,документальный,"Марина Труш, Vladimir Samorodov",0.0, Художественный,52.0
Форс-мажор,Turist,Форс-мажор,Turist,265189,2014,"Denmark, France, Norway, Sweden",драма,Ruben Östlund,6.857, Художественный,119.0
Форсаж в Паттайе,The x-treme riders,Форсаж в Паттайе,ปล้นทะลุไมล์,1188104,2023,Thailand,"боевик, криминал",Sor Sangchai,8.0, Художественный,76.0
Форсаж. Евротур,Bonus Trip,Форсаж. Евротур,Bonus Trip,1273059,2025,,"боевик, комедия",Csaba Martin,7.0, Художественный,114.0
Форсаж. Китайский дрифт,Chi Zha Feng Yun,Форсаж. Китайский дрифт,叱咤風雲,781456,2021,Taiwan,"боевик, драма",Jem Chen,6.429, Художественный,104.0
Форсаж. Полный вперед!,Get fast,Форсаж. Полный вперед!,Get Fast,1369679,2024,Canada,"боевик, криминал, триллер",James Clayton,5.769, Художественный,88.0
Форсажики,Crazy Racing,Форсажики,恐龙飞车,1163629,2021,China,"семейный, мультфильм","Zhu Guo-Yang, Ding Zhuo-Qun",6.0,Анимационный,96.0
Фортуна,Operation Fortune: Ruse de guerre,Операция «Фортуна»: Искусство побеждать,Operation Fortune: Ruse de Guerre,739405,2023,"United Kingdom, United States of America","боевик, комедия, триллер, приключения",Гай Ричи,6.465, Художественный,115.0
Фотомгновения ТАСС. В кадре и за кадром,,,,,,,,,,Научно-популярный,78.0
Франкенштейн: Воскрешение,Frankenstein: Legacy,Франкенштейн: Воскрешение,Frankenstein: Legacy,1114072,2025,United Kingdom,"ужасы, триллер, драма",Paul Dudbridge,7.385, Художественный,105.0
Франко,,Иван Франко,Iван Франко,248923,1956,Soviet Union,драма,Тимофей Левчук,10.0, Художественный,79.0
Французский батя,Profession du pere,Французский батя,Profession du père,749087,2021,France,драма,Jean-Pierre Améris,5.5, Художественный,101.0
Французский мастер,,Французский мастер,Французский мастер,864238,2022,Russia,"драма, триллер",Юсуп Разыков,5.0, Художественный,91.0
Фрау,,Фрау,Фрау,1124944,2024,Russia,драма,Любовь Мульменко,3.3, Художественный,108.0
Фрески затопленного монастыря,,,,,,,,,,Документальный,52.0
Фэкхем-Холл,Fackham Hall,Фэкхем-Холл,Fackham Hall,1175174,2025,"United Kingdom, United States of America",комедия,Jim O'Hanlon,6.7, Художественный,97.0
ХАЙДЕГГЕР,,,,,,,,,, Художественный,74.0
ХАЙДИ. МОЯ ХИТРАЯ РЫСЬ,Heidi Rescue of the Lynx,Хайди. Моя хитрая рысь,Heidi - Die Legende vom Luchs,944931,2025,"Belgium, France, Germany, Hungary, Spain","мультфильм, приключения, семейный",Toby Schwarz,7.111,Анимационный,75.0
ХВОСТАТЫЕ ПРИШЕЛЬЦЫ,Space Pups,Хвостатые пришельцы,Space Pups,1071866,2023,United States of America,"приключения, семейный, фантастика",Jason Murphy,7.382, Художественный,92.0
ХИП-ХОП ОСЕТИЯ (HIP-HOP OSSETIA),,Хип-хоп Осетия,Хип-хоп Осетия,1140156,2023,Russia,документальный,Заур Цогоев,0.0,Документальный,58.0
ХОКУМ,Hokum,Хокум,Hokum,1430077,2026,"United States of America, Ireland, United Arab Emirates, Hong Kong",ужасы,Damian McCarthy,6.9, Художественный,107.0
ХРОНОС,,Хронос,Хронос,986712,2022,Russia,"приключения, семейный, фантастика","Roman Prosvirnin, Dmitry Abolmasov",8.7, Художественный,102.0
Хаген. В долине Нибелунгов ,Hagen - Im Tal der Nibelungen,Хаген. В долине Нибелунгов,Hagen - Im Tal der Nibelungen,1209130,2024,Germany,"фэнтези, приключения, боевик","Cyrill Boss, Philipp Stennert",6.2, Художественный,139.0
Хамелеон,,Хамелеон,Le Placard,11444,2001,France,комедия,Francis Veber,6.43, Художественный,194.0
Ханна. В игре,Latency,Ханна. В игре,Latency,1042657,2024,United States of America,"фантастика, триллер, ужасы",James Croke,5.84, Художественный,90.0
Хапсыhыы (Схватка),,Хапсыhыы,Хапсыhыы,1164957,2024,Russia,драма,Эр Санаа Ох-хотор,0.0, Художественный,87.0
Хапхаан (Капкан),,,,,,,,,, Художественный,90.0
Харон,,Caronte,Caronte,507955,2017,Spain,"фантастика, фэнтези, драма",Luis Tinoco,5.3,Научно-популярный,53.0
Харчы. Иэстэбил (Возмездие),,,,,,,,,, Художественный,100.0
Хаяо Миядзаки и птица,Hayao Miyazaki And The Heron,プロフェッショナル 仕事の流儀 ジブリと宮﨑駿の2399日,プロフェッショナル 仕事の流儀 ジブリと宮﨑駿の2399日,1250363,2023,Japan,документальный,,0.0,Научно-популярный,120.0
Хвостатый переполох,Dogeu deijeu / Dog Days ,Хвостатый переполох,도그데이즈,876127,2024,South Korea,"драма, комедия",Kim Deok-min,7.6, Художественный,119.0
Хейтер,,Хейтер,Хейтер,1655906,2026,Russia,"драма, комедия, мелодрама",Максим Боев,5.0, Художественный,82.0
Хеллбой: Проклятие Горбуна,Hellboy:The Crooked Man,Хеллбой: Проклятие Горбуна,Hellboy: The Crooked Man,1087822,2024,"United States of America, Germany, Bulgaria","фэнтези, ужасы, боевик",Brian Taylor,5.176, Художественный,99.0
Хельмут Ньютон: Отвратительный и великолепный (фильм с субтитрами),Helmut Newton: The Bad and the Beautiful,Хельмут Ньютон: Отвратительный и великолепный,Helmut Newton: The Bad and the Beautiful,698369,2020,Germany,документальный,Gero von Boehm,6.2,Научно-популярный,93.0
Хильма аф Клинт: За гранью видимого,Jenseits Des Sichtbaren - Hilma af Klint / Beyond The Visible - Hilma af Klint,Jenseits des Sichtbaren - Hilma af Klint,Jenseits des Sichtbaren - Hilma af Klint,579191,2019,"Germany, Sweden, Switzerland, United Kingdom",документальный,Halina Dyrschka,7.2, Художественный,94.0
Химера,La chimera,Химера,La chimera,837335,2023,"Italy, France, Switzerland, Turkey","драма, фэнтези, комедия",Аличе Рорвахер,7.3, Художественный,133.0
Хинтерленд: город грехов,Hinterland,Хинтерленд: город грехов,Hinterland,843338,2021,"Austria, Belgium, Germany, Luxembourg, United States of America","триллер, драма, история",Stefan Ruzowitzky,6.256, Художественный,99.0
"Хиросима, моя любовь",Hiroshima mon amour,"Хиросима, любовь моя",Hiroshima mon amour,5544,1959,"France, Japan","драма, история, мелодрама",Alain Resnais,7.658, Художественный,86.0
Хирург Павлов боится крови,,,,,,,,,,Документальный,78.0
Хитмен. Последнее дело,Knox Goes Away,Хитмен. Последнее дело,Knox Goes Away,972614,2024,United States of America,"боевик, криминал, триллер",Майкл Китон,6.973, Художественный,115.0
Хитмэн,Hitmen,Хитмэн,Hitmen,1094481,2023,,"боевик, криминал, триллер",Savvas D. Michael,4.0, Художественный,108.0
Хитровка. Знак четырёх,,Хитровка. Знак четырёх,Хитровка. Знак четырёх,1122935,2023,Russia,"детектив, приключения",Карен Шахназаров,5.8, Художественный,129.0
Хищник из бездны,Maneater,Хищник из бездны,Maneater,982620,2022,United States of America,"детектив, триллер, ужасы",Justin Lee,4.492, Художественный,86.0
Хищник. Дожить до рассвета,The RED,Астрал 5: Красная дверь,Insidious: The Red Door,614479,2023,United States of America,"ужасы, триллер",Патрик Уилсон,6.513, Художественный,83.0
Хищник. Спуск в преисподнюю,Bone Keeper,Хищник. Спуск в преисподнюю,Bone Keeper,1477836,2026,United States of America,"ужасы, приключения, фантастика",Говард Дж. Форд,5.206, Художественный,91.0
Хищник: Миссия «Осирис»,Osiris,Хищник: Миссия «Осирис»,Osiris,1241470,2025,United States of America,"фантастика, боевик, ужасы",Уильям Кауфман,6.087, Художественный,107.0
Хищники,Beasts,Трансформеры: Восхождение Звероботов,Transformers: Rise of the Beasts,667538,2023,United States of America,"фантастика, приключения, боевик",Стивен Кейпл мл.,7.172, Художественный,137.0
Хищные земли,Elevation,Хищные земли,Elevation,1035048,2024,United States of America,"боевик, фантастика, триллер",Джордж Нолфи,6.417, Художественный,92.0
Хищные твари,DANGEROUS ANIMALS,Хищные твари,Dangerous Animals,1285965,2025,"Australia, United States of America, Canada","ужасы, триллер",Шон Бирн,6.45, Художественный,98.0
Ход белой королевы,,Ход белой королевы,Ход белой королевы,873677,1972,Soviet Union,"драма, семейный",Виктор Садовский,5.333, Художественный,95.0
Ходячий замок (дубляж Реанимедиа),Howl's Moving Castle,Ходячий замок,ハウルの動く城,4935,2004,Japan,"фэнтези, мультфильм, приключения",Хаяо Миядзаки,8.4,Анимационный,119.0
Ходячий замок (дубляж Студийная Банда),Howl's Moving Castle,Ходячий замок,ハウルの動く城,4935,2004,Japan,"фэнтези, мультфильм, приключения",Хаяо Миядзаки,8.4,Анимационный,119.0
Ходячий замок (субтитровая версия),Howl's Moving Castle,Ходячий замок,ハウルの動く城,4935,2004,Japan,"фэнтези, мультфильм, приключения",Хаяо Миядзаки,8.4,Анимационный,119.0
Хозяин Алтайских гор,,Хозяин Алтайских гор,Хозяин Алтайских гор,1250337,2024,Russia,документальный,"Ilya Tsyganov, Vadim Vitovtsev",0.0,Научно-популярный,52.0
Хоккеисты,,Хоккеисты,Хоккеисты,570742,1965,Soviet Union,драма,Рафаил Гольдин,8.0, Художественный,100.0
Хоккей навсегда,Smecka,Хоккей навсегда,Smečka,663297,2020,"Czech Republic, Latvia, Slovakia",драма,Tomáš Polenský,4.6, Художественный,94.0
Хоккейные папы,,Хоккейные папы,Хоккейные папы,1211093,2023,Russia,"семейный, драма",Андрей Булатов,10.0, Художественный,131.0
Холли,Holly,Девственность Холли,Holly,43638,2006,United States of America,драма,Guy Moshe,6.294, Художественный,103.0
Холмы,,Холмы,Холмы,1570196,2025,Russia,драма,Mikhail Krupin,1.0, Художественный,108.0
Холмы,,Холмы,Холмы,1570196,2025,Russia,драма,Mikhail Krupin,1.0, Художественный,140.0
Холодная гонка,,Холодная гонка,Холодная гонка,1101562,2023,,"приключения, драма",Саид Туляганов,0.0, Художественный,80.0
Холодное сердце,,Холодное сердце,Frozen,109445,2013,United States of America,"мультфильм, семейный, приключения, фэнтези","Крис Бак, Дженнифер Ли",7.248, Художественный,93.0
Холодное сердце (18+),,,,,,,,,, Художественный,99.0
Холоп 2,,Холоп 2,Холоп 2,1004096,2024,Russia,комедия,Клим Шипенко,6.441, Художественный,119.0
Холоп из Парижа,Kholop,Холоп из Парижа,Le Larbin,1039512,2024,France,комедия,"Alexandre Charlot, Franck Magnier",5.207, Художественный,109.0
Холоп. Великолепный век,,Холоп. Великолепный век,Şımarık,1285660,2024,Turkey,"комедия, мелодрама, боевик",Onur Ünlü,5.9, Художественный,111.0
Холостяк в Италии,Solo Mio,Холостяк в Италии,Solo Mio,1291335,2026,United States of America,"мелодрама, комедия","Чарльз Киннэн, Дэниэл Киннэн",7.037, Художественный,96.0
Хора,Hora - The Movie,Adventure Time: The Movie - Gritty Reboots,Adventure Time: The Movie - Gritty Reboots,1254188,2014,,комедия,,0.0,"Прочее (Учебный, Спектакль, …)",60.0
Хорошая жизнь,,Хорошая жизнь,Хорошая жизнь,1545879,2025,Russia,драма,Татьяна Рахманова,0.0, Художественный,79.0
Хорошенькая,Good One,Хорошенькая,Good One,1122618,2024,United States of America,драма,India Donaldson,6.5, Художественный,90.0
Хороший мальчик,,Хороший мальчик,Хороший мальчик,417427,2016,Russia,"комедия, драма, семейный",Oksana Karas,5.369, Художественный,90.0
Хочу все знать! (сезон 2),,,,,,,,,,Научно-популярный,574.0
Хочу все знать! Твой путеводитель по ФинЗОЖ,,,,,,,,,,Научно-популярный,61.0
Хочу все знать! Твой путеводитель по ФинЗОЖ (серии NºNº 6-35),,,,,,,,,,Анимационный,392.0
Хочу замуж,,Хочу замуж,Хочу замуж,259925,2014,Russia,"мелодрама, комедия",Gleb Yakubovskiy,0.0, Художественный,106.0
Хочу остаться каким я был,,,,,,,,,,Документальный,75.0
Хочу сейчас,,Хочу сейчас,Fino alla fine,1183761,2024,Italy,"триллер, криминал, мелодрама",Gabriele Muccino,5.4, Художественный,117.0
Храбрая принцесса,,Храбрая принцесса,Անահիտ,1064696,2014,Armenia,мультфильм,David Sahakyants,6.0,Анимационный,86.0
Хранители,,Хранители,Watchmen,13183,2009,United States of America,"детектив, боевик, фантастика",Зак Снайдер,7.354,Научно-популярный,252.0
Хранители,,Хранители,Watchmen,13183,2009,United States of America,"детектив, боевик, фантастика",Зак Снайдер,7.354,Документальный,58.0
Хранители,,Хранители,Watchmen,13183,2009,United States of America,"детектив, боевик, фантастика",Зак Снайдер,7.354,Научно-популярный,60.0
Хранители пяти королевств,Patsy Lee and The Keepers of the 5 Kingdoms,Хранители пяти королевств,The Keepers of the 5 Kingdoms,1093879,2023,United States of America,"приключения, фэнтези, семейный",Зак Уорд,5.7, Художественный,109.0
Хранитель тайн,Objetos/Lost and Found,Хранитель тайн,Objetos,946706,2022,"Argentina, Germany, Spain","детектив, триллер",Jorge Dorado,6.03, Художественный,108.0
Хроника реальности,,Хроника реальности,Хроника реальности,1193565,2023,Russia,документальный,Павел Медведев,0.0,Документальный,144.0
Хроники Панголинов,Don`t Go Below,Хроники панголинов,The Secret Kingdom,893345,2023,Australia,"приключения, семейный, фэнтези",Matt Drummond,6.415, Художественный,97.0
Хрупкость. Выдумщица,,Хрупкость. Выдумщица,Хрупкость. Выдумщица,1662685,2026,Russia,драма,Ксения Зуева,0.0, Художественный,149.0
Художник. Князь,,,,,,,,,,Документальный,53.0
Художники при персидском дворе,Of Kings and Paintings,Of Kings and Paintings,Of Kings and Paintings,1083348,2019,,документальный,Sara Nodjoumi,10.0,Документальный,58.0
Худший человек на свете,Verdens verste menneske,Худший человек на свете,Verdens verste menneske,660120,2021,"Norway, Sweden, Denmark, France","драма, мелодрама, комедия",Хоаким Триер,7.43, Художественный,127.0
Хуже всех,,Хуже всех,Хуже всех,1268237,2024,Russia,"драма, комедия",Саша Кармаева,4.5, Художественный,83.0
Хэдшот: Жестокие игры,Headshot,Рейд: Пуля в голове,Headshot,403605,2016,"Indonesia, Singapore","боевик, триллер, драма","Кимо Стамбол, Тимо Тьяджанто",6.422, Художественный,88.0
Хэл Эшби: Ад и рай Голливуда,Hal,Любовь зла,Shallow Hal,9889,2001,United States of America,"комедия, драма, фэнтези, мелодрама","Peter Farrelly, Bobby Farrelly",6.174,Научно-популярный,90.0
Хэллбендер,Hellbender,Хэллбендер,Hellbender,848886,2021,United States of America,ужасы,"Zelda Adams, Toby Poser, John Adams",5.573, Художественный,83.0
Хэллоуин '86,Die'ced: Reloaded,Хэллоуин '86,Die'ced: Reloaded,1503900,2025,United States of America,"ужасы, триллер",Jeremy Rudd,6.269, Художественный,81.0
Хэллоуин под кайфом,Halloweed,Хэллоуин под кайфом,Halloweed,419747,2016,United States of America,"ужасы, комедия",LazRael Lison,4.4, Художественный,101.0
Хэллоуин. Ночной кошмар,Night of the Reaper,Хэллоуин. Ночной кошмар,Night of the Reaper,1502943,2025,United States of America,"ужасы, триллер",Brandon Christensen,6.4, Художественный,93.0
ЦВЕТА ВРЕМЕНИ,COLOURS OF TIME,Colours of this Time,Colours of this Time,364350,1972,,,William Raban,0.0, Художественный,125.0
ЦЕНА ИСКУПЛЕНИЯ,PRISONER'S DAUGHTER,Дочь заключённого,Prisoner's Daughter,865382,2023,United States of America,"драма, детектив, триллер",Кэтрин Хардвик,6.163, Художественный,101.0
ЦЕНА СОБЛАЗНА,Breaking Point,Точка разлома,Breaking Point,32005,2009,United States of America,"боевик, приключения, драма, триллер",Джефф Челентано,4.4, Художественный,84.0
Царевич Проша,,Царевич Проша,Царевич Проша,362005,1974,Soviet Union,"семейный, фэнтези",Надежда Кошеверова,7.25, Художественный,84.0
Царевна и Дракон. Магическая книга,,,,,,,,,,Анимационный,203.0
Царевна-лягушка,,Царевна-лягушка,Царевна-лягушка,1382056,2025,Russia,"приключения, семейный, фэнтези",Александр Амиров,5.8, Художественный,93.0
Царевна-лягушка 2,,Царевна-лягушка 2,Царевна-лягушка 2,1471822,2026,Russia,"семейный, приключения, фэнтези, комедия",Александр Амиров,5.833, Художественный,95.0
Царевны и таинственная гостья,,Царевны и Таинственная гостья,Царевны и Таинственная гостья,1078843,2023,Russia,"мультфильм, приключения",Александра Шоха,10.0,Анимационный,71.0
Царство против разбойников,,Царство против разбойников,Царство против разбойников,1038465,2022,Russia,"мультфильм, приключения, семейный",Марина Лескова-Гаки,7.5,Анимационный,67.0
Царь царей,The King of Kings,Царь царей,The King of Kings,1181107,2025,"South Korea, United States of America","приключения, мультфильм, семейный, фэнтези",장성호,8.283,Анимационный,101.0
Цветок Света,,Цветок света,Цветок света,1441261,2023,,"семейный, фэнтези",Елена Бронникова,0.0, Художественный,100.0
Цена вершины,Girl Climber,Girl Climber,Girl Climber,1461058,2025,United States of America,"документальный, приключения",Jon Glassberg,7.0,Научно-популярный,82.0
Цена вершины (субтитры),Girl Climber,Girl Climber,Girl Climber,1461058,2025,United States of America,"документальный, приключения",Jon Glassberg,7.0,Научно-популярный,82.0
Центурион: Танцующий жеребец,Centurion XII,Центурион: Танцующий жеребец,Centurion: The Dancing Stallion,613803,2023,United States of America,драма,Дана Гонсалес,4.7, Художественный,98.0
Центурия,,V Центурия. В поисках зачарованных сокровищ,V Центурия. В поисках зачарованных сокровищ,63271,2010,Russia,"приключения, комедия",Руслан Бальтцер,4.5, Художественный,104.0
Цепные реакции,Chain reactions,Цепные реакции,Chain Reactions,1318933,2025,United States of America,"документальный, ужасы",Alexandre O. Philippe,6.0,Научно-популярный,102.0
Цинга,,Цинга,Цинга,1545877,2026,Russia,триллер,Владимир Головнев,6.0, Художественный,90.0
Цитадель,Black Site,Координаты «Цитадель»,Black Site,848123,2022,"Australia, United States of America","боевик, триллер, криминал, драма",Sophia Banks,6.039, Художественный,92.0
Цифры,,Цифры,Цифры,1255222,2020,Russia,мультфильм,"Дарья Лебедева, Alena Gutman, Дуся Геллер, Ivan Bondarenko, Denis Toom, Anna Schweigolz, Milana Deripaskina, Anna Krasnova, Galina Pichuga, Anya Kanaicheva",0.0,Анимационный,67.0
Цыганское счастье,,Цыганское счастье,Цыганское счастье,434730,1981,Soviet Union,"мелодрама, драма",Сергей Никоненко,4.6, Художественный,76.0
ЧАЙКА,,Чайка,Чайка,68262,1970,Soviet Union,"драма, мелодрама",Юлий Карасик,4.455, Художественный,93.0
ЧАРЛИ ЧУДО-ПЕС,CHARLIE THE WONDERDOG,Чарли Чудо-пёс,Charlie the Wonderdog,1276521,2025,Canada,"мультфильм, боевик, приключения, комедия, семейный",Shea Wageman,6.605, Художественный,92.0
ЧАРЛИ-ПУЛЯ,FAST CHARLIE,Чарли Пуля,Fast Charlie,945937,2023,United States of America,"боевик, криминал, драма",Phillip Noyce,6.2, Художественный,90.0
ЧЕЛОВЕК ЭПОХИ ВОЗРОЖДЕНИЯ,,Человек эпохи Возрождения,Renaissance Man,11858,1994,"Canada, United States of America","комедия, драма",Penny Marshall,6.138,Документальный,52.0
ЧЕРЕЗ ГОД В ЭТО ЖЕ ВРЕМЯ,THIS TIME NEXT YEAR,Через год в это же время,This Time Next Year,1122418,2024,"United Kingdom, Germany, Italy","мелодрама, комедия",Ник Мур,6.126, Художественный,116.0
ЧЕТЫРЕ ЖИЗНИ МИРОНА ШЕХТЕРА,,,,,,,,,,Документальный,70.0
ЧИТАТЕЛИ,READERS,Readers,Readers,480920,2017,,,James Benning,4.5,"Прочее (Учебный, Спектакль, …)",108.0
ЧУВСТВУЙ,,Чувствуй ритм,Feel the Beat,707886,2020,"Canada, United States of America","комедия, музыка, драма",Elissa Down,7.549,Документальный,69.0
ЧУНГКИНГСКИЙ ЭКСПРЕСС,Chung Hing sam lam,Чунгкингский экспресс,重慶森林,11104,1994,Hong Kong,"драма, комедия, мелодрама",Вон Ка-Вай,7.969, Художественный,98.0
Чао,ChaO,ChaO,ChaO,1419053,2025,Japan,"мультфильм, фэнтези, мелодрама",青木康浩,8.2,Анимационный,90.0
Чао (субтитры),ChaO,ChaO,ChaO,1419053,2025,Japan,"мультфильм, фэнтези, мелодрама",青木康浩,8.2,Анимационный,90.0
Чарли Чэн ловит вора и срывает с него маску,,陈查礼大破隐身盗,陈查礼大破隐身盗,1549113,1941,China,детектив,Xu Xinfu,0.0, Художественный,86.0
Чарли и фантастическая четверка,Heroes of the Golden Masks,Чарли и Фантастическая Четвёрка,Heroes of the Golden Mask,1109527,2023,Canada,"мультфильм, приключения, комедия",Sean Patrick O'Reilly,7.0,Анимационный,82.0
Час тишины,The Silent Hour,Час тишины,The Silent Hour,1047373,2024,"United States of America, Malta","криминал, триллер, боевик",Брэд Андерсон,6.447, Художественный,99.0
Частная жизнь,Vie privée,Частная жизнь,Vie privée,1290432,2025,France,"драма, детектив, криминал",Rebecca Zlotowski,5.657, Художественный,103.0
Часы для Веры,,Часы для Веры,Часы для Веры,1447934,2025,Russia,мелодрама,Максим Горяинов,0.0, Художественный,78.0
Чебурашка,,Чебурашка,Чебурашка,751171,2023,Russia,"комедия, семейный",Дмитрий Дьяченко,6.6, Художественный,113.0
Чебурашка 2,,Чебурашка 2,Чебурашка 2,1228477,2026,Russia,"приключения, комедия, семейный",Дмитрий Дьяченко,6.5, Художественный,103.0
Чебурашка. История новогоднего чуда,,,,,,,,,,Документальный,60.0
Чего хотят женщины,What Women Want,Чего хотят женщины,What Women Want,3981,2000,United States of America,"комедия, мелодрама",Нэнси Мейерс,6.452, Художественный,127.0
Чекаго,,Чекаго,Чекаго,772762,2023,Russia,драма,Николай Рыбников,2.5, Художественный,91.0
Человек - магнит,The Magnet Man,Человек-магнит,De magneet man,1191004,2024,"Belgium, France, Luxembourg, Netherlands",драма,Gust Van den Berghe,3.0, Художественный,89.0
Человек - человек,,Бегущий человек,The Running Man,798645,2025,"United States of America, United Kingdom","боевик, триллер, фантастика",Эдгар Райт,6.78,Научно-популярный,58.0
Человек в футляре,,Человек в футляре,Человек в футляре,397627,1939,Soviet Union,"комедия, мелодрама",Исидор Анненский,4.3, Художественный,91.0
Человек из Рима,The Man From Rome,Человек из Рима,De man uit Rome,1101763,2023,"Germany, Netherlands","комедия, триллер, драма",Jaap van Heusden,7.4, Художественный,120.0
Человек на своем месте,,Человек на своем месте,Человек на своем месте,431713,1973,Soviet Union,драма,Алексей Сахаров,5.429, Художественный,101.0
Человек ниоткуда,,Человек ниоткуда,Человек ниоткуда,65668,2010,,боевик,Дмитрий Фикс,0.0, Художественный,100.0
Человек с киноаппаратом (восстановленная версия),,,,,,,,,,Документальный,64.0
Человек труда,,Человек труда,Человек труда,1237189,2023,Russia,документальный,Olga Azhnakina,0.0,Документальный,52.0
"Человек, который видел медведя, который видел человека",L'HOMME QUI A VU L'OURS QUI A VU L'HOMME,L'homme qui a vu l'homme qui a vu l'ours,L'homme qui a vu l'homme qui a vu l'ours,1092683,1987,,документальный,André S. Labarthe,0.0, Художественный,89.0
"Человек, который смеется",,"Человек, который смеется",L'homme qui rit,151826,2012,"France, Czech Republic",драма,Jean-Pierre Améris,6.1, Художественный,97.0
Человек-бензопила - Фильм: История Резе,Chainsaw Man - The Movie: Reze Arc,Человек-бензопила. Фильм: История Резе,劇場版 チェンソーマン レゼ篇,1218925,2025,Japan,"мультфильм, боевик, мелодрама, фэнтези",Тацуя Ёсихара,8.4,Анимационный,99.0
Человек-бензопила - Фильм: История Резе (версия с субтитрами),Chainsaw Man - The Movie: Reze Arc,Человек-бензопила. Фильм: История Резе,劇場版 チェンソーマン レゼ篇,1218925,2025,Japan,"мультфильм, боевик, мелодрама, фэнтези",Тацуя Ёсихара,8.4,Анимационный,99.0
Человек-бензопила: Фильм,ChainsawMan - The Compilation Part 1,チェンソーマン総集篇 前篇,チェンソーマン総集篇 前篇,1544513,2025,Japan,"боевик, фэнтези, мультфильм",Тацуя Ёсихара,8.0,Анимационный,120.0
Человек-бензопила: Фильм (версия с субтитрами),ChainsawMan - The Compilation Part 1,チェンソーマン総集篇 前篇,チェンソーマン総集篇 前篇,1544513,2025,Japan,"боевик, фэнтези, мультфильм",Тацуя Ёсихара,8.0,Анимационный,120.0
Человек-бензопила: Фильм 2 ,Chainsaw Man - The Complitation Part 2,,,,,,,,,Анимационный,95.0
Человек-бензопила: Фильм 2 (версия с субтитрами),Chainsaw Man - The Complitation Part 2,,,,,,,,,Анимационный,95.0
Человек-невидимка. Возвращение легенды,Fear the Invisible Man,Человек-невидимка. Возвращение легенды,Fear the Invisible Man,1131438,2023,United Kingdom,триллер,Paul Dudbridge,6.489, Художественный,100.0
Человек-слон,The Elephant Man,Человек-слон,The Elephant Man,1955,1980,United States of America,"драма, история",Дэвид Линч,8.0, Художественный,123.0
Челюскин. Задание императора,,,,,,,,,,Научно-популярный,227.0
Челюскин. Задание императора,,,,,,,,,,Научно-популярный,52.0
Челюсти. Кровавый риф,Something in the Water,Челюсти. Кровавый риф,Something in the Water,804616,2024,United Kingdom,"триллер, ужасы",Хейли Истон Стрит,5.584, Художественный,86.0
Челюсти. Столкновение,Shark Bait,Челюсти: Столкновение,Shark Bait,960258,2022,"Malta, United States of America","ужасы, триллер, боевик, приключения",James Nunn,5.688, Художественный,85.0
Чемпион из Освенцима,Mistrz / Champion of Auschwitz,Чемпион из Освенцима,Mistrz,845875,2021,Poland,"драма, история, военный",Maciej Barczewski,7.674, Художественный,91.0
Через не могу,,,,,,,,,,Документальный,71.0
Черкесы. Путь Чести,,Черкесы. Путь чести,Черкесы. Путь чести,1650318,2024,Russia,документальный,Askarbiy Nagaplev,0.0,Документальный,67.0
Черная вдова. Укус смерти,Sting,Афера,The Sting,9277,1973,United States of America,"комедия, криминал, драма",George Roy Hill,8.014, Художественный,91.0
Черная весна,,,,,,,,,, Художественный,118.0
Черная гора,,Черная гора,Черная гора,259017,1971,"Soviet Union, India","драма, семейный",Александр Згуриди,9.0, Художественный,75.0
Черная метка,Black Warrant,Черная метка,Black Warrant,983768,2022,United States of America,"боевик, детектив, триллер",Tibor Takács,5.549, Художественный,94.0
Черная орхидея,The Black Dahlia,Чёрная орхидея,The Black Dahlia,9676,2006,"United States of America, France, Germany","криминал, триллер, драма",Брайан Де Пальма,5.637, Художественный,120.0
Черная пятница,Black Friday,Чёрная пятница,Black Friday,765869,2021,United States of America,"ужасы, комедия, фантастика",Casey Tebo,4.977, Художественный,84.0
Черный Двор в кино,,Черный Двор в кино,Черный Двор в кино,1668979,,,,Данияр Болотбеков,0.0, Художественный,129.0
Черный замок,,Черный замок,Черный замок,1372348,2024,"Belarus, Russia","история, приключения",Кирилл Кузин,6.375, Художественный,115.0
Черный замок (режиссерская версия),,,,,,,,,, Художественный,140.0
Черный лебедь. Тайна,Hidden Exposure,Черный лебедь. Тайна,Hidden Exposure,915520,2023,United States of America,"телевизионный фильм, триллер, драма",Todd Bogin,7.6, Художественный,90.0
Черный лес,,Чёрный лес,Кара урман,1628647,2026,Russia,"драма, военный",Радик Кудояров,0.0, Художественный,149.0
Черный лотос,Blsck Lotus,,,,,,,,, Художественный,93.0
Чертов камень. Семеро смелых,,,,,,,,,, Художественный,106.0
Честное волшебное,,Честное волшебное,Честное волшебное,461039,1975,Soviet Union,"приключения, семейный, фэнтези",Юрий Победоносцев,5.333, Художественный,68.0
Честный развод 2,,Честный развод 2,Честный развод 2,999607,2022,Russia,комедия,"Иван Кульнев, Олег Асадулин",4.0, Художественный,83.0
Честный развод. Бенефис,,Честный развод. Бенефис,Честный развод. Бенефис,1224949,2023,Russia,"комедия, мелодрама",Евгений Корчагин,0.0, Художественный,101.0
Четыре души Койота,Kojot negy lelke,Четыре души Койота,Kojot négy lelke,680314,2023,Hungary,"мультфильм, драма, приключения, боевик",Gauder Áron,6.7,Анимационный,106.0
Четыре хороших дня,Four good days,Четыре хороших дня,Four Good Days,641960,2021,"United States of America, Canada",драма,Родриго Гарсия,6.823, Художественный,100.0
Четыре четверти,,Четыре четверти,Четыре четверти,1273867,2025,Russia,драма,Евгения Тирдатова,0.0, Художественный,156.0
Четыреста ударов,Les quatre cents coups,Четыреста ударов,Les Quatre Cents Coups,147,1959,France,драма,François Truffaut,8.01, Художественный,100.0
Чеховский Сахалин,,,,,,,,,,Документальный,70.0
Чижик-Пыжик возвращается,,Чижик-Пыжик возвращается,Чижик-Пыжик возвращается,1154946,2023,Russia,"детектив, приключения",Elina Suni,8.1, Художественный,91.0
Чингис-Хан,,Чингис-Хан,Чингис-Хан,1519630,2025,Russia,история,Кирилл Калашников,0.0,Анимационный,61.0
Чинк: хвостатый детектив,,Чинк - хвостатый детектив,Чинк - хвостатый детектив,1017129,2022,Russia,"мультфильм, комедия, детектив, приключения, семейный",Григорий Вожакин,9.2,Анимационный,85.0
Чип внутри меня,,Чип внутри меня,Чип внутри меня,963739,2022,Russia,документальный,Юлия Киселева,0.0,Научно-популярный,61.0
Чистильщик бассейнов,Poolman,Чистильщик бассейнов,Poolman,834562,2024,United States of America,"детектив, комедия",Крис Пайн,4.3, Художественный,100.0
"Чистые (серии 1, 2)",,,,,,,,,, Художественный,79.0
Чистый лист,,Чистый лист,Чистый лист,1324396,2025,Russia,драма,Полина Кондратьева,0.0, Художественный,90.0
Чокнутые,Riff Raff,Чокнутые,Riff Raff,1127767,2025,United States of America,"комедия, криминал, драма",Dito Montiel,5.748, Художественный,103.0
Чрезвычайная ситуация,Bisangseoneon/Emergency Declaration,Чрезвычайная ситуация,비상선언,626872,2022,South Korea,"боевик, драма, триллер",Хан Чжэ Рим,7.5, Художественный,141.0
Что видно отсюда,What you can see from here,Что видно отсюда,Was man von hier aus sehen kann,1023412,2022,Germany,"драма, комедия",Aron Lehmann,6.388, Художественный,103.0
Что знает Мариэль,Was Marielle weiß,Что знает Мариэль,Was Marielle weiß,1416893,2025,Germany,"драма, комедия, фэнтези",Frédéric Hambalek,6.4, Художественный,87.0
Что скрывает Ирен?,Irena's Vow,Что скрывает Ирен?,Irena's Vow,1026880,2024,"Canada, Poland","военный, драма, история",Louise Archambault,7.449, Художественный,121.0
Что скрывает любовь,Haunted Heart,Что скрывает любовь,Haunted Heart,1068518,2024,Spain,"мелодрама, триллер",Fernando Trueba,5.792, Художественный,128.0
Что случилось осенью,Quand vient l'automme,Что случилось осенью,Quand vient l'automne,1171634,2024,France,"драма, триллер, комедия",Франсуа Озон,6.649, Художественный,103.0
Что-то не так с Кевином,We Need to Talk About Kevin,Что-то не так с Кевином,We Need to Talk About Kevin,71859,2011,"United Kingdom, United States of America","драма, триллер",Lynne Ramsay,7.541, Художественный,112.0
Чтобы помнили,,Нюрнберг. Чтобы помнили… Процесс глазами журналистов,Нюрнберг. Чтобы помнили… Процесс глазами журналистов,1256475,2016,,"документальный, история",Олег Штром,0.0,Документальный,54.0
Чувства,,Чувства Анны,Чувства Анны,1112403,2023,Russia,"фантастика, драма",Анна Меликян,2.3, Художественный,62.0
Чувства Анны,,Чувства Анны,Чувства Анны,1112403,2023,Russia,"фантастика, драма",Анна Меликян,2.3, Художественный,130.0
Чувственный контакт,,Чувственный контакт,Чувственный контакт,1464792,2025,Russia,документальный,Юлия Киселева,0.0,Научно-популярный,61.0
Чудеса в рабочем порядке,,,,,,,,,, Художественный,111.0
Чудеса случаются,The Girl Who Believes in Miracles,Чудеса случаются,The Girl Who Believes in Miracles,805195,2021,United States of America,"семейный, драма",Rich Correll,7.44, Художественный,99.0
Чудовище,Monstrous,Чудовище,Monstrous,811656,2022,"Australia, United States of America","ужасы, детектив, триллер",Chris Sivertson,5.854, Художественный,88.0
Чужак,Farang,Чужак,Farang,959092,2023,"France, Thailand","боевик, криминал, триллер",Xavier Gens,6.723, Художественный,101.0
Чужая,,Чужая,Чужая,640113,1978,Soviet Union,драма,Владимир Шредель,0.0, Художественный,97.0
Чужая,,Чужая,Чужая,640113,1978,Soviet Union,драма,Владимир Шредель,0.0, Художественный,74.0
Чужая Белая и Рябой,,Чужая белая и рябой,Чужая белая и рябой,143119,1986,Soviet Union,драма,Сергей Соловьёв,5.5, Художественный,99.0
Чужая страна,Strangerland,Чужая страна,Strangerland,245846,2015,"Australia, France, Ireland, United States of America","драма, триллер, детектив",Kim Farrant,5.271, Художественный,111.0
Чужестранец,The Stranger,Пираты Карибского моря: На странных берегах,Pirates of the Caribbean: On Stranger Tides,1865,2011,"United Kingdom, United States of America","приключения, боевик, фэнтези",Роб Маршалл,6.568, Художественный,94.0
Чужие деньги (режиссерская версия),,,,,,,,,, Художественный,97.0
Чужой звонок,,Чужой звонок,Чужой звонок,1463877,1985,Soviet Union,драма,Сергей Олейник,8.0, Художественный,89.0
Чужой. Вторжение,Alien Invasion,Чужой: Вторжение,Alien Invasion,981314,2023,United Kingdom,"ужасы, фантастика",Fred Searle,5.37, Художественный,73.0
Чук и Гек. Большое приключение,,Чук и Гек. Большое приключение,Чук и Гек. Большое приключение,800852,2022,Russia,"семейный, приключения",Александр Котт,1.7, Художественный,96.0
Чума,,Чума,The Plague,1370814,2025,"United States of America, United Arab Emirates","драма, триллер",Charlie Polinger,6.426, Художественный,87.0
Чуть дальше за горизонт,,,,,,,,,,Документальный,72.0
Чучело,,Чучело,Чучело,63573,1983,Soviet Union,"семейный, драма",Ролан Быков,6.809, Художественный,110.0
"Чыскыырай (Голос, летящий ввысь)",,,,,,,,,,Научно-популярный,89.0
Чёрная канарейка,Canary Black,Досье «Чёрная канарейка»,Canary Black,976734,2024,"United Kingdom, United States of America","боевик, триллер, криминал",Пьер Морель,6.2, Художественный,103.0
Чёрные священники,"The Priests, Geomeun sajedeul",Чёрные священники,검은 사제들,360551,2015,South Korea,"детектив, триллер, ужасы",장재현,6.86, Художественный,108.0
Чёрный пёс,Gou zhen,勾魂针夺命拳,勾魂针夺命拳,147423,1978,Taiwan,"драма, боевик",Lee Tso-Nam,7.0, Художественный,106.0
Чёрный чай,Black Tea,Чёрный чай,Black Tea,662402,2024,"Cote D'Ivoire, France, Luxembourg, Mauritania, Taiwan","мелодрама, драма",Abderrahmane Sissako,6.1, Художественный,110.0
ШАГИ,,Фантастическая четвёрка: Первые шаги,The Fantastic 4: First Steps,617126,2025,United States of America,"фантастика, приключения, боевик",Мэтт Шекман,6.963,Научно-популярный,70.0
ШАОЛИНЬ,San Siu Lam zi,Шаолинь,新少林寺,55292,2011,"China, Hong Kong","боевик, драма",陳木勝,6.9, Художественный,126.0
ШЕЛБИ ОУКС. ГОРОД-ПРИЗРАК,SHELBY OAKS,Шелби Оукс. Город-призрак,Shelby Oaks,937941,2025,"United States of America, Belgium","ужасы, детектив",Chris Stuckmann,5.671, Художественный,91.0
ШИММИ первый король обезьян,Shimmy: The First Monkey King,Шимми: Первый король обезьян,超级英雄美猴王：齐天儿,1085046,2023,China,"мультфильм, приключения, боевик, комедия, фэнтези","Dick Zondag, Ralph Zondag",5.976,Анимационный,101.0
ШОУГЁРЛ,The Last Showgirl,Шоугёрл,The Last Showgirl,1235499,2024,United States of America,драма,Gia Coppola,6.419, Художественный,88.0
ШТУРМ,,Штурм Белого дома,White House Down,117251,2013,"United States of America, Canada","боевик, драма, триллер",Роланд Эммерих,6.469, Художественный,90.0
Шаг к мечте: Раз и навсегда,One and Only,The One and Only,The One and Only,47901,1978,United States of America,"комедия, мелодрама",Carl Reiner,6.0, Художественный,125.0
Шагни вперед,En corps,Шагни вперед,En corps,771077,2022,"Belgium, France","комедия, драма, семейный",Cédric Klapisch,7.396, Художественный,117.0
Шальная императрица,,Шальная императрица,Шальная императрица,1566700,2025,Russia,"комедия, приключения, фэнтези",Радда Новикова,6.5, Художественный,98.0
Шаман,Shaman,Шаман,Shaman,1339166,2025,"Ecuador, United States of America",ужасы,Антонио Негре,5.619, Художественный,99.0
Шаман,,Шаман,Шаман,1273151,2025,Russia,ужасы,Михаил Мерзликин,6.0, Художественный,89.0
Шаманка,,Шаманка,Szamanka,81217,1996,"Poland, France","драма, ужасы",Andrzej Żuławski,6.1,Научно-популярный,85.0
Шамбала. Конец времён,Kalki 2898-AD,కల్కి 2898-ఎ.డి: భాగం 2,కల్కి 2898-ఎ.డి: భాగం 2,1310969,,India,"боевик, фэнтези, фантастика",Nag Ashwin,0.0, Художественный,147.0
Шамшера,Samshera,Шамшера,शमशेरा,539686,2022,India,"боевик, драма, приключения",Karan Malhotra,5.43, Художественный,159.0
Шантаж,Blackmail,Наедине с сыном,Blackmail,281011,2005,India,"триллер, боевик, драма",Anil Devgan,5.364, Художественный,82.0
Шах и мат,,Шах и мат,Checkmate,356841,2015,United States of America,"триллер, боевик, криминал",Timothy Woodward Jr.,3.853, Художественный,99.0
Шведская спичка,,Шведская спичка,Шведская спичка,346630,1954,Soviet Union,"комедия, детектив",Konstantin Yudin,5.9, Художественный,56.0
Шевели перьями!,Iggy the Eagle,Шевели перьями!,Orzełek Iggy,1061794,2026,Poland,"мультфильм, семейный, приключения, фантастика, фэнтези",Bartek Kędzierski,6.0,Анимационный,85.0
Шейх,The Sheik,Шейх,The Sheik,36841,1921,United States of America,"приключения, драма, мелодрама",George Melford,5.952, Художественный,65.0
Шел четвертый год войны,,,,,,,,,, Художественный,85.0
Шепоты мертвого дома,What Josiah Saw,Шёпоты мёртвого дома,What Josiah Saw,696605,2021,United States of America,"ужасы, триллер",Vincent Grashaw,5.8, Художественный,120.0
Шербурские зонтики,Les parapluies de Cherbourg,Шербурские зонтики,Les Parapluies de Cherbourg,5967,1964,"France, Germany","драма, мелодрама",Jacques Demy,7.382, Художественный,92.0
Шесть легких пьес,,,,,,,,,, Художественный,118.0
Шимпанзе под прикрытием,C.I.Ape,C.I.Ape: Mission Devious,C.I.Ape: Mission Devious,1098749,,,,,10.0, Художественный,81.0
Шишкинские писаницы,,Шишкинские писаницы,Шишкинские писаницы,1237191,2024,Russia,документальный,Юлия Бывшева,0.0,Документальный,58.0
Шкатулка дьявола: Воскрешение,The Jack in the Box Rises,Шкатулка дьявола 3. Воскрешение,The Jack in the Box Rises,1207898,2024,United Kingdom,ужасы,Lawrence Fowler,6.574, Художественный,92.0
Шкатулка проклятия. Шепот ведьмы,Trinket Box,Шкатулка проклятия: Шёпот ведьмы,Trinket Box,1096996,2023,United States of America,"ужасы, драма","Patrycja Kępa, Acoryé White",4.3, Художественный,104.0
Школа Бабы-Яги,,Школа Бабы Яги,Школа Бабы Яги,1609445,2026,Russia,драма,Дмитрий Дакович,0.0, Художественный,94.0
Школа волшебства,La Befana vien di notte: Le origini,Школа волшебства,La befana vien di notte 2 - Le origini,811050,2021,Italy,"семейный, фэнтези, комедия",Paola Randi,5.915, Художественный,116.0
Школа искусств ’94,Art College 1994,Школа искусств '94,艺术学院1994,954905,2025,China,"мультфильм, комедия",Liu Jian,6.071,Анимационный,118.0
Школа кролика Бобо,,,,,,,,,,Анимационный,72.0
Школа магических зверей. Загадка волшебного леса,,Школа магических зверей. Загадка волшебного леса,Die Schule der magischen Tiere 3,1181765,2024,Germany,"семейный, фэнтези, комедия",Sven Unterwaldt,6.3, Художественный,105.0
Школа магических зверей. Тайна подземелья,The School of Magical Animals 2,Школа магических зверей. Тайна подземелья,Die Schule der magischen Tiere 2,926946,2022,Germany,"семейный, приключения, фэнтези",Sven Unterwaldt,6.424, Художественный,103.0
Школа магических зверей. Хранители чуда,School of Magical Animals 4,Школа магических зверей. Хранители чуда,Die Schule der magischen Tiere 4,1280525,2025,Germany,"семейный, фэнтези","Bernhard Jasper, Maggie Peren",7.071, Художественный,102.0
Школа мистера Пингвина ,The Pinguin Lessons,Школа мистера Пингвина,The Penguin Lessons,1086497,2025,"Spain, United Kingdom, United States of America",драма,Peter Cattaneo,7.149, Художественный,111.0
Школа чемпионов,,,,,,,,,,Документальный,65.0
Школа-студия МХАТ. Маленькая школа больших талантов,,,,,,,,,,Научно-популярный,130.0
Школьный автобус Гордон. Сезон 3,Gogobus 3,,,,,,,,,Анимационный,345.0
Шла Саша,,Шла Саша,Шла Саша,1538628,2025,Russia,"драма, комедия",Юля Войтюк,0.0, Художественный,92.0
Шмяк. Волшебная лавка Есении,,Шмяк. Волшебная лавка Есении,Шмяк. Волшебная лавка Есении,1219500,2023,Russia,"мультфильм, приключения, комедия","Alexandra Afanasyeva, Tatyana Moshkova, Andrey Bakhurin",0.0,Анимационный,60.0
Шопоголики,A Difficult Year,Шопоголики,Une année difficile,965791,2023,France,комедия,"Éric Toledano, Olivier Nakache",5.91, Художественный,120.0
Шпион на всю голову,Peter Five Eight,Шпион на всю голову,Peter Five Eight,974878,2024,United States of America,"боевик, триллер, комедия, драма",Michael Zaiko Hall,4.269, Художественный,102.0
"Шпион, которого не было",Rogue Agent,"Шпион, которого не было",Rogue Agent,846956,2022,"Germany, United Kingdom","триллер, драма","Adam Patterson, Declan Lawn",6.31, Художественный,116.0
Шпионская свадьба,Bride Hard,Шпионская свадьба,Bride Hard,1124619,2025,"United States of America, Cyprus","боевик, комедия",Саймон Уэст,5.6, Художественный,105.0
Шрамы Парижа,November,November,November,1424,2004,United States of America,"драма, детектив, триллер",Greg Harrison,4.88, Художественный,107.0
Шторм,,Шторм,Шторм,807297,1957,Soviet Union,"драма, история",Михаил Дубсон,8.0,Документальный,53.0
Шум за стеной,,,,,,,,,, Художественный,53.0
Шурале,,Шурале,Шурале,1468679,2026,Russia,"триллер, фэнтези",Алина Насибуллина,0.0,"Прочее (Учебный, Спектакль, …)",91.0
Шурале,,Шурале,Шурале,1468679,2026,Russia,"триллер, фэнтези",Алина Насибуллина,0.0, Художественный,91.0
Шёпот сердца,Whisper of the Heart,A Whisper In the Island Of the Heart,A Whisper In the Island Of the Heart,1033977,2022,,драма,Xiaowen Wang,0.0,Анимационный,111.0
Шёпоты и крики,Viskningar och Rop/Cries and Whispers,Шепоты и крики,Viskningar och rop,10238,1972,Sweden,драма,Ингмар Бергман,7.873, Художественный,91.0
ЩЕДРИН-СЮИТА,,Щедрин-сюита,Щедрин-сюита,1148325,2023,Russia,документальный,Lado Marganiya,2.5,Документальный,72.0
Щелкунчик,,Щелкунчик,Щелкунчик,84816,1973,Soviet Union,"мультфильм, музыка",Борис Степанцев,6.9, Художественный,89.0
Щелкунчик и волшебная флейта,,Щелкунчик и волшебная флейта,Щелкунчик и Волшебная Флейта,589759,2022,Russia,"мультфильм, семейный, фэнтези","Виктор Глухушин, Георгий Гитис",6.2,Анимационный,88.0
Щелкунчик убивает,Nutcracker Massacre,Щелкунчик убивает,Nutcracker Massacre,981323,2023,United Kingdom,ужасы,Becca Hirani,3.8, Художественный,82.0
Щит и меч,,Курчатов. Щит и меч холодной войны,Kurchatov. Shield and Sword of the Cold War,1407755,2023,Russia,"история, документальный",Svetlana Popova,0.0, Художественный,77.0
Щит и меч,,Курчатов. Щит и меч холодной войны,Kurchatov. Shield and Sword of the Cold War,1407755,2023,Russia,"история, документальный",Svetlana Popova,0.0, Художественный,75.0
Щит и меч,,Курчатов. Щит и меч холодной войны,Kurchatov. Shield and Sword of the Cold War,1407755,2023,Russia,"история, документальный",Svetlana Popova,0.0, Художественный,108.0
Щит и меч,,Курчатов. Щит и меч холодной войны,Kurchatov. Shield and Sword of the Cold War,1407755,2023,Russia,"история, документальный",Svetlana Popova,0.0, Художественный,83.0
ЭЙРЫ,,,,,,,,,,Документальный,60.0
ЭКЗОРЦИЗМ. ХРОНИКИ: НАЧАЛО,Exorcism Chronicles: The Beginning,Экзорцизм. Хроники: Начало,퇴마록,1233199,2025,South Korea,"мультфильм, фэнтези, ужасы, боевик",김동철,7.074,Анимационный,85.0
ЭЛИАС,ELYAS,Элиас,Elyas,1154215,2024,France,"боевик, триллер",Florent-Emilio Siri,6.2, Художественный,105.0
ЭЛЬБРУС. ТОЧКА НЕВОЗВРАТА,,Эльбрус. Точка невозврата,Эльбрус. Точка невозврата,1250345,2022,Russia,документальный,Кирилл Верхозин,0.0,Документальный,164.0
"ЭЛЬДОРАДО: ГОРОД ЗОЛОТА, ЭЛЬДОРАДО: ХРАМ СОЛНЦА",El Dorado,Эльдорадо,El Dorado,6644,1966,United States of America,"вестерн, драма",Говард Хоукс,7.4, Художественный,185.0
ЭРА,,Мстители: Эра Альтрона,Avengers: Age of Ultron,99861,2015,United States of America,"боевик, приключения, фантастика",Джосс Уидон,7.272, Художественный,106.0
ЭТ,,Эт,Эт,1162046,2023,Russia,"драма, комедия","Степан Бурнашев, Дмитрий Давыдов",10.0, Художественный,96.0
Эддингтон,Eddington,Эддингтон,Eddington,648878,2025,"United States of America, Finland","вестерн, комедия, криминал",Ари Астер,6.452, Художественный,149.0
Эдем,Eden,Дом в Эдеме,House on Eden,1362514,2025,United States of America,ужасы,Kris Collins,4.865, Художественный,130.0
Эдем (версия с субтитрами),Eden,Дом в Эдеме,House on Eden,1362514,2025,United States of America,ужасы,Kris Collins,4.865, Художественный,130.0
Эдем на Земле,,,,,,,,,,Научно-популярный,91.0
Эйгенграу,,Эйгенграу,Эйгенграу,1646621,2026,Russia,драма,Мурад Бегляров,0.0, Художественный,99.0
Экзорцизм,The Exorcism,Последнее пришествие дьявола,The Exorcism of God,836225,2022,"Mexico, United States of America, Venezuela","ужасы, криминал, драма, фэнтези",Alejandro Hidalgo,7.072, Художественный,94.0
Экзорцизм. Изгоняющий духов,The Spirit Hunter,The Spirit Hunter,The Spirit Hunter,370396,2004,United States of America,"ужасы, фэнтези",David Weidner,7.0, Художественный,104.0
Экспресс,,Экспресс,Экспресс,590561,2022,Russia,комедия,Руслан Братов,6.8, Художественный,78.0
Экстрасенс. Дело Софи,They Live in the Gray,Экстрасенс. Дело Софи,They Live in the Grey,892771,2022,United States of America,ужасы,"Burlee Vang, Abel Vang",4.786, Художественный,123.0
Элемент преступления,Element Of Crime,Anecdotes from The Element of Crime,Anecdotes from The Element of Crime,1208760,,,,,0.0, Художественный,103.0
Элла и черный ягуар,Le dernier jaguar,Элла и чёрный ягуар,Le Dernier Jaguar,959098,2024,France,"приключения, семейный",Gilles de Maistre,6.614, Художественный,100.0
Эллиот и магический шар,Return to the Wickensburg,Эллиот и магический шар,Return to Wickensburg,1251475,2024,Canada,"приключения, семейный",Richard Boddington,5.333, Художественный,88.0
"Эль Турко, серии 1-2",El Turco,Prim: el asesinato de la calle del Turco,Prim: el asesinato de la calle del Turco,311238,2014,Spain,"триллер, история, драма, телевизионный фильм",Miguel Bardem,4.9, Художественный,90.0
Эльф и украденное Рождество,Mission Santa: Yoyo to the rescue,Эльф и украденное Рождество,Mission Santa – Ein Elf rettet Weihnachten,1455686,2025,"Germany, India, United States of America","мультфильм, семейный, приключения","Ricard Cussó, Дамьян Митревски",5.2,Анимационный,96.0
Эмиграция,,Эмиграция,Эмиграция,1243109,2024,Russia,документальный,Katerina Potapova,0.0, Художественный,71.0
Эмиль и Элла,,Эмиль и Элла,Эмиль и Элла,1229948,2023,Russia,документальный,Elizaveta Makarova,0.0,Документальный,53.0
Эмир Самарканда,,Эмир Самарканда,Bahodir Yalangto'sh,1482286,2024,Uzbekistan,"история, военный",Jahongir Ahmedov,10.0, Художественный,143.0
Эмма в мире лам,,Эмма в мире лам,Emma's Big Adventure,1255069,2024,"China, Ireland, United States of America","мультфильм, приключения, семейный","Leo Lewis Liao, Dale Chen",7.0,Анимационный,80.0
Эммануэль,Emmanuelle,Эммануэль,Emmanuelle,24402,1974,France,"драма, мелодрама",Just Jaeckin,5.969, Художественный,97.0
Энди Уорхол. Мечта по-американски,Andy Warhol. The American Dream,Энди Уорхол. Мечта по-американски,Andy Warhol: Americký sen,1162185,2023,Slovakia,документальный,Ľubomír Slivka,7.5,Научно-популярный,98.0
Эннио. Маэстро,Ennio,Эннио. Маэстро,Ennio,396194,2022,"Belgium, China, Germany, Italy, Japan, Netherlands","документальный, музыка, история",Джузеппе Торнаторе,8.312,Документальный,156.0
Энтузиазм: Симфония Донбасса,,Ентузіязм. Симфонія Донбасу,Ентузіязм. Симфонія Донбасу,45176,1930,Soviet Union,документальный,Дзига Вертов,6.43,Документальный,65.0
Эпидемия: Вирус-32,Virus-32,Эпидемия: Вирус 32,Virus: 32,893370,2022,"Argentina, Uruguay, United States of America",ужасы,Gustavo Hernández,6.849, Художественный,90.0
Эра Коробова. Неизвестное об известном,,,,,,,,,,Документальный,102.0
Эра выживания,Vesper,Эра выживания,Vesper,976720,2022,"Belgium, France, Lithuania","фантастика, драма, приключения, фэнтези","Kristina Buozyte, Bruno Samper",6.3, Художественный,113.0
Эрнест и Селестина: Новые приключения,Ernest and Celestine: A trip to Gibberitia,Эрнест и Селестина: Новые приключения,Ernest et Célestine : Le Voyage en Charabie,947219,2022,"France, Luxembourg","мультфильм, семейный, музыка, приключения","Jean-Christophe Roger, Julien Chheng",7.2,Анимационный,80.0
Эскортница,,Эскортница,Эскортница,1073035,2023,Russia,мелодрама,Михаил Погосов,5.8, Художественный,90.0
Эскортницы,Girls to Buy,Эскортницы,Dziewczyny z Dubaju,881764,2021,Poland,"триллер, драма, криминал, боевик",Maria Sadowska,6.0, Художественный,143.0
Эта Любовь,,Эта любовь,Эта любовь,1090410,2023,Russia,"комедия, мелодрама",Eliza Martirosyan,0.0, Художественный,90.0
Эта безумная любовь,Waiting for Bojangles,Эта безумная любовь,En attendant Bojangles,851303,2021,"Belgium, France","драма, комедия, мелодрама",Régis Roinsard,7.382, Художественный,125.0
Этерна: Часть первая,,Этерна: Часть первая,Этерна: Часть первая,929085,2022,Russia,"фэнтези, драма, мелодрама, приключения",Evgeniy Nevskiy,4.818, Художественный,83.0
Это было в Донбассе,,Это было в Донбассе,Это было в Донбассе,483373,1945,Soviet Union,"военный, боевик, драма",Леонид Луков,7.5, Художественный,101.0
Это было в разведке,,Это было в разведке,Это было в разведке,642614,1969,Soviet Union,военный,Лев Мирский,6.333, Художественный,88.0
Это было у моря,,Это было у моря,Это было у моря,572725,1989,Soviet Union,драма,Аян Шахмалиева,5.0, Художественный,91.0
Это зачёт'но!,,,,,,,,,, Художественный,77.0
Это клиника,,,,,,,,,, Художественный,801.0
Это сладкое слово - свобода!,,Это сладкое слово - свобода!,Это сладкое слово - свобода!,206424,1972,Soviet Union,детектив,Витаутас Жалакявичюс,4.875, Художественный,143.0
Этому быть!,Beautiful Minds,Beautiful Young Minds,Beautiful Young Minds,264491,2007,United Kingdom,документальный,Morgan Matthews,6.9, Художественный,92.0
Этот новый мир,La croisade / The Crusade,Этот новый мир,La Croisade,842239,2021,France,"комедия, семейный",Луї Ґаррель,5.202, Художественный,67.0
Эффект Компассии,Compassion effect,Эффект компассии,Эффект компассии,1676279,2026,Russia,"комедия, мелодрама, фантастика, семейный","Евгений Сивков, Павел Кочетов, Евгений Кравченко",0.0, Художественный,113.0
Эффект парадокса,Paradox Effect,Эффект парадокса,Paradox Effect,1064375,2024,"Italy, United States of America","боевик, триллер",Скотт Вайнтроб,5.48, Художественный,88.0
Эффект хамелеона,,Эффект хамелеона,Эффект хамелеона,1439875,2025,Russia,драма,Александр Харламов,0.0, Художественный,96.0
ЮДИ Танец в темноте,,ЮДИ: Танец в темноте,ЮДИ: Танец в темноте,1322641,2024,Russia,документальный,Maxim Bashorin,0.0,Научно-популярный,98.0
Юлия Вревская,,Юлия Вревская,Юлия Вревская,547213,1977,"Bulgaria, Soviet Union","драма, история",Nikola Korabov,4.5, Художественный,138.0
Юнайтед,The United Way,Великий «Юнайтед»,The United Way,811959,2021,United Kingdom,документальный,Мэт Ходжсон,7.0,Документальный,94.0
Юнга Северного флота,,Юнга Северного флота,Юнга Северного флота,149840,1973,Soviet Union,"военный, драма",Vladimir Rogovoy,6.4, Художественный,84.0
Юность Петра,,Юность Петра,Юность Петра,150285,1981,"East Germany, Soviet Union","история, драма",Сергей Герасимов,6.8, Художественный,140.0
Юный вождь Виннету,Der junge Häuptling Winnetou,Юный вождь Виннету,Der junge Häuptling Winnetou,821292,2022,"Germany, Spain","семейный, приключения, вестерн",Mike Marzuk,4.1, Художественный,102.0
Юра дворник,,Юра дворник,Юра дворник,1055299,2023,Russia,"мелодрама, комедия",Виталий Дудка,7.0, Художественный,92.0
Юрий Бузиашвили. Профессия - доктор,,,,,,,,,,Документальный,83.0
Юрка,,Юрка,Юрка,1387413,2024,Russia,драма,Mikhail Muzalevsky,0.0, Художественный,86.0
Я,,Я иду искать 2,Ready or Not: Here I Come,1266127,2026,United States of America,"триллер, ужасы, комедия","Мэтт Беттинелли-Олпин, Тайлер Джиллетт",7.691, Художественный,76.0
Я - Мартин Парр,I am Martin Parr,Я — Мартин Парр,I Am Martin Parr,1371557,2024,"France, United Kingdom",документальный,Lee Shulman,7.643,Научно-популярный,66.0
Я - Сергей Образцов,,Я – Сергей Образцов,Я – Сергей Образцов,1042056,2023,Russia,"драма, история","Валерий Спирин, Екатерина Образцова",0.0, Художественный,85.0
Я - Черноморец!,,Я - черноморец,Я - черноморец,806553,1944,Soviet Union,"драма, военный",Александр Мачерет,0.0, Художественный,72.0
Я - значит Ястреб,H IS FOR HA WK ,Я — значит Ястреб,H Is for Hawk,1243006,2025,"United Kingdom, United States of America, Singapore",драма,Philippa Lowthorpe,7.0, Художественный,120.0
Я - значит Ястреб (Субтитры),H IS FOR HA WK ,,,,,,,,, Художественный,120.0
Я - капитан,Io capitano,Я – капитан,Io capitano,937746,2023,"Belgium, France, Italy","приключения, драма",Маттео Гарроне,7.791, Художественный,122.0
Я - медведь,,Я - медведь,Я - медведь,1161392,2024,Russia,комедия,Кирилл Кемниц,0.0, Художественный,97.0
Я БОГИНЯ,,Богиня: как я полюбила,Богиня: как я полюбила,36695,2004,Russia,драма,Рената Литвинова,4.262, Художественный,99.0
"Я БЫ ТЕБЯ ПНУЛА, ЕСЛИ БЫ МОГЛА","IF I HAD LEGS, I'D KICK YOU","Я бы тебя пнула, если бы могла",If I Had Legs I'd Kick You,1160360,2025,United States of America,драма,Мэри Бронштейн,6.351, Художественный,113.0
Я ИДУ ТЕБЯ ИСКАТЬ,,,,,,,,,, Художественный,113.0
Я НА ПЕРЕМОТКЕ!,,Я на перемотке!,Я на перемотке!,1034908,2022,Russia,"фантастика, комедия",Никита Владимиров,6.7, Художественный,88.0
Я ХОЧУ БЫТЬ СВЯТЫМ,,,,,,,,,,Документальный,90.0
Я буду жить,,Я буду жить,Я буду жить,1015243,2022,Russia,"драма, мелодрама",Эдуард Бордуков,6.2, Художественный,116.0
Я вас любил,,Я вас любил...,Я вас любил...,63582,1967,Soviet Union,"мелодрама, комедия, семейный",Илья Фрэз,5.5, Художественный,1860.0
Я видел дьявола,I Saw the Devil,I Saw the Devil,I Saw the Devil,1352581,,"South Korea, United States of America","боевик, криминал, ужасы, триллер",,0.0, Художественный,144.0
Я делаю шаг,,Я делаю шаг,Я делаю шаг,742074,2023,Russia,мелодрама,Ольга Акатьева,8.6, Художественный,115.0
Я же говорила,Te l'avevo detto,Я же говорила,Te l'avevo detto,976854,2024,Italy,драма,Ginevra Elkann,5.0, Художественный,100.0
Я иду домой,,Я иду домой,Я иду домой,1268328,2024,Russia,документальный,Владислав Рытков,6.4,Документальный,54.0
Я иду играть,,Я иду играть,Я иду играть,714567,2024,Russia,"ужасы, триллер",Анна Зайцева,6.275, Художественный,93.0
Я иду искать,,Я иду искать 2,Ready or Not: Here I Come,1266127,2026,United States of America,"триллер, ужасы, комедия","Мэтт Беттинелли-Олпин, Тайлер Джиллетт",7.691, Художественный,91.0
Я иду искать (Go searching),,,,,,,,,, Художественный,61.0
Я иду искать. Королевская игра,Hounded,Hounded,Hounded,786006,2010,,,Sydney Macartney,0.0, Художественный,94.0
Я краснею,Turning Red,Я Краснею,Turning Red,508947,2022,United States of America,"мультфильм, семейный, комедия, фэнтези",Domee Shi,7.329,Анимационный,100.0
Я купил папу,,Я купил папу,Я купил папу,160685,1963,Soviet Union,"семейный, комедия",Илья Фрэз,7.0, Художественный,77.0
Я люблю Вилли,I Heart Willie,I Heart Willie,I Heart Willie,1372605,2025,"Mexico, United States of America",ужасы,Alejandro G. Alegre,4.4, Художественный,88.0
Я найду тебя ,I'll Find You,Я найду тебя,I'll Find You,604176,2019,"Poland, United States of America","военный, музыка, мелодрама",Martha Coolidge,5.5, Художественный,115.0
"Я найду тебя, отец!",,,,,,,,,,Документальный,75.0
Я начинаю видеть свет,,Я начинаю видеть свет,I'm Beginning To See the Light,1109202,2024,United States of America,драма,Константин Худяков,7.7, Художественный,101.0
Я не вернулся с войны,,,,,,,,,,Документальный,76.0
Я не киллер,HitMan,Хитмэн,Hitman,1620,2007,"France, United States of America, United Kingdom, Turkey","боевик, триллер, драма",Xavier Gens,6.2, Художественный,115.0
Я не хочу тебя терять,,,,,,,,,, Художественный,154.0
Я помню,I remember,I Remember,I Remember,186850,1999,United States of America,мелодрама,"Avi Zev Weider, David Chartier",7.0, Художественный,99.0
Я с тобой задыхаюсь,,Я с тобой задыхаюсь,Я с тобой задыхаюсь,1452324,2025,Russia,"драма, мелодрама",Иван Пшенин,0.0, Художественный,74.0
Я слежу за тобой,Following,Преследование,Following,11660,1999,"United Kingdom, United States of America","драма, триллер",Кристофер Нолан,7.126, Художественный,103.0
Я тебя никогда не забуду,,Я тебя никогда не забуду,Я тебя никогда не забуду,642875,1984,Soviet Union,мелодрама,Павел Кадочников,7.0, Художественный,81.0
Я тебя слышу,,Я тебя слышу,Я тебя слышу,1309465,2024,Russia,драма,Вахтанг Жоржолиани,7.8, Художественный,60.0
Я хочу! Я буду!,,Я хочу! Я буду!,Я хочу! Я буду!,1103993,2023,Russia,"комедия, мелодрама",Павел Воронин,8.0, Художественный,87.0
Я-бывший алкоголик,,,,,,,,,, Художественный,65.0
Я-кот ,Cicaverzum,Я — кот,Cicaverzum,984185,2023,Hungary,"мелодрама, комедия",Szeleczki Rozália,5.3, Художественный,91.0
ЯРЧЕ,,Ярче,Ярче,1296584,2022,Russia,драма,Павел Королько,0.0,Научно-популярный,58.0
Яга и книга заклинаний,,Яга и книга заклинаний,Яга и книга заклинаний,558090,2023,Russia,"мультфильм, семейный, приключения",Vladimir Sakov,6.4,Анимационный,99.0
Яга на нашу голову,,Яга на нашу голову,Яга на нашу голову,1447053,2025,Russia,"фэнтези, семейный, комедия",Александр Войтинский,6.3, Художественный,84.0
Яйцо Фаберже,,Яйцо Фаберже,Яйцо Фаберже,915000,2022,Russia,комедия,Илья Фарфель,3.8, Художественный,88.0
Яйцо ангела (дубляж Paragraph Media),Tenshi no tamago,Яйцо ангела,天使の卵,149720,2006,Japan,драма,冨樫森,6.5,Анимационный,71.0
Яйцо ангела (дубляж Reanimedia),Tenshi no tamago,Яйцо ангела,天使の卵,149720,2006,Japan,драма,冨樫森,6.5,Анимационный,71.0
Яйцо ангела (субтитры),Tenshi no tamago,Яйцо ангела,天使の卵,149720,2006,Japan,драма,冨樫森,6.5,Анимационный,71.0
Янив,Yaniv,Yaniv,Yaniv,1190720,2024,,"комедия, драма",Amnon Carmi,0.0, Художественный,84.0
"Ярославна, королева Франции",,"Ярославна, королева Франции","Ярославна, королева Франции",464377,1978,Soviet Union,"история, приключения",Игорь Масленников,5.25, Художественный,93.0
Яростный волк,Lobo feroz,Яростный волк,Lobo feroz,800085,2023,"Spain, Uruguay","драма, триллер",Gustavo Hernández,6.907, Художественный,106.0
Ярость,Just Breathe,Ярость,Just Breathe,1257778,2025,United States of America,триллер,Пол Помпа III,6.182, Художественный,97.0
Ячейка общества,,Ячейка общества,Ячейка общества,1309441,2024,Russia,драма,Алёна Званцова,0.0, Художественный,92.0
Ящерка вернётся,,,,,,,,,, Художественный,105.0
было не было,,Которого не было,Которого не было,324215,2011,Russia,драма,Рамиль Салахутдинов,5.0, Художественный,89.0
естественная история,natural history,Natural History,Natural History,817497,1989,United States of America,,Barry Ellsworth,0.0,"Прочее (Учебный, Спектакль, …)",77.0
любила,,"Всем парням, которых я любила",To All the Boys I've Loved Before,466282,2018,United States of America,"комедия, мелодрама",Susan Johnson,7.594, Художественный,100.0
мечта,Topside,Американская «мечта»,Topside,665899,2022,United States of America,драма,"Селин Хелд, Логан Джордж",6.7, Художественный,90.0
о рыбах,,О рыбах,О рыбах,1545975,,Russia,драма,Тимофей Анисимов,0.0, Художественный,80.0
сНежный человек,,Снежный человек,Снежный человек,900219,2008,Russia,"комедия, телевизионный фильм",Konstantin Charmadov,0.0, Художественный,93.0
